order_id,store_id,city,partner_id,promised_time_min,actual_time_min,distance_one_way_km,distance_return_km,delay_reason
O50000,S116,Mumbai,P2021,24.0,32,6.5,6.59,Weather
O50001,S127,Bangalore,P2272,19.0,17,2.87,2.53,
O50002,S101,Bangalore,P2275,16.0,20,5.39,4.5,Traffic
O50003,S124,Hyderabad,P2169,39.0,47,4.43,3.8,
O50004,S110,Bangalore,P2250,17.0,13,6.78,6.15,
O50005,S133,Delhi,P2275,32.0,36,1.28,1.31,Store Delay
O50006,S110,Bangalore,P2244,16.0,13,1.99,1.95,
O50007,S109,Delhi,P2155,34.0,29,5.01,4.76,
O50008,S114,Mumbai,P2052,24.0,34,3.38,3.41,Traffic
O50009,S124,Hyderabad,P2250,,33,5.71,5.03,
O50010,S100,Mumbai,P2032,,43,1.46,1.03,Traffic
O50011,S110,Bangalore,P2277,19.0,22,6.05,4.42,Partner Late
O50012,S130,Mumbai,P2168,22.0,29,6.77,5.5,Store Delay
O50013,S100,Mumbai,P2242,25.0,21,6.61,5.38,
O50014,S133,Delhi,P2082,22.0,26,1.6,1.65,System Issue
O50015,S131,Delhi,P2064,28.0,26,6.54,6.47,
O50016,S131,Delhi,P2153,24.0,44,4.95,4.32,Traffic
O50017,S113,Mumbai,P2288,39.0,41,4.88,3.79,Traffic
O50018,S109,Delhi,P2287,21.0,32,3.51,3.04,Store Delay
O50019,S112,Delhi,P2013,37.0,46,6.77,5.49,Store Delay
O50020,S126,Delhi,P2159,27.0,38,4.48,4.77,Store Delay
O50021,S125,Mumbai,P2013,15.0,18,2.6,2.7,Weather
O50022,S121,Hyderabad,P2010,29.0,35,2.84,2.02,Weather
O50023,S111,Bangalore,P2114,15.0,12,2.73,2.56,
O50024,S114,Mumbai,P2108,22.0,24,1.8,1.72,
O50025,S134,Delhi,P2170,37.0,33,6.6,5.24,
O50026,S116,Mumbai,P2023,24.0,31,2.07,1.63,Traffic
O50027,S128,Bangalore,P2292,33.0,40,4.17,4.1,Traffic
O50028,S123,Delhi,P2094,26.0,26,2.36,1.82,
O50029,S137,Mumbai,P2000,39.0,47,4.58,4.76,Store Delay
O50030,S128,Bangalore,P2116,25.0,26,6.8,5.37,Traffic
O50031,S114,Mumbai,P2292,37.0,41,1.25,0.91,Store Delay
O50032,S134,Delhi,P2221,23.0,32,0.64,0.47,Traffic
O50033,S131,Delhi,P2005,30.0,20,6.86,6.22,
O50034,S109,Delhi,P2003,30.0,41,7.09,5.03,Traffic
O50035,S134,Delhi,P2006,16.0,20,3.37,2.83,Traffic
O50036,S123,Delhi,P2121,16.0,18,3.27,3.18,Store Delay
O50037,S100,Mumbai,P2143,25.0,46,4.36,4.05,Store Delay
O50038,S125,Mumbai,P2292,19.0,30,3.52,2.73,Partner Late
O50039,S105,Delhi,P2237,16.0,16,5.83,6.21,
O50040,S100,Mumbai,P2214,19.0,24,2.95,3.18,Store Delay
O50041,S117,Delhi,P2032,17.0,10,2.96,2.35,
O50042,S131,Delhi,P2213,32.0,42,2.62,2.33,Store Delay
O50043,S119,Mumbai,P2086,38.0,49,4.46,3.43,Partner Late
O50044,S103,Bangalore,P2140,30.0,31,2.82,2.6,System Issue
O50045,S126,Delhi,P2042,37.0,36,2.13,1.52,
O50046,S107,Mumbai,P2154,17.0,20,7.67,7.83,Store Delay
O50047,S100,Mumbai,P2153,33.0,44,3.39,2.6,Traffic
O50048,S138,Delhi,P2021,36.0,51,7.75,7.11,Partner Late
O50049,S132,Delhi,P2189,37.0,40,3.76,3.2,Partner Late
O50050,S125,Mumbai,P2262,29.0,25,4.1,3.26,
O50051,S122,Mumbai,P2270,23.0,28,7.14,5.13,Store Delay
O50052,S139,Mumbai,P2272,28.0,37,6.64,5.51,Traffic
O50053,S138,Delhi,P2162,32.0,30,4.81,4.97,
O50054,S114,Mumbai,P2232,21.0,20,4.66,4.2,
O50055,S108,Mumbai,P2261,34.0,44,4.49,4.52,Partner Late
O50056,S104,Hyderabad,P2115,38.0,44,3.54,3.27,Store Delay
O50057,S118,Hyderabad,P2035,38.0,38,7.32,6.94,
O50058,S105,Delhi,P2083,36.0,41,4.63,3.34,Traffic
O50059,S130,Mumbai,P2014,26.0,30,2.52,2.01,Weather
O50060,S115,Hyderabad,P2133,19.0,22,4.76,4.98,Traffic
O50061,S122,Mumbai,P2260,19.0,16,1.16,0.99,
O50062,S100,Mumbai,P2216,16.0,30,2.47,1.85,Traffic
O50063,S135,Bangalore,P2293,34.0,35,6.62,5.5,
O50064,S124,Hyderabad,P2065,25.0,30,7.73,7.75,
O50065,S137,Mumbai,P2082,22.0,12,7.54,5.4,
O50066,S137,Mumbai,P2022,23.0,32,6.4,5.32,Partner Late
O50067,S127,Bangalore,P2036,18.0,16,4.86,5.22,
O50068,S112,Delhi,P2106,19.0,44,4.17,3.47,Traffic
O50069,S109,Delhi,P2249,38.0,49,7.59,7.38,Store Delay
O50070,S138,Delhi,P2167,27.0,29,3.79,3.29,Store Delay
O50071,S122,Mumbai,P2268,25.0,23,7.66,5.46,
O50072,S130,Mumbai,P2060,36.0,36,5.23,4.8,
O50073,S113,Mumbai,P2270,26.0,27,1.15,0.85,Store Delay
O50074,S122,Mumbai,P2175,18.0,27,3.27,2.95,Traffic
O50075,S103,Bangalore,P2270,31.0,28,3.61,2.7,
O50076,S113,Mumbai,P2016,32.0,25,7.98,7.79,
O50077,S126,Delhi,P2083,34.0,31,3.74,3.7,
O50078,S124,Hyderabad,P2031,25.0,39,2.12,1.51,Traffic
O50079,S102,Delhi,P2264,,35,6.3,5.13,
O50080,S105,Delhi,P2071,38.0,37,4.57,3.84,
O50081,S107,Mumbai,P2146,16.0,17,6.39,4.72,Store Delay
O50082,S121,Hyderabad,P2027,33.0,44,0.62,0.61,
O50083,S110,Bangalore,P2188,24.0,17,3.95,3.55,
O50084,S115,Hyderabad,P2164,32.0,51,7.18,5.36,Partner Late
O50085,S119,Mumbai,P2100,30.0,41,1.53,1.56,Store Delay
O50086,S137,Mumbai,P2203,15.0,12,5.02,3.63,
O50087,S122,Mumbai,P2031,21.0,22,2.78,2.09,Traffic
O50088,S120,Delhi,P2204,34.0,49,7.51,7.79,Store Delay
O50089,S118,Hyderabad,P2102,23.0,40,0.5,0.35,Store Delay
O50090,S121,Hyderabad,P2004,27.0,22,7.11,6.26,
O50091,S112,Delhi,P2221,39.0,39,5.52,4.25,
O50092,S138,Delhi,P2061,27.0,28,3.89,3.42,Store Delay
O50093,S136,Bangalore,P2243,26.0,18,2.44,1.85,
O50094,S116,Mumbai,P2111,28.0,46,4.49,3.76,System Issue
O50095,S137,Mumbai,P2104,26.0,38,3.33,2.51,Store Delay
O50096,S110,Bangalore,P2189,38.0,39,3.0,2.54,System Issue
O50097,S110,Bangalore,P2205,18.0,14,0.66,0.55,
O50098,S103,Bangalore,P2203,33.0,34,3.29,2.68,Traffic
O50099,S124,Hyderabad,P2275,20.0,21,4.0,3.7,Traffic
O50100,S107,Mumbai,P2263,36.0,42,0.53,0.39,Store Delay
O50101,S112,Delhi,P2011,19.0,40,5.26,4.59,Store Delay
O50102,S116,Mumbai,P2271,25.0,34,1.2,1.12,Traffic
O50103,S131,Delhi,P2144,36.0,52,5.1,3.73,Traffic
O50104,S120,Delhi,P2280,23.0,21,2.29,2.11,
O50105,S120,Delhi,P2180,18.0,27,1.77,1.74,Weather
O50106,S100,Mumbai,P2157,30.0,25,6.55,6.75,
O50107,S111,Bangalore,P2016,29.0,21,5.49,4.42,
O50108,S129,Delhi,P2079,36.0,30,7.41,5.51,
O50109,S139,Mumbai,P2001,35.0,37,2.4,1.7,Traffic
O50110,S132,Delhi,P2131,18.0,-10,7.87,6.58,Store Delay
O50111,S124,Hyderabad,P2261,18.0,25,5.46,4.06,Store Delay
O50112,S111,Bangalore,P2023,25.0,25,6.07,5.62,
O50113,S103,Bangalore,P2276,24.0,28,3.44,3.72,Store Delay
O50114,S128,Bangalore,P2263,25.0,33,1.34,1.44,Traffic
O50115,S103,Bangalore,P2207,32.0,36,3.65,3.92,Traffic
O50116,S136,Bangalore,P2134,32.0,43,2.94,2.93,Traffic
O50117,S132,Delhi,P2035,32.0,42,2.33,2.34,Partner Late
O50118,S104,Hyderabad,P2290,26.0,38,1.42,1.25,
O50119,S114,Mumbai,P2224,28.0,32,2.09,1.8,Partner Late
O50120,S112,Delhi,P2067,28.0,29,6.69,6.62,Traffic
O50121,S130,Mumbai,P2180,31.0,48,6.04,5.99,Traffic
O50122,S113,Mumbai,P2235,26.0,44,6.26,5.2,Store Delay
O50123,S136,Bangalore,P2133,16.0,27,0.9,0.88,Traffic
O50124,S105,Delhi,P2061,37.0,40,5.38,4.1,Store Delay
O50125,S102,Delhi,P2034,23.0,16,5.96,6.44,
O50126,S124,Hyderabad,P2144,33.0,30,2.68,2.42,
O50127,S126,Delhi,P2179,15.0,10,3.14,2.44,
O50128,S110,Bangalore,P2102,16.0,18,4.61,3.51,Partner Late
O50129,S113,Mumbai,P2108,37.0,40,6.4,5.14,Traffic
O50130,S130,Mumbai,P2242,17.0,12,2.92,2.37,
O50131,S135,Bangalore,P2207,33.0,41,6.31,5.35,Partner Late
O50132,S115,Hyderabad,P2046,24.0,26,6.18,6.12,Traffic
O50133,S118,Hyderabad,P2291,27.0,22,6.36,4.69,
O50134,S124,Hyderabad,P2260,21.0,23,1.16,1.22,Store Delay
O50135,S102,Delhi,P2135,25.0,26,3.6,3.24,Traffic
O50136,S139,Mumbai,P2172,28.0,40,5.84,5.27,Partner Late
O50137,S134,Delhi,P2070,16.0,14,4.07,3.79,
O50138,S121,Hyderabad,P2012,24.0,15,5.98,4.25,
O50139,S105,Delhi,P2015,26.0,35,7.13,6.23,Partner Late
O50140,S139,Mumbai,P2064,24.0,30,6.51,5.75,Traffic
O50141,S108,Mumbai,P2119,37.0,30,5.8,5.17,
O50142,S116,Mumbai,P2142,37.0,39,2.5,2.57,Store Delay
O50143,S105,Delhi,P2071,,23,6.55,7.11,
O50144,S116,Mumbai,P2216,38.0,36,0.83,0.61,
O50145,S112,Delhi,P2024,15.0,39,6.71,5.09,Partner Late
O50146,S129,Delhi,P2196,28.0,31,3.49,2.95,Store Delay
O50147,S123,Delhi,P2105,15.0,25,3.99,3.74,Partner Late
O50148,S134,Delhi,P2075,17.0,17,3.78,3.79,
O50149,S130,Mumbai,P2156,15.0,12,2.84,2.6,
O50150,S124,Hyderabad,P2236,33.0,49,2.99,2.28,Traffic
O50151,S105,Delhi,P2101,18.0,31,5.62,4.54,
O50152,S133,Delhi,P2093,31.0,35,5.21,4.62,Traffic
O50153,S119,Mumbai,P2001,30.0,30,2.8,2.17,
O50154,S121,Hyderabad,P2121,38.0,50,6.17,6.34,Partner Late
O50155,S103,Bangalore,P2127,21.0,46,5.53,5.19,Traffic
O50156,S127,Bangalore,P2149,17.0,23,6.17,6.62,Partner Late
O50157,S119,Mumbai,P2268,15.0,33,2.34,1.78,Traffic
O50158,S117,Delhi,P2289,29.0,26,6.7,5.37,
O50159,S118,Hyderabad,P2136,25.0,23,1.78,1.33,
O50160,S108,Mumbai,P2014,26.0,42,7.75,8.24,Partner Late
O50161,S108,Mumbai,P2091,27.0,36,7.57,7.59,Partner Late
O50162,S102,Delhi,P2101,17.0,20,6.43,4.66,Store Delay
O50163,S110,Bangalore,P2136,18.0,14,1.02,0.94,
O50164,S130,Mumbai,P2153,35.0,44,1.61,1.27,Store Delay
O50165,S103,Bangalore,P2117,18.0,13,0.55,0.46,
O50166,S122,Mumbai,P2235,24.0,29,1.12,0.81,
O50167,S114,Mumbai,P2177,23.0,35,1.6,1.21,Store Delay
O50168,S128,Bangalore,P2043,30.0,25,5.75,5.89,
O50169,S113,Mumbai,P2140,18.0,27,2.41,2.57,Traffic
O50170,S108,Mumbai,P2067,23.0,27,3.06,3.16,System Issue
O50171,S133,Delhi,P2116,34.0,36,6.87,5.74,Traffic
O50172,S135,Bangalore,P2030,39.0,43,1.15,1.22,Traffic
O50173,S100,Mumbai,P2075,20.0,24,7.83,6.07,Partner Late
O50174,S133,Delhi,P2110,21.0,14,2.17,1.74,
O50175,S134,Delhi,P2193,31.0,39,4.33,3.29,Store Delay
O50176,S125,Mumbai,P2063,26.0,31,4.32,4.05,Store Delay
O50177,S113,Mumbai,P2225,19.0,22,2.26,2.02,Traffic
O50178,S119,Mumbai,P2219,23.0,27,5.15,3.81,Weather
O50179,S111,Bangalore,P2015,19.0,26,4.95,4.78,Store Delay
O50180,S103,Bangalore,P2026,35.0,46,4.32,4.41,Traffic
O50181,S139,Mumbai,P2195,35.0,31,3.06,3.16,
O50182,S137,Mumbai,P2217,38.0,48,7.33,6.63,Traffic
O50183,S106,Delhi,P2243,19.0,22,3.29,3.14,Partner Late
O50184,S134,Delhi,P2273,28.0,39,6.99,5.55,Partner Late
O50185,S133,Delhi,P2136,15.0,12,0.7,0.71,
O50186,S123,Delhi,P2167,28.0,38,6.02,4.92,Store Delay
O50187,S123,Delhi,P2087,39.0,64,6.06,4.74,Traffic
O50188,S137,Mumbai,P2077,23.0,22,4.62,3.29,
O50189,S120,Delhi,P2116,39.0,47,5.26,4.57,Store Delay
O50190,S117,Delhi,P2145,31.0,29,1.6,1.39,
O50191,S113,Mumbai,P2094,22.0,21,1.53,1.21,
O50192,S102,Delhi,P2261,21.0,31,1.67,1.54,Traffic
O50193,S134,Delhi,P2292,21.0,50,5.72,4.87,Store Delay
O50194,S130,Mumbai,P2024,35.0,43,2.44,2.02,Store Delay
O50195,S136,Bangalore,P2019,28.0,36,3.5,3.85,Traffic
O50196,S118,Hyderabad,P2262,32.0,64,5.3,4.47,System Issue
O50197,S138,Delhi,P2069,38.0,52,2.06,1.71,Partner Late
O50198,S122,Mumbai,P2071,34.0,44,2.33,2.0,Store Delay
O50199,S112,Delhi,P2189,30.0,25,5.96,5.63,
O50200,S128,Bangalore,P2218,33.0,25,5.84,4.91,
O50201,S118,Hyderabad,P2028,19.0,29,0.54,0.59,Store Delay
O50202,S120,Delhi,P2222,33.0,57,1.34,1.11,
O50203,S106,Delhi,P2008,24.0,39,5.68,5.5,Store Delay
O50204,S125,Mumbai,P2284,18.0,19,7.73,6.42,Partner Late
O50205,S104,Hyderabad,P2097,32.0,31,7.3,7.68,
O50206,S123,Delhi,P2009,28.0,41,3.11,3.35,Store Delay
O50207,S126,Delhi,P2264,15.0,10,3.97,3.81,
O50208,S112,Delhi,P2077,24.0,34,2.06,2.11,Traffic
O50209,S107,Mumbai,P2060,21.0,34,5.23,5.25,System Issue
O50210,S134,Delhi,P2008,18.0,15,4.44,3.25,
O50211,S130,Mumbai,P2147,33.0,27,5.2,4.35,
O50212,S134,Delhi,P2044,38.0,42,2.88,2.52,Traffic
O50213,S101,Bangalore,P2037,22.0,30,1.26,0.94,Traffic
O50214,S116,Mumbai,P2141,20.0,19,1.93,1.83,
O50215,S135,Bangalore,P2072,31.0,37,3.46,2.64,Weather
O50216,S107,Mumbai,P2214,37.0,35,2.03,1.5,
O50217,S100,Mumbai,P2277,30.0,38,1.7,1.29,Partner Late
O50218,S107,Mumbai,P2234,19.0,26,1.98,1.4,Weather
O50219,S116,Mumbai,P2075,35.0,38,3.8,3.81,Store Delay
O50220,S123,Delhi,P2214,25.0,27,4.16,4.49,Partner Late
O50221,S104,Hyderabad,P2272,38.0,43,5.87,4.6,Traffic
O50222,S133,Delhi,P2156,27.0,45,3.58,2.77,Store Delay
O50223,S117,Delhi,P2128,22.0,18,3.66,4.01,
O50224,S127,Bangalore,P2030,34.0,30,7.25,5.49,
O50225,S121,Hyderabad,P2037,23.0,16,1.48,1.18,
O50226,S130,Mumbai,P2116,35.0,45,1.45,1.19,System Issue
O50227,S122,Mumbai,P2255,30.0,26,7.54,6.04,
O50228,S111,Bangalore,P2080,38.0,34,6.55,6.1,
O50229,S108,Mumbai,P2247,38.0,46,2.01,1.83,Traffic
O50230,S133,Delhi,P2062,37.0,42,4.03,4.0,Traffic
O50231,S139,Mumbai,P2278,27.0,45,5.91,4.2,Store Delay
O50232,S127,Bangalore,P2115,33.0,32,4.15,3.51,
O50233,S116,Mumbai,P2217,29.0,54,3.02,2.52,Traffic
O50234,S131,Delhi,P2233,21.0,33,6.36,5.97,Traffic
O50235,S110,Bangalore,P2207,27.0,34,5.91,6.22,
O50236,S106,Delhi,P2253,18.0,21,4.82,5.29,Partner Late
O50237,S125,Mumbai,P2289,21.0,29,1.73,1.67,Store Delay
O50238,S113,Mumbai,P2096,33.0,42,4.63,4.89,Traffic
O50239,S109,Delhi,P2057,38.0,49,2.98,2.41,Store Delay
O50240,S127,Bangalore,P2252,23.0,52,0.61,0.5,Store Delay
O50241,S106,Delhi,P2135,20.0,48,5.66,5.77,Store Delay
O50242,S110,Bangalore,P2275,17.0,27,3.74,3.29,Partner Late
O50243,S125,Mumbai,P2026,21.0,19,0.91,0.9,
O50244,S118,Hyderabad,P2143,36.0,32,2.2,1.6,
O50245,S126,Delhi,P2103,27.0,30,1.63,1.73,Partner Late
O50246,S111,Bangalore,P2131,23.0,27,6.14,5.09,Store Delay
O50247,S114,Mumbai,P2173,28.0,37,6.2,4.84,Traffic
O50248,S117,Delhi,P2081,22.0,23,3.62,2.93,System Issue
O50249,S120,Delhi,P2117,18.0,26,0.63,0.49,Partner Late
O50250,S113,Mumbai,P2042,16.0,29,3.97,3.01,Traffic
O50251,S104,Hyderabad,P2246,,32,3.77,3.92,Store Delay
O50252,S125,Mumbai,P2024,35.0,33,7.21,5.92,
O50253,S121,Hyderabad,P2110,33.0,42,7.36,6.29,Traffic
O50254,S111,Bangalore,P2036,27.0,29,3.0,3.22,Store Delay
O50255,S100,Mumbai,P2082,39.0,40,3.5,2.79,Store Delay
O50256,S133,Delhi,P2127,37.0,52,6.01,6.04,Traffic
O50257,S137,Mumbai,P2040,16.0,15,7.36,7.23,
O50258,S106,Delhi,P2111,20.0,26,4.75,4.06,
O50259,S131,Delhi,P2048,25.0,30,2.86,2.67,Traffic
O50260,S104,Hyderabad,P2022,37.0,32,5.43,4.73,
O50261,S129,Delhi,P2200,34.0,39,1.4,1.11,Store Delay
O50262,S114,Mumbai,P2032,26.0,20,6.73,5.77,
O50263,S107,Mumbai,P2134,31.0,59,3.32,2.57,Traffic
O50264,S124,Hyderabad,P2066,26.0,32,4.05,3.98,Store Delay
O50265,S108,Mumbai,P2048,24.0,26,4.82,5.14,Partner Late
O50266,S131,Delhi,P2005,19.0,22,5.24,3.72,Traffic
O50267,S130,Mumbai,P2271,27.0,25,7.73,8.46,
O50268,S105,Delhi,P2272,28.0,31,2.76,2.09,Weather
O50269,S138,Delhi,P2048,20.0,43,6.47,5.91,Traffic
O50270,S110,Bangalore,P2152,34.0,39,6.2,5.94,Store Delay
O50271,S118,Hyderabad,P2278,16.0,10,2.67,2.37,
O50272,S101,Bangalore,P2297,17.0,25,4.47,4.65,Traffic
O50273,S128,Bangalore,P2262,18.0,22,1.47,1.52,Traffic
O50274,S110,Bangalore,P2227,27.0,22,6.29,6.04,
O50275,S115,Hyderabad,P2079,31.0,39,4.86,4.27,Traffic
O50276,S130,Mumbai,P2168,27.0,27,7.57,6.75,
O50277,S114,Mumbai,P2131,32.0,33,2.9,3.03,Traffic
O50278,S100,Mumbai,P2174,35.0,38,7.64,7.83,Partner Late
O50279,S102,Delhi,P2187,35.0,40,4.29,3.3,Store Delay
O50280,S104,Hyderabad,P2046,22.0,26,1.15,1.09,Store Delay
O50281,S139,Mumbai,P2130,30.0,28,4.48,4.3,
O50282,S105,Delhi,P2240,36.0,36,0.57,0.49,
O50283,S117,Delhi,P2210,15.0,18,0.68,0.5,Store Delay
O50284,S131,Delhi,P2181,37.0,56,1.61,1.31,Weather
O50285,S119,Mumbai,P2103,19.0,29,2.2,2.36,Store Delay
O50286,S133,Delhi,P2038,17.0,19,4.64,3.89,Partner Late
O50287,S112,Delhi,P2118,36.0,28,6.75,7.26,
O50288,S135,Bangalore,P2083,33.0,41,7.83,6.03,Traffic
O50289,S121,Hyderabad,P2272,19.0,11,6.53,5.64,
O50290,S121,Hyderabad,P2044,30.0,34,3.76,2.87,Store Delay
O50291,S104,Hyderabad,P2034,34.0,41,1.75,1.73,System Issue
O50292,S139,Mumbai,P2128,21.0,20,6.97,7.62,
O50293,S130,Mumbai,P2096,28.0,38,1.03,1.02,Traffic
O50294,S135,Bangalore,P2262,17.0,23,1.05,0.91,System Issue
O50295,S129,Delhi,P2147,19.0,18,3.85,3.25,
O50296,S135,Bangalore,P2229,22.0,15,3.68,3.81,
O50297,S107,Mumbai,P2222,21.0,21,2.63,2.01,
O50298,S100,Mumbai,P2050,18.0,14,6.52,5.76,
O50299,S119,Mumbai,P2052,21.0,18,2.64,2.89,
O50300,S110,Bangalore,P2057,30.0,42,0.72,0.78,Store Delay
O50301,S133,Delhi,P2108,31.0,29,2.56,2.57,
O50302,S128,Bangalore,P2234,26.0,35,7.19,7.12,Store Delay
O50303,S122,Mumbai,P2004,29.0,29,4.96,4.75,
O50304,S135,Bangalore,P2046,26.0,37,7.19,6.46,Traffic
O50305,S121,Hyderabad,P2044,24.0,32,3.61,3.44,System Issue
O50306,S112,Delhi,P2276,22.0,42,3.22,2.64,Traffic
O50307,S119,Mumbai,P2243,26.0,46,1.69,1.54,
O50308,S117,Delhi,P2214,18.0,38,2.79,2.26,Traffic
O50309,S112,Delhi,P2163,22.0,26,1.51,1.4,Traffic
O50310,S101,Bangalore,P2000,20.0,23,0.91,0.97,Store Delay
O50311,S121,Hyderabad,P2238,19.0,22,1.55,1.35,Store Delay
O50312,S108,Mumbai,P2094,37.0,50,1.11,0.78,Traffic
O50313,S115,Hyderabad,P2031,28.0,30,6.11,6.07,Traffic
O50314,S111,Bangalore,P2270,16.0,20,4.4,4.38,Traffic
O50315,S106,Delhi,P2017,33.0,33,3.85,2.73,
O50316,S101,Bangalore,P2228,24.0,48,4.91,3.92,Store Delay
O50317,S115,Hyderabad,P2132,30.0,46,7.42,5.8,
O50318,S124,Hyderabad,P2078,34.0,30,3.58,2.63,
O50319,S116,Mumbai,P2205,20.0,25,5.89,5.79,Store Delay
O50320,S119,Mumbai,P2153,29.0,36,5.14,4.09,
O50321,S115,Hyderabad,P2197,22.0,37,6.32,5.19,
O50322,S134,Delhi,P2074,19.0,20,7.42,7.32,Partner Late
O50323,S135,Bangalore,P2274,38.0,32,0.74,0.61,
O50324,S129,Delhi,P2074,24.0,47,7.78,5.88,Store Delay
O50325,S118,Hyderabad,P2153,15.0,18,2.21,1.75,Store Delay
O50326,S111,Bangalore,P2209,24.0,37,6.88,5.01,
O50327,S120,Delhi,P2146,30.0,33,0.68,0.65,Store Delay
O50328,S121,Hyderabad,P2252,31.0,30,3.05,3.2,
O50329,S126,Delhi,P2264,19.0,25,4.78,3.41,Store Delay
O50330,S121,Hyderabad,P2118,23.0,35,7.77,7.23,Partner Late
O50331,S111,Bangalore,P2101,21.0,22,2.32,2.25,Partner Late
O50332,S107,Mumbai,P2281,33.0,52,7.84,7.7,Store Delay
O50333,S132,Delhi,P2268,21.0,35,0.97,0.99,Store Delay
O50334,S103,Bangalore,P2067,39.0,40,1.12,0.89,Traffic
O50335,S136,Bangalore,P2074,30.0,30,7.33,7.96,
O50336,S124,Hyderabad,P2093,35.0,40,1.53,1.66,Store Delay
O50337,S121,Hyderabad,P2080,18.0,21,5.66,5.98,Partner Late
O50338,S109,Delhi,P2137,32.0,39,1.8,1.75,Traffic
O50339,S103,Bangalore,P2163,22.0,22,1.1,0.8,
O50340,S132,Delhi,P2204,39.0,45,1.61,1.68,Store Delay
O50341,S105,Delhi,P2025,36.0,56,3.82,3.58,Store Delay
O50342,S103,Bangalore,P2232,19.0,28,0.76,0.58,Traffic
O50343,S108,Mumbai,P2256,33.0,38,6.55,6.78,Partner Late
O50344,S130,Mumbai,P2223,27.0,27,2.17,1.99,
O50345,S109,Delhi,P2170,27.0,23,6.57,5.46,
O50346,S124,Hyderabad,P2025,28.0,35,2.05,1.78,Traffic
O50347,S124,Hyderabad,P2016,24.0,26,1.05,0.97,Traffic
O50348,S113,Mumbai,P2071,37.0,40,0.97,0.9,Weather
O50349,S128,Bangalore,P2096,17.0,21,3.08,2.55,Partner Late
O50350,S118,Hyderabad,P2125,35.0,37,1.14,1.03,Traffic
O50351,S118,Hyderabad,P2065,23.0,23,4.98,5.19,
O50352,S130,Mumbai,P2001,23.0,25,6.86,5.47,Traffic
O50353,S129,Delhi,P2298,32.0,39,3.65,2.67,Partner Late
O50354,S137,Mumbai,P2099,24.0,27,2.47,2.29,Weather
O50355,S139,Mumbai,P2138,21.0,27,7.93,6.97,Weather
O50356,S121,Hyderabad,P2044,19.0,30,6.97,5.48,Traffic
O50357,S111,Bangalore,P2180,38.0,36,0.97,0.84,
O50358,S104,Hyderabad,P2129,25.0,18,7.74,8.15,
O50359,S101,Bangalore,P2138,24.0,34,3.88,3.62,Weather
O50360,S133,Delhi,P2118,21.0,28,6.0,5.43,Traffic
O50361,S123,Delhi,P2019,26.0,26,2.44,2.0,
O50362,S136,Bangalore,P2293,32.0,48,4.29,3.44,Store Delay
O50363,S123,Delhi,P2094,18.0,15,0.96,0.72,
O50364,S103,Bangalore,P2022,38.0,40,5.98,4.44,Traffic
O50365,S131,Delhi,P2239,27.0,33,7.6,7.11,Traffic
O50366,S102,Delhi,P2001,34.0,38,1.77,1.45,Store Delay
O50367,S104,Hyderabad,P2161,21.0,22,7.85,6.24,Partner Late
O50368,S105,Delhi,P2216,29.0,28,4.7,4.02,
O50369,S134,Delhi,P2114,35.0,35,7.47,7.83,
O50370,S116,Mumbai,P2154,38.0,34,1.31,1.2,
O50371,S117,Delhi,P2041,23.0,32,0.79,0.65,Partner Late
O50372,S117,Delhi,P2039,39.0,44,6.79,5.66,Store Delay
O50373,S100,Mumbai,P2210,35.0,35,2.66,2.25,
O50374,S111,Bangalore,P2224,32.0,29,6.27,5.07,
O50375,S111,Bangalore,P2109,30.0,42,4.9,4.13,Traffic
O50376,S104,Hyderabad,P2021,15.0,17,4.41,4.35,Traffic
O50377,S132,Delhi,P2203,24.0,21,0.77,0.84,
O50378,S117,Delhi,P2014,38.0,30,1.05,1.03,
O50379,S105,Delhi,P2285,31.0,40,3.9,4.0,System Issue
O50380,S117,Delhi,P2088,15.0,25,4.28,4.37,System Issue
O50381,S128,Bangalore,P2271,39.0,48,6.38,5.73,System Issue
O50382,S120,Delhi,P2139,16.0,14,3.58,3.53,
O50383,S106,Delhi,P2115,28.0,34,6.14,5.07,Store Delay
O50384,S120,Delhi,P2020,19.0,40,4.73,4.22,Store Delay
O50385,S124,Hyderabad,P2159,18.0,30,1.52,1.42,Traffic
O50386,S107,Mumbai,P2273,,26,6.51,6.18,Traffic
O50387,S135,Bangalore,P2126,27.0,33,0.51,0.39,Partner Late
O50388,S132,Delhi,P2082,23.0,33,5.73,5.13,Partner Late
O50389,S104,Hyderabad,P2012,22.0,27,1.33,1.06,Traffic
O50390,S122,Mumbai,P2089,27.0,21,6.74,5.44,
O50391,S137,Mumbai,P2083,23.0,23,4.62,4.59,
O50392,S105,Delhi,P2116,23.0,16,6.52,5.94,
O50393,S119,Mumbai,P2145,33.0,44,3.78,3.2,System Issue
O50394,S119,Mumbai,P2019,21.0,15,6.19,4.41,
O50395,S116,Mumbai,P2275,28.0,30,6.1,4.54,Traffic
O50396,S131,Delhi,P2075,22.0,24,1.45,1.05,Store Delay
O50397,S121,Hyderabad,P2256,37.0,40,3.53,3.26,Partner Late
O50398,S117,Delhi,P2062,38.0,49,2.3,2.41,Traffic
O50399,S122,Mumbai,P2237,27.0,33,2.8,1.97,Weather
O50400,S108,Mumbai,P2259,33.0,29,2.37,1.68,
O50401,S118,Hyderabad,P2193,39.0,50,5.01,3.94,Partner Late
O50402,S118,Hyderabad,P2080,,19,1.82,1.35,
O50403,S123,Delhi,P2191,38.0,34,6.48,6.0,
O50404,S103,Bangalore,P2230,34.0,44,1.7,1.23,Traffic
O50405,S139,Mumbai,P2219,30.0,31,5.55,3.96,Traffic
O50406,S120,Delhi,P2085,39.0,45,6.53,5.88,Weather
O50407,S121,Hyderabad,P2184,25.0,23,5.36,5.19,
O50408,S136,Bangalore,P2142,16.0,28,7.44,8.12,Store Delay
O50409,S131,Delhi,P2276,29.0,27,2.1,1.54,
O50410,S130,Mumbai,P2127,32.0,43,6.68,6.26,System Issue
O50411,S110,Bangalore,P2047,33.0,39,7.3,6.7,Store Delay
O50412,S132,Delhi,P2140,24.0,23,7.21,6.54,
O50413,S137,Mumbai,P2159,30.0,50,7.12,5.4,Store Delay
O50414,S105,Delhi,P2028,29.0,23,5.17,4.32,
O50415,S137,Mumbai,P2102,23.0,33,0.56,0.49,Traffic
O50416,S128,Bangalore,P2216,36.0,40,6.44,5.04,Traffic
O50417,S126,Delhi,P2093,,25,5.39,4.44,Partner Late
O50418,S124,Hyderabad,P2232,29.0,33,0.59,0.65,Traffic
O50419,S107,Mumbai,P2212,33.0,33,4.26,4.06,
O50420,S114,Mumbai,P2000,34.0,44,1.99,2.17,Traffic
O50421,S107,Mumbai,P2152,26.0,28,3.16,2.27,Partner Late
O50422,S122,Mumbai,P2196,25.0,39,7.7,5.76,Partner Late
O50423,S126,Delhi,P2115,36.0,36,6.07,5.78,
O50424,S104,Hyderabad,P2224,25.0,31,2.29,2.44,Partner Late
O50425,S134,Delhi,P2005,17.0,25,1.93,1.72,Traffic
O50426,S121,Hyderabad,P2171,20.0,23,2.59,2.24,Store Delay
O50427,S116,Mumbai,P2279,36.0,41,1.43,1.24,Traffic
O50428,S125,Mumbai,P2104,21.0,21,5.17,5.19,
O50429,S116,Mumbai,P2242,33.0,33,2.42,2.51,
O50430,S115,Hyderabad,P2256,31.0,27,3.61,3.45,
O50431,S107,Mumbai,P2284,31.0,28,5.08,4.77,
O50432,S110,Bangalore,P2028,28.0,26,1.73,1.86,
O50433,S134,Delhi,P2030,38.0,37,5.42,5.68,
O50434,S116,Mumbai,P2056,34.0,42,6.24,5.84,Partner Late
O50435,S126,Delhi,P2027,24.0,38,1.47,1.11,Traffic
O50436,S101,Bangalore,P2254,22.0,19,6.13,6.11,
O50437,S120,Delhi,P2180,23.0,27,4.12,3.59,Partner Late
O50438,S108,Mumbai,P2271,34.0,47,3.42,3.41,Partner Late
O50439,S136,Bangalore,P2165,32.0,-10,2.81,2.77,Traffic
O50440,S106,Delhi,P2090,34.0,33,5.17,4.93,
O50441,S116,Mumbai,P2200,23.0,19,2.2,2.12,
O50442,S137,Mumbai,P2112,32.0,30,1.91,1.96,
O50443,S114,Mumbai,P2080,24.0,25,4.32,4.02,Partner Late
O50444,S129,Delhi,P2232,27.0,41,7.38,7.45,Traffic
O50445,S127,Bangalore,P2076,39.0,62,5.23,3.75,Weather
O50446,S100,Mumbai,P2178,33.0,51,2.35,2.41,Traffic
O50447,S137,Mumbai,P2014,18.0,31,6.28,5.17,Traffic
O50448,S123,Delhi,P2257,28.0,26,3.63,3.66,
O50449,S135,Bangalore,P2099,28.0,28,4.28,3.41,
O50450,S104,Hyderabad,P2147,28.0,31,4.46,3.61,System Issue
O50451,S112,Delhi,P2128,37.0,49,1.38,1.18,
O50452,S130,Mumbai,P2230,19.0,25,2.69,2.26,Store Delay
O50453,S137,Mumbai,P2123,25.0,31,2.82,2.42,Store Delay
O50454,S120,Delhi,P2225,35.0,33,6.23,6.44,
O50455,S132,Delhi,P2187,33.0,38,3.56,2.53,Partner Late
O50456,S103,Bangalore,P2218,15.0,24,2.76,2.26,Traffic
O50457,S125,Mumbai,P2090,26.0,28,5.55,6.02,Partner Late
O50458,S126,Delhi,P2177,16.0,14,5.37,5.55,
O50459,S138,Delhi,P2213,16.0,32,1.1,1.14,Traffic
O50460,S135,Bangalore,P2215,34.0,52,7.43,7.97,Traffic
O50461,S139,Mumbai,P2260,33.0,39,7.34,7.61,Traffic
O50462,S131,Delhi,P2210,39.0,49,4.2,4.6,Partner Late
O50463,S127,Bangalore,P2005,22.0,33,3.99,3.01,Traffic
O50464,S134,Delhi,P2016,38.0,44,6.29,5.71,
O50465,S120,Delhi,P2043,22.0,28,5.0,4.01,Store Delay
O50466,S114,Mumbai,P2209,24.0,46,1.83,1.34,Traffic
O50467,S134,Delhi,P2137,29.0,18,3.35,3.05,
O50468,S130,Mumbai,P2088,36.0,43,3.54,3.04,Traffic
O50469,S135,Bangalore,P2090,17.0,21,0.56,0.61,Partner Late
O50470,S105,Delhi,P2266,36.0,46,6.29,6.8,Traffic
O50471,S131,Delhi,P2138,32.0,37,5.17,5.29,Traffic
O50472,S120,Delhi,P2184,37.0,48,5.41,5.36,Traffic
O50473,S105,Delhi,P2082,38.0,53,3.61,3.74,Traffic
O50474,S103,Bangalore,P2155,31.0,29,1.95,1.49,
O50475,S131,Delhi,P2186,15.0,10,3.07,3.14,
O50476,S103,Bangalore,P2273,22.0,29,6.16,6.28,Partner Late
O50477,S130,Mumbai,P2206,16.0,17,3.01,2.52,Traffic
O50478,S107,Mumbai,P2186,34.0,49,2.92,2.89,Traffic
O50479,S109,Delhi,P2028,24.0,26,3.25,3.51,Store Delay
O50480,S110,Bangalore,P2057,21.0,17,3.02,2.58,
O50481,S120,Delhi,P2211,20.0,11,3.87,2.87,
O50482,S109,Delhi,P2283,26.0,33,5.14,5.34,Store Delay
O50483,S118,Hyderabad,P2095,30.0,16,1.44,1.53,
O50484,S137,Mumbai,P2011,20.0,27,2.16,2.12,
O50485,S127,Bangalore,P2265,24.0,24,5.36,5.04,
O50486,S136,Bangalore,P2159,37.0,44,2.54,1.99,Partner Late
O50487,S135,Bangalore,P2071,33.0,34,3.76,2.87,Partner Late
O50488,S121,Hyderabad,P2020,25.0,32,2.9,2.75,Traffic
O50489,S110,Bangalore,P2166,25.0,21,0.76,0.77,
O50490,S116,Mumbai,P2053,33.0,42,6.96,6.05,Traffic
O50491,S128,Bangalore,P2090,17.0,35,6.07,4.27,Partner Late
O50492,S105,Delhi,P2043,16.0,40,5.49,5.3,Partner Late
O50493,S126,Delhi,P2003,35.0,35,2.96,2.3,
O50494,S133,Delhi,P2264,22.0,24,4.13,3.0,Store Delay
O50495,S137,Mumbai,P2184,28.0,56,6.16,6.38,Partner Late
O50496,S102,Delhi,P2072,18.0,24,7.36,7.52,Store Delay
O50497,S134,Delhi,P2251,27.0,25,2.27,1.97,
O50498,S103,Bangalore,P2173,29.0,28,5.76,5.77,
O50499,S123,Delhi,P2055,32.0,43,5.78,4.52,Traffic
O50500,S102,Delhi,P2152,16.0,11,0.88,0.91,
O50501,S113,Mumbai,P2251,32.0,58,2.0,1.73,Traffic
O50502,S117,Delhi,P2066,39.0,-10,3.21,3.08,Partner Late
O50503,S102,Delhi,P2250,29.0,25,5.78,4.65,
O50504,S132,Delhi,P2174,21.0,25,7.63,5.9,Traffic
O50505,S102,Delhi,P2078,28.0,42,3.48,3.01,Partner Late
O50506,S137,Mumbai,P2278,37.0,54,3.71,3.76,Traffic
O50507,S116,Mumbai,P2192,32.0,36,0.95,0.91,Store Delay
O50508,S105,Delhi,P2138,26.0,28,6.91,6.82,Traffic
O50509,S136,Bangalore,P2260,29.0,33,6.16,5.59,System Issue
O50510,S109,Delhi,P2223,16.0,32,7.45,6.26,Store Delay
O50511,S127,Bangalore,P2279,24.0,24,1.13,0.97,
O50512,S121,Hyderabad,P2124,37.0,40,7.04,6.47,Traffic
O50513,S100,Mumbai,P2193,31.0,45,5.8,4.66,Store Delay
O50514,S104,Hyderabad,P2193,18.0,18,5.54,4.4,
O50515,S108,Mumbai,P2131,30.0,24,2.03,2.02,
O50516,S103,Bangalore,P2233,20.0,16,4.91,4.55,
O50517,S139,Mumbai,P2106,18.0,31,7.12,5.06,Store Delay
O50518,S104,Hyderabad,P2135,22.0,27,3.21,2.63,Partner Late
O50519,S133,Delhi,P2052,23.0,37,3.04,2.14,Partner Late
O50520,S117,Delhi,P2048,36.0,60,3.23,2.33,Partner Late
O50521,S112,Delhi,P2273,31.0,40,4.6,4.68,Store Delay
O50522,S122,Mumbai,P2061,36.0,38,1.87,1.36,Store Delay
O50523,S139,Mumbai,P2106,39.0,34,1.01,1.05,
O50524,S106,Delhi,P2199,36.0,40,5.15,4.94,Traffic
O50525,S101,Bangalore,P2188,24.0,28,0.74,0.61,Partner Late
O50526,S106,Delhi,P2199,26.0,26,7.66,6.95,
O50527,S130,Mumbai,P2146,26.0,33,6.68,6.55,Traffic
O50528,S133,Delhi,P2072,31.0,51,6.66,4.68,
O50529,S100,Mumbai,P2115,17.0,25,4.86,4.2,Store Delay
O50530,S116,Mumbai,P2144,38.0,46,3.52,2.75,Traffic
O50531,S138,Delhi,P2153,36.0,36,4.18,3.27,
O50532,S139,Mumbai,P2230,37.0,56,7.29,7.95,Traffic
O50533,S104,Hyderabad,P2101,35.0,28,4.6,5.02,
O50534,S108,Mumbai,P2068,22.0,28,0.97,1.01,Traffic
O50535,S131,Delhi,P2149,24.0,21,3.19,3.04,
O50536,S116,Mumbai,P2252,26.0,23,3.89,3.45,
O50537,S108,Mumbai,P2012,16.0,23,1.58,1.28,Traffic
O50538,S131,Delhi,P2227,34.0,65,6.43,5.14,Store Delay
O50539,S125,Mumbai,P2117,37.0,34,0.51,0.52,
O50540,S116,Mumbai,P2152,15.0,23,1.75,1.26,Traffic
O50541,S128,Bangalore,P2231,17.0,24,5.27,5.13,Traffic
O50542,S134,Delhi,P2298,18.0,29,6.2,5.62,Traffic
O50543,S102,Delhi,P2010,23.0,17,6.31,5.45,
O50544,S119,Mumbai,P2136,34.0,28,1.43,1.51,
O50545,S125,Mumbai,P2209,27.0,35,4.34,3.98,Store Delay
O50546,S113,Mumbai,P2019,27.0,51,6.51,5.63,Store Delay
O50547,S123,Delhi,P2119,39.0,36,4.47,4.57,
O50548,S101,Bangalore,P2189,25.0,29,0.68,0.65,System Issue
O50549,S137,Mumbai,P2240,24.0,43,1.98,1.89,Store Delay
O50550,S136,Bangalore,P2020,27.0,33,1.66,1.46,Partner Late
O50551,S104,Hyderabad,P2252,29.0,27,3.94,3.51,
O50552,S120,Delhi,P2159,16.0,21,7.12,7.45,Store Delay
O50553,S113,Mumbai,P2226,21.0,27,6.02,6.09,Traffic
O50554,S120,Delhi,P2189,18.0,21,2.96,2.34,Store Delay
O50555,S122,Mumbai,P2130,34.0,49,6.78,7.35,Store Delay
O50556,S112,Delhi,P2001,17.0,48,7.28,7.13,Traffic
O50557,S120,Delhi,P2144,23.0,34,5.79,5.06,
O50558,S108,Mumbai,P2245,16.0,22,3.23,3.19,Traffic
O50559,S101,Bangalore,P2257,26.0,19,2.86,3.07,
O50560,S123,Delhi,P2133,19.0,20,0.99,0.69,
O50561,S114,Mumbai,P2001,18.0,23,7.04,6.18,Store Delay
O50562,S120,Delhi,P2268,22.0,22,5.56,4.76,
O50563,S118,Hyderabad,P2165,26.0,33,7.98,7.24,Partner Late
O50564,S136,Bangalore,P2145,16.0,18,6.91,5.36,
O50565,S128,Bangalore,P2119,22.0,34,2.61,2.01,Traffic
O50566,S136,Bangalore,P2173,19.0,22,3.41,2.45,Traffic
O50567,S122,Mumbai,P2039,31.0,20,4.24,3.68,
O50568,S126,Delhi,P2008,30.0,21,0.77,0.75,
O50569,S139,Mumbai,P2001,19.0,11,2.6,2.36,
O50570,S120,Delhi,P2201,24.0,32,0.68,0.71,Traffic
O50571,S123,Delhi,P2146,29.0,30,2.58,2.73,Weather
O50572,S132,Delhi,P2051,39.0,33,7.61,5.45,
O50573,S102,Delhi,P2004,20.0,36,4.84,5.08,Traffic
O50574,S131,Delhi,P2114,32.0,30,4.42,4.44,
O50575,S117,Delhi,P2093,39.0,46,2.76,2.64,Store Delay
O50576,S109,Delhi,P2279,26.0,28,4.22,3.64,Store Delay
O50577,S135,Bangalore,P2136,21.0,36,4.01,4.2,
O50578,S133,Delhi,P2201,25.0,32,3.64,3.82,Traffic
O50579,S124,Hyderabad,P2029,23.0,29,2.65,2.7,Partner Late
O50580,S136,Bangalore,P2280,37.0,39,1.79,1.26,Store Delay
O50581,S101,Bangalore,P2029,26.0,19,4.87,3.62,
O50582,S127,Bangalore,P2089,16.0,32,6.2,5.09,Traffic
O50583,S134,Delhi,P2244,18.0,26,5.46,4.92,Weather
O50584,S127,Bangalore,P2010,27.0,40,2.75,2.19,Store Delay
O50585,S111,Bangalore,P2169,17.0,34,1.75,1.27,
O50586,S134,Delhi,P2103,37.0,47,7.58,5.98,
O50587,S104,Hyderabad,P2114,39.0,50,6.97,7.36,Traffic
O50588,S113,Mumbai,P2287,29.0,23,5.33,4.48,
O50589,S111,Bangalore,P2010,37.0,48,2.9,2.68,Store Delay
O50590,S103,Bangalore,P2135,21.0,22,5.43,4.92,Traffic
O50591,S134,Delhi,P2243,22.0,36,7.05,6.07,
O50592,S124,Hyderabad,P2242,26.0,24,7.43,5.33,
O50593,S118,Hyderabad,P2166,28.0,33,4.05,3.9,Traffic
O50594,S111,Bangalore,P2150,34.0,33,4.25,3.63,
O50595,S105,Delhi,P2097,25.0,21,5.56,4.83,
O50596,S129,Delhi,P2217,19.0,28,4.4,3.4,Store Delay
O50597,S136,Bangalore,P2292,26.0,27,0.51,0.41,Weather
O50598,S115,Hyderabad,P2065,38.0,40,4.52,3.64,Store Delay
O50599,S127,Bangalore,P2256,33.0,34,2.49,2.64,Traffic
O50600,S120,Delhi,P2010,18.0,21,7.47,6.19,Store Delay
O50601,S122,Mumbai,P2189,35.0,33,2.49,1.91,
O50602,S112,Delhi,P2144,32.0,39,3.33,3.39,Partner Late
O50603,S112,Delhi,P2119,30.0,25,5.19,5.69,
O50604,S101,Bangalore,P2021,39.0,46,1.27,1.12,Partner Late
O50605,S104,Hyderabad,P2253,22.0,19,7.24,7.81,
O50606,S130,Mumbai,P2103,32.0,41,1.13,1.03,Traffic
O50607,S135,Bangalore,P2242,25.0,39,1.08,0.88,Partner Late
O50608,S128,Bangalore,P2120,27.0,37,1.34,1.18,Store Delay
O50609,S119,Mumbai,P2247,22.0,27,4.49,4.13,Store Delay
O50610,S116,Mumbai,P2195,28.0,32,4.06,3.22,System Issue
O50611,S102,Delhi,P2193,22.0,25,1.73,1.29,Store Delay
O50612,S106,Delhi,P2094,16.0,40,2.67,2.01,Partner Late
O50613,S104,Hyderabad,P2092,26.0,27,4.83,5.3,Traffic
O50614,S102,Delhi,P2267,35.0,30,2.64,2.89,
O50615,S128,Bangalore,P2263,35.0,45,4.68,4.35,Traffic
O50616,S100,Mumbai,P2290,20.0,30,5.38,4.02,Store Delay
O50617,S134,Delhi,P2039,23.0,28,6.73,5.15,Partner Late
O50618,S132,Delhi,P2163,36.0,37,6.48,5.74,Store Delay
O50619,S103,Bangalore,P2097,15.0,16,6.61,5.11,Store Delay
O50620,S123,Delhi,P2226,29.0,41,3.74,2.99,Partner Late
O50621,S101,Bangalore,P2152,16.0,14,1.15,0.82,
O50622,S124,Hyderabad,P2257,27.0,45,3.02,2.31,Partner Late
O50623,S123,Delhi,P2204,25.0,43,3.95,3.75,Store Delay
O50624,S117,Delhi,P2022,26.0,19,3.83,2.93,
O50625,S122,Mumbai,P2115,39.0,49,1.76,1.51,Partner Late
O50626,S138,Delhi,P2169,19.0,33,5.14,5.41,Partner Late
O50627,S103,Bangalore,P2167,18.0,24,6.42,6.17,Traffic
O50628,S114,Mumbai,P2095,31.0,32,6.07,5.18,Traffic
O50629,S136,Bangalore,P2056,19.0,12,3.18,2.82,
O50630,S124,Hyderabad,P2032,35.0,40,7.66,5.9,Traffic
O50631,S109,Delhi,P2167,34.0,44,7.74,7.15,Traffic
O50632,S122,Mumbai,P2124,31.0,36,2.3,2.31,Store Delay
O50633,S122,Mumbai,P2202,17.0,17,6.71,6.01,
O50634,S133,Delhi,P2279,15.0,10,6.38,6.12,
O50635,S117,Delhi,P2154,38.0,57,0.97,0.73,Traffic
O50636,S121,Hyderabad,P2072,36.0,31,3.3,3.2,
O50637,S110,Bangalore,P2203,36.0,46,0.77,0.6,Store Delay
O50638,S118,Hyderabad,P2106,16.0,20,6.99,5.06,Store Delay
O50639,S112,Delhi,P2024,18.0,20,2.68,1.94,Weather
O50640,S117,Delhi,P2187,36.0,34,2.61,2.27,
O50641,S126,Delhi,P2186,26.0,34,3.39,3.56,Store Delay
O50642,S113,Mumbai,P2130,21.0,39,4.86,3.57,Traffic
O50643,S109,Delhi,P2007,24.0,37,5.14,5.51,Traffic
O50644,S138,Delhi,P2169,35.0,57,7.33,6.93,Traffic
O50645,S103,Bangalore,P2108,36.0,34,3.28,2.58,
O50646,S139,Mumbai,P2293,15.0,10,4.9,4.57,
O50647,S117,Delhi,P2234,33.0,39,5.14,4.84,Traffic
O50648,S109,Delhi,P2054,18.0,20,5.28,4.34,Traffic
O50649,S114,Mumbai,P2256,21.0,17,2.19,2.01,
O50650,S104,Hyderabad,P2214,20.0,18,2.8,2.44,
O50651,S111,Bangalore,P2021,18.0,23,4.6,4.44,Store Delay
O50652,S104,Hyderabad,P2221,32.0,23,2.98,2.98,
O50653,S119,Mumbai,P2242,39.0,64,4.89,4.63,Traffic
O50654,S100,Mumbai,P2039,39.0,46,4.64,3.8,Store Delay
O50655,S108,Mumbai,P2291,19.0,18,3.38,2.73,
O50656,S129,Delhi,P2195,30.0,37,6.65,7.22,Store Delay
O50657,S112,Delhi,P2270,28.0,53,2.45,1.97,Traffic
O50658,S132,Delhi,P2141,38.0,51,3.2,2.61,Partner Late
O50659,S120,Delhi,P2272,22.0,24,1.23,1.19,Store Delay
O50660,S119,Mumbai,P2003,27.0,34,6.3,4.42,Store Delay
O50661,S105,Delhi,P2228,33.0,43,5.02,5.45,Partner Late
O50662,S122,Mumbai,P2129,32.0,28,4.74,3.43,
O50663,S114,Mumbai,P2288,24.0,33,1.26,1.21,Partner Late
O50664,S134,Delhi,P2061,31.0,36,1.86,1.3,Partner Late
O50665,S139,Mumbai,P2096,25.0,26,6.32,5.32,Partner Late
O50666,S100,Mumbai,P2168,20.0,10,7.56,5.44,
O50667,S113,Mumbai,P2293,37.0,60,7.22,6.0,Store Delay
O50668,S104,Hyderabad,P2162,37.0,39,3.18,2.48,Traffic
O50669,S135,Bangalore,P2137,23.0,26,5.8,6.23,System Issue
O50670,S106,Delhi,P2241,39.0,53,1.18,0.94,Partner Late
O50671,S139,Mumbai,P2020,25.0,28,6.21,4.7,Traffic
O50672,S119,Mumbai,P2289,35.0,33,4.72,4.12,
O50673,S134,Delhi,P2048,36.0,36,3.01,2.52,
O50674,S117,Delhi,P2053,18.0,25,1.26,1.16,Traffic
O50675,S138,Delhi,P2157,26.0,29,6.98,6.26,
O50676,S138,Delhi,P2210,35.0,40,5.99,5.67,Store Delay
O50677,S108,Mumbai,P2296,23.0,36,1.57,1.24,Store Delay
O50678,S119,Mumbai,P2278,25.0,35,5.81,6.22,Traffic
O50679,S101,Bangalore,P2039,35.0,40,2.89,2.19,Traffic
O50680,S127,Bangalore,P2086,15.0,25,1.48,1.23,Store Delay
O50681,S117,Delhi,P2092,26.0,34,3.98,3.53,Store Delay
O50682,S106,Delhi,P2139,15.0,22,5.3,3.97,Weather
O50683,S118,Hyderabad,P2077,36.0,41,5.17,4.51,Traffic
O50684,S111,Bangalore,P2117,38.0,49,4.79,3.82,Partner Late
O50685,S119,Mumbai,P2095,22.0,29,1.79,1.65,Store Delay
O50686,S125,Mumbai,P2225,33.0,46,5.85,6.21,Store Delay
O50687,S113,Mumbai,P2257,29.0,33,3.95,3.57,System Issue
O50688,S105,Delhi,P2116,26.0,23,6.73,7.35,
O50689,S118,Hyderabad,P2245,21.0,18,5.65,4.51,
O50690,S128,Bangalore,P2007,30.0,22,2.7,1.9,
O50691,S122,Mumbai,P2075,27.0,24,7.41,7.94,
O50692,S108,Mumbai,P2012,21.0,21,2.13,1.9,
O50693,S118,Hyderabad,P2286,35.0,36,3.69,3.15,Traffic
O50694,S124,Hyderabad,P2003,35.0,52,4.13,3.58,Store Delay
O50695,S103,Bangalore,P2170,29.0,23,1.94,1.38,
O50696,S122,Mumbai,P2082,21.0,21,7.44,7.45,
O50697,S108,Mumbai,P2275,19.0,27,3.52,3.48,Partner Late
O50698,S116,Mumbai,P2034,17.0,12,4.39,4.8,
O50699,S117,Delhi,P2122,29.0,29,3.65,3.03,
O50700,S121,Hyderabad,P2298,35.0,60,4.48,3.87,Store Delay
O50701,S102,Delhi,P2208,26.0,34,2.1,2.23,Weather
O50702,S130,Mumbai,P2147,34.0,46,4.73,4.27,Partner Late
O50703,S107,Mumbai,P2206,26.0,25,5.26,4.2,
O50704,S121,Hyderabad,P2004,37.0,34,1.81,1.79,
O50705,S107,Mumbai,P2085,22.0,24,6.49,4.62,Traffic
O50706,S115,Hyderabad,P2071,18.0,33,1.9,1.36,Store Delay
O50707,S130,Mumbai,P2199,35.0,48,1.99,1.52,Weather
O50708,S124,Hyderabad,P2091,38.0,52,4.91,4.98,System Issue
O50709,S123,Delhi,P2063,39.0,29,4.67,4.49,
O50710,S122,Mumbai,P2041,36.0,44,0.5,0.52,
O50711,S113,Mumbai,P2031,22.0,21,7.61,6.1,
O50712,S127,Bangalore,P2223,19.0,41,4.47,3.52,Partner Late
O50713,S115,Hyderabad,P2022,32.0,34,3.67,2.91,Store Delay
O50714,S121,Hyderabad,P2208,15.0,16,5.09,3.96,Store Delay
O50715,S123,Delhi,P2012,19.0,33,2.25,2.42,Partner Late
O50716,S104,Hyderabad,P2021,21.0,24,4.73,3.6,System Issue
O50717,S114,Mumbai,P2023,33.0,35,0.6,0.49,Store Delay
O50718,S135,Bangalore,P2055,15.0,10,6.9,6.63,
O50719,S126,Delhi,P2135,17.0,10,1.06,0.97,
O50720,S125,Mumbai,P2115,36.0,39,0.96,0.79,Store Delay
O50721,S137,Mumbai,P2003,35.0,33,5.97,4.48,
O50722,S128,Bangalore,P2080,24.0,27,0.92,0.91,Traffic
O50723,S123,Delhi,P2008,26.0,36,7.98,7.16,Store Delay
O50724,S105,Delhi,P2231,25.0,33,7.94,6.33,Traffic
O50725,S109,Delhi,P2137,34.0,34,4.19,3.71,
O50726,S137,Mumbai,P2047,39.0,45,5.68,6.05,Traffic
O50727,S108,Mumbai,P2128,19.0,10,4.88,5.31,
O50728,S105,Delhi,P2213,23.0,16,1.1,1.2,
O50729,S113,Mumbai,P2153,34.0,41,7.52,5.89,Traffic
O50730,S114,Mumbai,P2124,36.0,43,2.56,2.15,Store Delay
O50731,S105,Delhi,P2264,38.0,38,1.69,1.47,
O50732,S108,Mumbai,P2123,33.0,47,5.73,4.84,Store Delay
O50733,S133,Delhi,P2179,21.0,21,0.71,0.53,
O50734,S134,Delhi,P2276,20.0,20,4.93,4.5,
O50735,S130,Mumbai,P2158,24.0,28,4.07,4.05,Partner Late
O50736,S100,Mumbai,P2143,36.0,30,4.31,3.2,
O50737,S109,Delhi,P2297,34.0,32,5.55,4.93,
O50738,S104,Hyderabad,P2015,39.0,40,2.61,2.41,Traffic
O50739,S132,Delhi,P2284,21.0,28,1.0,1.04,Traffic
O50740,S106,Delhi,P2098,15.0,18,7.18,7.59,Traffic
O50741,S129,Delhi,P2058,17.0,14,4.33,3.85,
O50742,S100,Mumbai,P2166,29.0,31,6.61,5.14,Traffic
O50743,S138,Delhi,P2143,24.0,35,1.83,1.88,Traffic
O50744,S100,Mumbai,P2281,22.0,23,5.87,4.44,Store Delay
O50745,S112,Delhi,P2058,24.0,38,2.53,2.35,Traffic
O50746,S109,Delhi,P2275,19.0,35,3.44,2.88,Store Delay
O50747,S138,Delhi,P2259,39.0,44,5.28,4.16,Store Delay
O50748,S126,Delhi,P2250,22.0,39,2.44,2.67,Store Delay
O50749,S129,Delhi,P2064,22.0,16,7.88,8.32,
O50750,S105,Delhi,P2204,31.0,32,5.69,4.46,Store Delay
O50751,S134,Delhi,P2093,26.0,38,2.13,2.09,Traffic
O50752,S125,Mumbai,P2248,27.0,43,7.36,6.18,Traffic
O50753,S102,Delhi,P2246,23.0,38,4.35,3.75,Partner Late
O50754,S116,Mumbai,P2030,32.0,44,1.73,1.48,Traffic
O50755,S117,Delhi,P2023,24.0,28,6.18,5.58,Traffic
O50756,S126,Delhi,P2269,29.0,26,0.59,0.43,
O50757,S123,Delhi,P2263,22.0,24,1.47,1.14,Traffic
O50758,S103,Bangalore,P2291,31.0,33,6.61,6.12,Traffic
O50759,S135,Bangalore,P2136,36.0,40,6.11,5.07,
O50760,S119,Mumbai,P2249,30.0,32,7.51,6.22,Weather
O50761,S134,Delhi,P2157,34.0,36,7.65,8.06,Store Delay
O50762,S123,Delhi,P2273,33.0,32,4.73,4.73,
O50763,S115,Hyderabad,P2003,24.0,24,5.48,4.84,
O50764,S124,Hyderabad,P2105,30.0,42,7.0,6.62,System Issue
O50765,S120,Delhi,P2196,28.0,49,3.61,3.83,Partner Late
O50766,S104,Hyderabad,P2258,22.0,24,3.38,3.56,Store Delay
O50767,S124,Hyderabad,P2288,18.0,40,5.21,4.4,Store Delay
O50768,S111,Bangalore,P2128,22.0,23,6.55,6.96,Traffic
O50769,S131,Delhi,P2171,30.0,38,5.32,5.15,Store Delay
O50770,S126,Delhi,P2120,15.0,10,5.9,6.3,
O50771,S110,Bangalore,P2280,25.0,46,6.29,5.57,Traffic
O50772,S127,Bangalore,P2133,17.0,38,2.96,2.82,Partner Late
O50773,S103,Bangalore,P2294,22.0,45,6.1,6.15,Traffic
O50774,S128,Bangalore,P2079,16.0,20,6.39,5.08,Traffic
O50775,S123,Delhi,P2199,29.0,21,7.03,6.48,
O50776,S113,Mumbai,P2116,29.0,35,5.99,4.7,System Issue
O50777,S138,Delhi,P2053,17.0,33,5.97,5.53,Store Delay
O50778,S108,Mumbai,P2051,17.0,27,4.51,3.61,Traffic
O50779,S139,Mumbai,P2068,17.0,13,3.92,3.79,
O50780,S123,Delhi,P2290,32.0,39,7.13,5.22,Store Delay
O50781,S127,Bangalore,P2165,31.0,35,2.73,2.1,Weather
O50782,S107,Mumbai,P2005,32.0,22,1.72,1.82,
O50783,S123,Delhi,P2176,39.0,47,4.7,4.31,Store Delay
O50784,S116,Mumbai,P2260,21.0,36,6.46,4.71,Store Delay
O50785,S107,Mumbai,P2100,37.0,35,6.47,6.5,
O50786,S105,Delhi,P2171,38.0,34,3.06,2.15,
O50787,S131,Delhi,P2295,24.0,31,6.32,5.2,Store Delay
O50788,S134,Delhi,P2261,26.0,31,3.66,3.0,Store Delay
O50789,S129,Delhi,P2219,30.0,31,5.71,5.88,Traffic
O50790,S117,Delhi,P2169,28.0,31,5.26,5.06,System Issue
O50791,S128,Bangalore,P2092,25.0,37,5.8,5.9,Weather
O50792,S100,Mumbai,P2102,35.0,56,4.46,4.39,Store Delay
O50793,S128,Bangalore,P2130,19.0,13,3.63,3.3,
O50794,S113,Mumbai,P2068,34.0,-10,6.47,5.76,Traffic
O50795,S124,Hyderabad,P2120,31.0,31,3.45,2.51,
O50796,S125,Mumbai,P2214,36.0,37,5.9,5.66,Traffic
O50797,S118,Hyderabad,P2234,28.0,25,1.44,1.27,
O50798,S112,Delhi,P2164,39.0,42,1.69,1.29,Traffic
O50799,S106,Delhi,P2236,39.0,46,1.47,1.4,Traffic
O50800,S100,Mumbai,P2147,29.0,29,4.8,3.7,
O50801,S126,Delhi,P2284,18.0,30,3.7,2.69,Traffic
O50802,S123,Delhi,P2200,15.0,14,3.62,3.5,
O50803,S116,Mumbai,P2267,27.0,36,2.53,2.35,Partner Late
O50804,S105,Delhi,P2015,16.0,10,4.04,4.06,
O50805,S128,Bangalore,P2245,28.0,35,5.45,5.73,Traffic
O50806,S139,Mumbai,P2201,25.0,28,4.84,4.27,Traffic
O50807,S115,Hyderabad,P2054,24.0,31,1.58,1.69,Partner Late
O50808,S135,Bangalore,P2149,22.0,24,4.33,3.93,Partner Late
O50809,S127,Bangalore,P2237,20.0,28,2.25,2.03,Partner Late
O50810,S134,Delhi,P2174,17.0,25,0.89,0.92,Traffic
O50811,S101,Bangalore,P2107,34.0,38,1.47,1.19,Partner Late
O50812,S108,Mumbai,P2225,23.0,22,5.0,5.32,
O50813,S127,Bangalore,P2295,28.0,22,4.91,3.65,
O50814,S135,Bangalore,P2211,16.0,19,5.51,4.27,Partner Late
O50815,S127,Bangalore,P2158,29.0,28,1.25,0.91,
O50816,S105,Delhi,P2165,21.0,34,0.63,0.51,Traffic
O50817,S109,Delhi,P2190,15.0,18,2.32,2.54,Traffic
O50818,S131,Delhi,P2246,23.0,40,5.92,5.5,Store Delay
O50819,S139,Mumbai,P2264,39.0,38,6.42,4.88,
O50820,S139,Mumbai,P2120,15.0,40,1.76,1.57,Traffic
O50821,S129,Delhi,P2041,34.0,35,6.67,5.61,Partner Late
O50822,S108,Mumbai,P2166,17.0,22,1.18,0.86,Store Delay
O50823,S109,Delhi,P2178,33.0,22,4.24,3.56,
O50824,S133,Delhi,P2228,37.0,40,2.77,2.1,Traffic
O50825,S106,Delhi,P2272,29.0,47,2.36,1.91,Store Delay
O50826,S114,Mumbai,P2018,30.0,34,3.97,2.81,
O50827,S105,Delhi,P2233,37.0,35,5.48,4.73,
O50828,S113,Mumbai,P2112,20.0,24,6.75,6.73,Partner Late
O50829,S104,Hyderabad,P2094,34.0,44,2.16,1.93,Traffic
O50830,S110,Bangalore,P2043,31.0,28,3.55,3.58,
O50831,S100,Mumbai,P2053,23.0,32,6.14,5.4,
O50832,S123,Delhi,P2212,20.0,17,4.64,3.7,
O50833,S137,Mumbai,P2242,29.0,41,3.67,2.95,Store Delay
O50834,S113,Mumbai,P2003,28.0,39,7.32,7.6,Traffic
O50835,S124,Hyderabad,P2042,20.0,25,4.22,3.24,Partner Late
O50836,S110,Bangalore,P2212,24.0,30,7.53,7.8,Partner Late
O50837,S110,Bangalore,P2286,23.0,26,7.39,6.08,Traffic
O50838,S110,Bangalore,P2100,30.0,57,7.86,6.42,Traffic
O50839,S114,Mumbai,P2104,27.0,51,2.08,2.23,Traffic
O50840,S129,Delhi,P2053,21.0,27,3.19,2.98,Weather
O50841,S118,Hyderabad,P2092,29.0,30,2.52,2.14,Partner Late
O50842,S118,Hyderabad,P2208,26.0,37,5.85,5.09,Weather
O50843,S132,Delhi,P2142,29.0,28,2.91,2.33,
O50844,S104,Hyderabad,P2258,31.0,33,0.91,0.89,System Issue
O50845,S134,Delhi,P2211,33.0,56,7.37,5.22,Store Delay
O50846,S116,Mumbai,P2142,33.0,31,3.26,2.33,
O50847,S130,Mumbai,P2025,23.0,29,6.77,5.46,Traffic
O50848,S135,Bangalore,P2186,25.0,35,4.31,3.96,Traffic
O50849,S110,Bangalore,P2168,16.0,23,2.58,1.9,Traffic
O50850,S121,Hyderabad,P2058,20.0,30,2.1,2.1,Traffic
O50851,S106,Delhi,P2286,28.0,30,5.53,4.24,System Issue
O50852,S104,Hyderabad,P2006,29.0,31,5.69,4.81,
O50853,S107,Mumbai,P2199,21.0,26,5.96,5.39,Partner Late
O50854,S120,Delhi,P2000,20.0,37,0.73,0.58,Store Delay
O50855,S102,Delhi,P2299,28.0,24,0.98,1.01,
O50856,S128,Bangalore,P2290,26.0,33,1.56,1.25,Store Delay
O50857,S106,Delhi,P2233,20.0,26,6.13,6.48,
O50858,S131,Delhi,P2231,25.0,37,4.25,3.56,Weather
O50859,S124,Hyderabad,P2054,32.0,28,6.21,5.71,
O50860,S113,Mumbai,P2265,23.0,24,0.92,0.86,Store Delay
O50861,S127,Bangalore,P2267,22.0,25,3.42,3.66,Traffic
O50862,S111,Bangalore,P2107,27.0,41,2.18,2.0,Partner Late
O50863,S129,Delhi,P2092,29.0,41,5.11,4.26,Partner Late
O50864,S127,Bangalore,P2263,28.0,40,3.97,3.82,Partner Late
O50865,S102,Delhi,P2204,36.0,43,5.73,5.03,Weather
O50866,S133,Delhi,P2003,35.0,32,1.4,1.43,
O50867,S107,Mumbai,P2024,30.0,33,3.4,3.39,System Issue
O50868,S115,Hyderabad,P2259,33.0,40,7.9,5.99,Traffic
O50869,S134,Delhi,P2050,25.0,30,6.87,4.84,Traffic
O50870,S128,Bangalore,P2029,26.0,28,0.8,0.83,
O50871,S128,Bangalore,P2131,37.0,32,4.15,4.54,
O50872,S128,Bangalore,P2057,22.0,32,6.27,5.69,Store Delay
O50873,S100,Mumbai,P2006,15.0,15,1.61,1.32,
O50874,S128,Bangalore,P2008,28.0,36,6.62,5.07,Store Delay
O50875,S106,Delhi,P2275,26.0,35,1.16,0.95,Store Delay
O50876,S137,Mumbai,P2203,25.0,29,6.7,4.99,Partner Late
O50877,S113,Mumbai,P2051,39.0,55,1.11,1.17,Traffic
O50878,S135,Bangalore,P2056,37.0,39,7.2,5.42,Weather
O50879,S126,Delhi,P2005,29.0,34,6.76,7.0,Partner Late
O50880,S122,Mumbai,P2055,24.0,22,5.14,4.55,
O50881,S139,Mumbai,P2112,23.0,43,3.15,3.01,Traffic
O50882,S122,Mumbai,P2222,21.0,30,3.63,3.32,Partner Late
O50883,S138,Delhi,P2285,18.0,22,7.89,8.62,Store Delay
O50884,S135,Bangalore,P2108,39.0,33,1.84,1.99,
O50885,S124,Hyderabad,P2034,16.0,10,6.54,5.46,
O50886,S133,Delhi,P2060,30.0,39,3.01,2.19,Store Delay
O50887,S112,Delhi,P2079,21.0,26,5.83,5.49,Store Delay
O50888,S123,Delhi,P2075,15.0,21,4.08,3.04,Store Delay
O50889,S113,Mumbai,P2233,39.0,56,7.64,6.91,Traffic
O50890,S118,Hyderabad,P2135,26.0,37,1.95,1.85,Store Delay
O50891,S127,Bangalore,P2196,18.0,24,2.34,1.82,Store Delay
O50892,S100,Mumbai,P2156,27.0,13,4.15,3.29,
O50893,S121,Hyderabad,P2139,23.0,21,2.41,1.88,
O50894,S100,Mumbai,P2023,30.0,41,3.67,3.9,Traffic
O50895,S121,Hyderabad,P2222,29.0,34,2.19,1.94,Partner Late
O50896,S105,Delhi,P2150,15.0,18,1.24,0.95,Traffic
O50897,S105,Delhi,P2270,36.0,45,5.35,5.56,Traffic
O50898,S132,Delhi,P2176,22.0,43,5.23,3.85,Partner Late
O50899,S139,Mumbai,P2203,27.0,34,5.68,5.24,Traffic
O50900,S122,Mumbai,P2081,29.0,29,2.14,2.17,
O50901,S128,Bangalore,P2051,26.0,34,6.17,5.44,Partner Late
O50902,S114,Mumbai,P2299,21.0,24,6.23,5.55,Store Delay
O50903,S108,Mumbai,P2252,33.0,33,6.8,4.79,
O50904,S111,Bangalore,P2003,37.0,60,4.14,3.97,Traffic
O50905,S134,Delhi,P2161,32.0,21,7.41,7.13,
O50906,S134,Delhi,P2025,17.0,38,2.42,2.61,System Issue
O50907,S132,Delhi,P2108,34.0,38,7.98,8.06,Traffic
O50908,S102,Delhi,P2095,31.0,34,1.37,1.46,Partner Late
O50909,S129,Delhi,P2170,39.0,38,3.16,2.91,
O50910,S115,Hyderabad,P2274,19.0,14,4.87,5.11,
O50911,S124,Hyderabad,P2200,32.0,40,3.51,3.45,Traffic
O50912,S101,Bangalore,P2265,20.0,14,1.05,0.82,
O50913,S100,Mumbai,P2178,34.0,35,6.36,6.94,Store Delay
O50914,S135,Bangalore,P2082,25.0,24,7.82,5.82,
O50915,S122,Mumbai,P2174,21.0,19,4.82,5.21,
O50916,S123,Delhi,P2116,25.0,16,1.31,1.31,
O50917,S130,Mumbai,P2241,29.0,27,3.43,2.42,
O50918,S128,Bangalore,P2144,36.0,35,6.64,5.9,
O50919,S110,Bangalore,P2218,39.0,44,5.68,5.48,Partner Late
O50920,S124,Hyderabad,P2254,36.0,43,1.24,1.04,Store Delay
O50921,S120,Delhi,P2190,32.0,36,5.5,4.32,Partner Late
O50922,S129,Delhi,P2255,29.0,27,7.69,8.35,
O50923,S108,Mumbai,P2181,37.0,60,1.88,1.91,Partner Late
O50924,S108,Mumbai,P2200,20.0,49,4.28,3.87,Partner Late
O50925,S130,Mumbai,P2053,34.0,29,6.67,6.3,
O50926,S101,Bangalore,P2100,37.0,57,2.53,2.13,Traffic
O50927,S129,Delhi,P2241,23.0,30,2.76,2.67,Weather
O50928,S116,Mumbai,P2018,17.0,40,2.59,2.8,System Issue
O50929,S119,Mumbai,P2140,34.0,53,5.23,4.66,Partner Late
O50930,S124,Hyderabad,P2025,17.0,18,2.15,1.55,Traffic
O50931,S105,Delhi,P2197,28.0,42,5.7,4.57,Store Delay
O50932,S124,Hyderabad,P2073,30.0,37,0.94,0.93,Traffic
O50933,S117,Delhi,P2023,37.0,32,3.76,2.72,
O50934,S137,Mumbai,P2130,19.0,28,2.72,2.49,Store Delay
O50935,S105,Delhi,P2249,34.0,43,6.1,5.26,Traffic
O50936,S116,Mumbai,P2280,15.0,26,4.54,4.0,Store Delay
O50937,S136,Bangalore,P2118,15.0,22,5.07,5.08,Store Delay
O50938,S137,Mumbai,P2012,37.0,38,3.59,2.57,Traffic
O50939,S117,Delhi,P2028,36.0,36,3.5,2.71,
O50940,S137,Mumbai,P2231,24.0,23,3.53,3.01,
O50941,S117,Delhi,P2031,29.0,35,2.83,2.54,Store Delay
O50942,S111,Bangalore,P2033,33.0,34,6.8,4.78,Store Delay
O50943,S127,Bangalore,P2099,25.0,20,6.93,6.51,
O50944,S125,Mumbai,P2123,24.0,28,5.67,6.02,Traffic
O50945,S109,Delhi,P2267,38.0,53,0.53,0.38,System Issue
O50946,S113,Mumbai,P2114,37.0,39,3.68,3.53,Store Delay
O50947,S126,Delhi,P2071,27.0,35,2.09,2.15,Partner Late
O50948,S109,Delhi,P2279,16.0,14,7.66,5.62,
O50949,S130,Mumbai,P2117,25.0,46,7.41,7.05,Partner Late
O50950,S117,Delhi,P2158,34.0,-10,7.41,8.1,
O50951,S119,Mumbai,P2285,34.0,35,3.44,2.43,Traffic
O50952,S120,Delhi,P2116,32.0,28,7.45,5.66,
O50953,S137,Mumbai,P2259,18.0,27,1.75,1.27,Traffic
O50954,S115,Hyderabad,P2195,39.0,49,3.03,2.97,Partner Late
O50955,S110,Bangalore,P2274,23.0,25,0.85,0.71,Store Delay
O50956,S134,Delhi,P2002,38.0,46,2.83,2.91,Traffic
O50957,S139,Mumbai,P2108,36.0,44,3.5,2.88,Store Delay
O50958,S122,Mumbai,P2256,28.0,21,4.98,3.67,
O50959,S131,Delhi,P2068,26.0,32,3.08,3.25,Store Delay
O50960,S107,Mumbai,P2113,38.0,50,6.44,6.37,Store Delay
O50961,S131,Delhi,P2101,33.0,32,5.14,5.55,
O50962,S112,Delhi,P2004,20.0,30,3.55,2.86,Partner Late
O50963,S106,Delhi,P2281,35.0,39,4.27,3.35,Weather
O50964,S107,Mumbai,P2009,15.0,16,0.53,0.52,Traffic
O50965,S116,Mumbai,P2063,24.0,24,7.42,7.89,
O50966,S118,Hyderabad,P2012,34.0,43,7.02,4.95,Traffic
O50967,S120,Delhi,P2227,27.0,30,3.46,2.53,Traffic
O50968,S101,Bangalore,P2272,18.0,23,2.98,2.74,Partner Late
O50969,S110,Bangalore,P2139,36.0,39,6.29,5.55,Store Delay
O50970,S135,Bangalore,P2097,15.0,24,6.77,5.05,Store Delay
O50971,S122,Mumbai,P2039,20.0,19,3.17,2.83,
O50972,S113,Mumbai,P2013,29.0,57,3.61,3.9,Partner Late
O50973,S132,Delhi,P2043,33.0,31,6.03,5.28,
O50974,S103,Bangalore,P2186,25.0,29,1.64,1.38,Traffic
O50975,S134,Delhi,P2207,20.0,23,5.44,5.87,Store Delay
O50976,S133,Delhi,P2001,36.0,38,1.34,1.24,Traffic
O50977,S108,Mumbai,P2027,38.0,42,5.37,4.59,Store Delay
O50978,S134,Delhi,P2288,24.0,24,5.2,4.61,
O50979,S119,Mumbai,P2082,38.0,33,6.21,4.76,
O50980,S106,Delhi,P2048,16.0,12,6.15,4.56,
O50981,S109,Delhi,P2054,25.0,39,5.32,5.02,Store Delay
O50982,S121,Hyderabad,P2031,30.0,32,5.46,4.39,Traffic
O50983,S137,Mumbai,P2131,26.0,46,5.63,5.38,Traffic
O50984,S127,Bangalore,P2088,33.0,30,1.42,1.16,
O50985,S111,Bangalore,P2264,37.0,49,7.27,6.56,
O50986,S136,Bangalore,P2091,24.0,22,0.71,0.59,
O50987,S134,Delhi,P2019,15.0,23,2.16,2.03,Store Delay
O50988,S126,Delhi,P2105,32.0,38,1.65,1.35,Store Delay
O50989,S129,Delhi,P2105,28.0,35,1.51,1.28,Traffic
O50990,S126,Delhi,P2234,27.0,34,2.42,2.09,Partner Late
O50991,S117,Delhi,P2243,16.0,32,5.73,4.27,Partner Late
O50992,S103,Bangalore,P2251,34.0,53,4.24,3.95,Partner Late
O50993,S122,Mumbai,P2054,28.0,37,4.36,4.36,Store Delay
O50994,S127,Bangalore,P2192,37.0,29,1.07,0.79,
O50995,S139,Mumbai,P2112,30.0,31,7.5,5.41,Traffic
O50996,S131,Delhi,P2098,35.0,36,1.18,0.84,Traffic
O50997,S102,Delhi,P2256,15.0,18,7.6,5.88,Traffic
O50998,S115,Hyderabad,P2099,24.0,21,4.47,4.12,
O50999,S108,Mumbai,P2109,28.0,36,1.89,1.78,Store Delay
O51000,S124,Hyderabad,P2055,22.0,20,4.71,3.45,
O51001,S133,Delhi,P2200,34.0,35,7.2,5.71,Partner Late
O51002,S129,Delhi,P2278,16.0,13,2.1,2.3,
O51003,S123,Delhi,P2204,33.0,34,6.88,5.73,Store Delay
O51004,S114,Mumbai,P2287,17.0,23,0.69,0.54,Store Delay
O51005,S130,Mumbai,P2195,28.0,23,5.88,5.72,
O51006,S110,Bangalore,P2218,25.0,22,1.69,1.71,
O51007,S134,Delhi,P2020,28.0,44,2.88,2.78,Traffic
O51008,S131,Delhi,P2050,39.0,48,3.06,2.61,Traffic
O51009,S128,Bangalore,P2204,37.0,42,5.15,5.33,System Issue
O51010,S122,Mumbai,P2238,15.0,20,3.29,2.78,Store Delay
O51011,S118,Hyderabad,P2043,22.0,22,7.43,7.5,
O51012,S133,Delhi,P2273,29.0,43,3.17,2.25,Store Delay
O51013,S122,Mumbai,P2016,16.0,25,1.8,1.42,Traffic
O51014,S118,Hyderabad,P2058,18.0,25,7.09,5.09,Partner Late
O51015,S103,Bangalore,P2075,23.0,29,0.98,0.69,Traffic
O51016,S138,Delhi,P2294,19.0,27,7.52,5.35,Traffic
O51017,S116,Mumbai,P2238,16.0,26,3.99,4.04,Store Delay
O51018,S105,Delhi,P2234,19.0,34,1.63,1.38,Traffic
O51019,S113,Mumbai,P2183,17.0,14,0.5,0.47,
O51020,S136,Bangalore,P2016,19.0,22,2.83,2.15,Store Delay
O51021,S100,Mumbai,P2196,16.0,18,1.28,1.08,Traffic
O51022,S119,Mumbai,P2184,16.0,15,2.74,2.04,
O51023,S119,Mumbai,P2005,28.0,29,2.47,2.59,System Issue
O51024,S109,Delhi,P2139,26.0,30,6.33,5.58,System Issue
O51025,S134,Delhi,P2123,36.0,41,5.56,5.1,System Issue
O51026,S122,Mumbai,P2236,20.0,29,2.24,1.92,Traffic
O51027,S103,Bangalore,P2121,38.0,41,2.71,2.56,Traffic
O51028,S139,Mumbai,P2275,37.0,36,4.2,3.39,
O51029,S130,Mumbai,P2262,31.0,32,4.36,3.65,Partner Late
O51030,S134,Delhi,P2182,22.0,27,6.33,5.06,Traffic
O51031,S118,Hyderabad,P2225,37.0,46,2.69,2.25,Partner Late
O51032,S136,Bangalore,P2272,22.0,11,1.56,1.34,
O51033,S103,Bangalore,P2111,38.0,35,1.9,1.99,
O51034,S101,Bangalore,P2004,19.0,17,3.12,2.76,
O51035,S111,Bangalore,P2126,24.0,38,2.35,2.36,Traffic
O51036,S122,Mumbai,P2193,20.0,30,2.01,1.63,Traffic
O51037,S115,Hyderabad,P2271,17.0,21,3.33,2.91,Store Delay
O51038,S119,Mumbai,P2251,31.0,29,0.63,0.45,
O51039,S120,Delhi,P2069,38.0,41,4.5,4.31,Store Delay
O51040,S119,Mumbai,P2041,24.0,24,7.89,6.88,
O51041,S131,Delhi,P2167,22.0,26,4.28,3.28,Store Delay
O51042,S119,Mumbai,P2073,26.0,21,1.57,1.14,
O51043,S101,Bangalore,P2289,22.0,23,3.2,2.63,Traffic
O51044,S127,Bangalore,P2053,28.0,31,5.16,4.05,Traffic
O51045,S115,Hyderabad,P2080,29.0,37,4.73,3.46,Traffic
O51046,S101,Bangalore,P2125,20.0,33,6.12,6.25,Traffic
O51047,S100,Mumbai,P2198,34.0,38,7.09,7.66,Store Delay
O51048,S101,Bangalore,P2132,24.0,26,5.13,4.72,Store Delay
O51049,S137,Mumbai,P2018,37.0,42,7.14,5.93,Partner Late
O51050,S128,Bangalore,P2204,31.0,29,6.07,4.99,
O51051,S105,Delhi,P2005,20.0,17,3.93,4.24,
O51052,S138,Delhi,P2039,26.0,18,7.78,8.52,
O51053,S118,Hyderabad,P2152,22.0,29,5.59,5.22,System Issue
O51054,S111,Bangalore,P2240,33.0,24,7.87,5.88,
O51055,S104,Hyderabad,P2084,34.0,40,3.02,3.24,Store Delay
O51056,S138,Delhi,P2237,38.0,49,7.57,6.5,Store Delay
O51057,S134,Delhi,P2231,38.0,44,2.98,2.47,Store Delay
O51058,S112,Delhi,P2223,33.0,39,3.65,3.04,
O51059,S102,Delhi,P2119,19.0,12,7.53,6.23,
O51060,S116,Mumbai,P2120,39.0,32,7.55,5.5,
O51061,S116,Mumbai,P2190,21.0,26,3.0,3.19,Partner Late
O51062,S115,Hyderabad,P2229,36.0,36,2.49,2.12,
O51063,S101,Bangalore,P2235,24.0,40,6.14,5.11,Store Delay
O51064,S111,Bangalore,P2186,39.0,39,3.01,2.86,
O51065,S101,Bangalore,P2065,25.0,22,7.48,7.1,
O51066,S101,Bangalore,P2277,38.0,49,7.14,6.02,Store Delay
O51067,S119,Mumbai,P2117,16.0,29,5.73,5.01,Partner Late
O51068,S109,Delhi,P2019,30.0,32,4.37,4.32,Traffic
O51069,S105,Delhi,P2155,34.0,33,1.17,1.05,
O51070,S107,Mumbai,P2091,18.0,37,5.68,6.05,Traffic
O51071,S112,Delhi,P2072,28.0,49,3.49,2.95,System Issue
O51072,S114,Mumbai,P2100,31.0,31,1.79,1.26,
O51073,S139,Mumbai,P2145,15.0,20,2.39,2.41,Store Delay
O51074,S134,Delhi,P2079,24.0,19,2.18,2.33,
O51075,S129,Delhi,P2281,18.0,28,1.03,0.96,Store Delay
O51076,S128,Bangalore,P2148,27.0,33,1.09,1.11,Traffic
O51077,S123,Delhi,P2055,18.0,10,3.26,2.87,
O51078,S107,Mumbai,P2057,29.0,42,1.47,1.21,Traffic
O51079,S134,Delhi,P2003,21.0,24,1.47,1.23,Store Delay
O51080,S114,Mumbai,P2268,15.0,22,2.54,1.79,Traffic
O51081,S125,Mumbai,P2045,35.0,40,7.37,5.37,Partner Late
O51082,S116,Mumbai,P2280,24.0,31,1.61,1.3,Store Delay
O51083,S117,Delhi,P2104,35.0,41,3.05,2.29,System Issue
O51084,S120,Delhi,P2229,27.0,26,4.66,3.7,
O51085,S102,Delhi,P2237,29.0,41,2.92,3.01,Partner Late
O51086,S120,Delhi,P2025,27.0,30,5.49,4.94,Traffic
O51087,S111,Bangalore,P2129,37.0,32,7.58,6.81,
O51088,S124,Hyderabad,P2065,22.0,32,6.54,5.58,Store Delay
O51089,S102,Delhi,P2088,18.0,19,4.75,5.05,Traffic
O51090,S105,Delhi,P2032,17.0,15,7.62,6.4,
O51091,S114,Mumbai,P2024,24.0,26,7.93,7.27,Partner Late
O51092,S116,Mumbai,P2206,28.0,29,5.9,6.26,Store Delay
O51093,S110,Bangalore,P2255,21.0,17,5.63,4.49,
O51094,S124,Hyderabad,P2088,21.0,32,2.42,2.1,Partner Late
O51095,S100,Mumbai,P2099,23.0,29,3.79,3.83,Traffic
O51096,S105,Delhi,P2206,17.0,23,2.51,2.25,Traffic
O51097,S130,Mumbai,P2139,30.0,39,4.43,3.81,Store Delay
O51098,S101,Bangalore,P2158,24.0,28,2.74,2.65,Store Delay
O51099,S105,Delhi,P2255,17.0,18,0.65,0.7,Store Delay
O51100,S130,Mumbai,P2203,24.0,24,2.03,2.15,
O51101,S134,Delhi,P2272,21.0,32,5.34,4.15,System Issue
O51102,S110,Bangalore,P2183,16.0,22,4.42,3.92,Partner Late
O51103,S133,Delhi,P2198,17.0,17,2.81,2.05,
O51104,S127,Bangalore,P2026,29.0,34,7.17,7.77,Store Delay
O51105,S132,Delhi,P2183,36.0,41,6.7,7.1,Traffic
O51106,S106,Delhi,P2277,17.0,25,2.15,2.28,Store Delay
O51107,S117,Delhi,P2199,34.0,51,3.86,3.84,Store Delay
O51108,S115,Hyderabad,P2061,28.0,25,1.24,1.26,
O51109,S102,Delhi,P2023,23.0,33,6.61,5.04,Partner Late
O51110,S129,Delhi,P2118,31.0,41,5.58,5.58,Store Delay
O51111,S113,Mumbai,P2060,22.0,29,4.78,4.26,Partner Late
O51112,S122,Mumbai,P2296,37.0,33,0.65,0.61,
O51113,S104,Hyderabad,P2249,39.0,44,2.3,2.25,System Issue
O51114,S129,Delhi,P2167,25.0,28,5.89,5.07,Partner Late
O51115,S118,Hyderabad,P2170,15.0,10,1.38,1.28,
O51116,S100,Mumbai,P2242,16.0,18,3.02,2.36,Traffic
O51117,S110,Bangalore,P2064,21.0,22,2.87,3.11,Store Delay
O51118,S113,Mumbai,P2126,23.0,22,6.07,5.8,
O51119,S105,Delhi,P2166,30.0,27,0.6,0.42,
O51120,S110,Bangalore,P2142,15.0,25,2.49,1.89,Traffic
O51121,S111,Bangalore,P2145,22.0,16,7.88,7.86,
O51122,S134,Delhi,P2026,30.0,26,5.21,4.19,
O51123,S104,Hyderabad,P2051,15.0,16,2.54,1.93,Traffic
O51124,S130,Mumbai,P2131,38.0,49,0.72,0.56,Partner Late
O51125,S139,Mumbai,P2269,31.0,41,3.34,3.2,Traffic
O51126,S124,Hyderabad,P2008,17.0,27,7.27,5.83,Store Delay
O51127,S137,Mumbai,P2025,39.0,49,7.63,7.68,Partner Late
O51128,S101,Bangalore,P2263,24.0,19,3.1,2.36,
O51129,S132,Delhi,P2206,25.0,27,2.86,2.22,Traffic
O51130,S104,Hyderabad,P2062,23.0,37,3.62,3.08,Traffic
O51131,S105,Delhi,P2213,21.0,27,3.42,3.36,Partner Late
O51132,S116,Mumbai,P2222,34.0,44,2.36,2.21,Partner Late
O51133,S114,Mumbai,P2080,30.0,43,5.45,5.32,Traffic
O51134,S128,Bangalore,P2034,18.0,21,7.78,6.42,Traffic
O51135,S123,Delhi,P2242,36.0,49,7.27,5.37,
O51136,S115,Hyderabad,P2157,23.0,24,1.22,1.19,Traffic
O51137,S105,Delhi,P2290,16.0,15,0.78,0.56,
O51138,S119,Mumbai,P2031,29.0,34,0.71,0.69,Traffic
O51139,S127,Bangalore,P2290,17.0,16,4.55,4.4,
O51140,S111,Bangalore,P2215,25.0,27,3.7,3.1,Store Delay
O51141,S119,Mumbai,P2253,27.0,35,5.13,4.34,
O51142,S116,Mumbai,P2281,23.0,26,4.71,3.41,Store Delay
O51143,S124,Hyderabad,P2079,28.0,48,1.37,1.37,System Issue
O51144,S123,Delhi,P2272,29.0,36,4.76,3.51,Store Delay
O51145,S112,Delhi,P2284,33.0,41,2.0,1.59,Partner Late
O51146,S137,Mumbai,P2067,22.0,23,6.93,6.31,Traffic
O51147,S115,Hyderabad,P2186,16.0,12,7.31,6.34,
O51148,S109,Delhi,P2148,18.0,24,7.74,8.0,Partner Late
O51149,S137,Mumbai,P2034,37.0,35,7.53,6.25,
O51150,S135,Bangalore,P2166,15.0,13,1.23,0.99,
O51151,S118,Hyderabad,P2202,28.0,34,1.65,1.55,Traffic
O51152,S120,Delhi,P2031,38.0,49,3.86,3.83,Store Delay
O51153,S139,Mumbai,P2268,30.0,27,1.23,1.3,
O51154,S115,Hyderabad,P2040,24.0,33,1.87,1.84,Traffic
O51155,S115,Hyderabad,P2252,20.0,37,2.76,2.58,Partner Late
O51156,S105,Delhi,P2175,18.0,43,2.76,2.35,Store Delay
O51157,S128,Bangalore,P2124,37.0,45,4.61,5.01,Traffic
O51158,S113,Mumbai,P2107,16.0,11,2.18,1.94,
O51159,S125,Mumbai,P2232,32.0,49,5.51,4.73,Partner Late
O51160,S100,Mumbai,P2199,34.0,31,1.58,1.52,
O51161,S118,Hyderabad,P2172,27.0,33,7.34,5.41,Traffic
O51162,S125,Mumbai,P2206,25.0,42,1.03,0.8,Store Delay
O51163,S111,Bangalore,P2108,21.0,25,5.83,5.9,Traffic
O51164,S121,Hyderabad,P2295,23.0,29,1.97,1.67,Traffic
O51165,S106,Delhi,P2160,38.0,40,6.94,6.66,System Issue
O51166,S124,Hyderabad,P2270,39.0,39,5.84,5.91,
O51167,S116,Mumbai,P2204,18.0,24,7.31,6.33,Traffic
O51168,S136,Bangalore,P2200,35.0,43,6.94,5.34,Store Delay
O51169,S139,Mumbai,P2019,39.0,41,4.6,4.56,Partner Late
O51170,S111,Bangalore,P2077,25.0,44,1.8,1.31,Partner Late
O51171,S102,Delhi,P2056,15.0,19,3.71,2.85,Partner Late
O51172,S105,Delhi,P2017,30.0,31,1.17,1.0,Store Delay
O51173,S104,Hyderabad,P2085,26.0,32,2.05,2.06,Weather
O51174,S108,Mumbai,P2146,31.0,32,7.42,6.69,Partner Late
O51175,S137,Mumbai,P2174,20.0,31,6.35,6.08,Store Delay
O51176,S112,Delhi,P2155,19.0,31,1.07,0.79,
O51177,S109,Delhi,P2195,33.0,36,6.06,4.77,Store Delay
O51178,S105,Delhi,P2286,20.0,19,6.43,4.51,
O51179,S119,Mumbai,P2007,39.0,45,3.34,3.48,Weather
O51180,S136,Bangalore,P2265,21.0,29,5.46,4.61,Traffic
O51181,S130,Mumbai,P2148,15.0,25,0.59,0.63,Partner Late
O51182,S103,Bangalore,P2001,16.0,21,5.01,4.54,
O51183,S101,Bangalore,P2204,33.0,34,5.95,5.91,Partner Late
O51184,S137,Mumbai,P2075,19.0,12,5.69,6.26,
O51185,S107,Mumbai,P2267,18.0,17,6.13,5.62,
O51186,S138,Delhi,P2007,39.0,38,2.85,2.01,
O51187,S121,Hyderabad,P2070,34.0,20,7.55,7.7,
O51188,S110,Bangalore,P2108,22.0,32,0.82,0.74,
O51189,S135,Bangalore,P2034,32.0,36,7.32,7.5,Store Delay
O51190,S107,Mumbai,P2219,31.0,38,6.98,6.65,Store Delay
O51191,S128,Bangalore,P2227,33.0,45,0.69,0.54,Store Delay
O51192,S129,Delhi,P2197,24.0,29,4.92,5.05,Traffic
O51193,S138,Delhi,P2095,33.0,26,1.56,1.3,
O51194,S122,Mumbai,P2135,30.0,36,3.37,3.03,Store Delay
O51195,S101,Bangalore,P2070,20.0,30,1.54,1.12,Partner Late
O51196,S132,Delhi,P2130,36.0,49,0.74,0.59,Weather
O51197,S135,Bangalore,P2191,34.0,41,7.78,7.01,Weather
O51198,S137,Mumbai,P2116,21.0,32,6.18,4.77,Store Delay
O51199,S119,Mumbai,P2140,27.0,41,3.64,3.47,Store Delay
O51200,S127,Bangalore,P2181,29.0,49,3.6,3.14,Traffic
O51201,S123,Delhi,P2028,17.0,13,7.56,6.2,
O51202,S117,Delhi,P2298,28.0,-10,1.25,0.9,Partner Late
O51203,S135,Bangalore,P2079,24.0,35,3.05,2.27,
O51204,S113,Mumbai,P2112,21.0,30,6.52,6.69,Traffic
O51205,S118,Hyderabad,P2218,20.0,33,7.25,5.43,Traffic
O51206,S104,Hyderabad,P2061,18.0,21,6.14,5.26,Traffic
O51207,S134,Delhi,P2212,37.0,40,1.79,1.48,Partner Late
O51208,S117,Delhi,P2035,38.0,-10,7.64,5.49,Store Delay
O51209,S101,Bangalore,P2153,36.0,51,7.46,5.37,Traffic
O51210,S110,Bangalore,P2207,32.0,44,3.2,2.9,Store Delay
O51211,S131,Delhi,P2286,34.0,32,4.21,4.52,
O51212,S103,Bangalore,P2026,27.0,26,2.17,1.83,
O51213,S101,Bangalore,P2202,39.0,42,2.29,2.41,Traffic
O51214,S136,Bangalore,P2106,26.0,47,6.9,5.44,Partner Late
O51215,S133,Delhi,P2288,36.0,42,0.86,0.88,Store Delay
O51216,S114,Mumbai,P2000,31.0,31,5.38,4.17,
O51217,S100,Mumbai,P2090,17.0,27,5.08,5.09,Store Delay
O51218,S116,Mumbai,P2203,28.0,34,7.6,6.67,
O51219,S121,Hyderabad,P2096,19.0,22,1.22,1.03,Store Delay
O51220,S111,Bangalore,P2056,15.0,18,2.5,2.24,Traffic
O51221,S103,Bangalore,P2069,20.0,27,2.05,2.15,Traffic
O51222,S138,Delhi,P2139,23.0,26,1.99,2.01,Traffic
O51223,S131,Delhi,P2092,39.0,49,7.07,5.94,System Issue
O51224,S125,Mumbai,P2017,36.0,31,5.77,4.77,
O51225,S118,Hyderabad,P2286,15.0,10,4.92,5.23,
O51226,S125,Mumbai,P2224,17.0,30,5.22,5.57,Partner Late
O51227,S122,Mumbai,P2191,21.0,18,5.32,5.23,
O51228,S100,Mumbai,P2134,28.0,22,1.42,1.52,
O51229,S129,Delhi,P2183,31.0,32,5.78,4.13,Traffic
O51230,S126,Delhi,P2166,39.0,38,1.1,0.95,
O51231,S104,Hyderabad,P2238,31.0,37,7.25,6.95,Traffic
O51232,S103,Bangalore,P2194,20.0,21,3.35,3.42,Traffic
O51233,S127,Bangalore,P2189,31.0,28,7.17,7.63,
O51234,S109,Delhi,P2013,18.0,23,6.93,6.05,
O51235,S103,Bangalore,P2178,39.0,41,0.67,0.59,Store Delay
O51236,S106,Delhi,P2236,21.0,36,6.65,5.49,Traffic
O51237,S137,Mumbai,P2174,36.0,41,1.52,1.45,System Issue
O51238,S135,Bangalore,P2131,31.0,45,5.37,4.7,System Issue
O51239,S116,Mumbai,P2243,33.0,37,6.74,6.3,System Issue
O51240,S114,Mumbai,P2184,23.0,27,0.84,0.82,Store Delay
O51241,S137,Mumbai,P2026,20.0,17,7.19,6.68,
O51242,S122,Mumbai,P2089,34.0,33,5.54,4.45,
O51243,S118,Hyderabad,P2286,15.0,13,6.53,5.48,
O51244,S102,Delhi,P2042,18.0,14,2.9,2.48,
O51245,S133,Delhi,P2223,22.0,38,7.88,6.9,Store Delay
O51246,S110,Bangalore,P2251,23.0,37,3.58,3.15,Traffic
O51247,S135,Bangalore,P2287,30.0,32,2.43,1.86,Store Delay
O51248,S104,Hyderabad,P2298,23.0,18,3.38,3.18,
O51249,S108,Mumbai,P2259,29.0,28,5.25,5.63,
O51250,S123,Delhi,P2078,35.0,42,3.85,3.63,Store Delay
O51251,S131,Delhi,P2057,24.0,25,1.73,1.81,Partner Late
O51252,S137,Mumbai,P2193,16.0,30,7.35,7.53,Traffic
O51253,S110,Bangalore,P2253,22.0,22,2.79,2.9,
O51254,S137,Mumbai,P2136,25.0,32,1.22,0.85,Store Delay
O51255,S139,Mumbai,P2076,15.0,12,5.53,4.27,
O51256,S103,Bangalore,P2069,29.0,39,5.71,4.24,Store Delay
O51257,S133,Delhi,P2107,26.0,32,1.43,1.08,Traffic
O51258,S102,Delhi,P2216,31.0,50,4.07,3.61,Weather
O51259,S125,Mumbai,P2161,22.0,32,5.65,4.48,Store Delay
O51260,S109,Delhi,P2222,37.0,39,1.65,1.5,Weather
O51261,S103,Bangalore,P2274,20.0,24,2.25,1.72,Weather
O51262,S130,Mumbai,P2083,19.0,24,1.02,0.77,Traffic
O51263,S128,Bangalore,P2008,36.0,42,5.43,4.99,Traffic
O51264,S121,Hyderabad,P2270,37.0,35,3.4,3.51,
O51265,S126,Delhi,P2258,37.0,39,1.43,1.17,Weather
O51266,S135,Bangalore,P2095,37.0,41,2.0,1.91,Store Delay
O51267,S112,Delhi,P2116,34.0,47,7.67,6.18,Store Delay
O51268,S118,Hyderabad,P2049,32.0,24,5.44,4.01,
O51269,S121,Hyderabad,P2134,37.0,44,5.86,5.91,Traffic
O51270,S103,Bangalore,P2195,33.0,32,5.14,3.97,
O51271,S100,Mumbai,P2124,28.0,53,6.73,4.89,Store Delay
O51272,S119,Mumbai,P2186,22.0,27,7.82,7.42,Traffic
O51273,S100,Mumbai,P2218,22.0,20,1.81,1.97,
O51274,S105,Delhi,P2074,18.0,28,0.9,0.88,Store Delay
O51275,S121,Hyderabad,P2103,30.0,38,4.14,3.62,Traffic
O51276,S105,Delhi,P2175,20.0,38,4.41,3.51,Store Delay
O51277,S138,Delhi,P2299,22.0,26,5.38,5.2,
O51278,S137,Mumbai,P2184,28.0,29,4.81,3.61,Store Delay
O51279,S115,Hyderabad,P2043,36.0,32,2.86,2.1,
O51280,S117,Delhi,P2062,38.0,39,7.53,8.12,System Issue
O51281,S128,Bangalore,P2297,34.0,51,5.37,5.21,Store Delay
O51282,S124,Hyderabad,P2151,37.0,32,7.43,5.69,
O51283,S111,Bangalore,P2289,31.0,36,5.55,5.54,Traffic
O51284,S130,Mumbai,P2119,38.0,35,4.36,4.5,
O51285,S129,Delhi,P2249,34.0,30,5.17,5.65,
O51286,S127,Bangalore,P2111,29.0,35,1.78,1.88,Partner Late
O51287,S132,Delhi,P2226,27.0,19,0.93,0.66,
O51288,S103,Bangalore,P2226,30.0,-10,6.26,6.35,Traffic
O51289,S104,Hyderabad,P2111,36.0,44,0.98,1.07,Store Delay
O51290,S102,Delhi,P2286,28.0,39,2.55,2.55,Traffic
O51291,S107,Mumbai,P2156,35.0,21,0.78,0.6,
O51292,S102,Delhi,P2122,38.0,39,3.54,3.37,Store Delay
O51293,S108,Mumbai,P2117,27.0,20,7.67,8.34,
O51294,S115,Hyderabad,P2276,28.0,32,1.36,1.05,Traffic
O51295,S124,Hyderabad,P2263,34.0,44,6.01,4.92,Traffic
O51296,S120,Delhi,P2136,25.0,38,2.47,2.55,Partner Late
O51297,S135,Bangalore,P2051,38.0,39,3.32,2.62,Store Delay
O51298,S110,Bangalore,P2133,33.0,32,6.45,5.55,
O51299,S108,Mumbai,P2285,37.0,54,6.15,5.97,
O51300,S103,Bangalore,P2280,35.0,35,1.9,1.89,
O51301,S110,Bangalore,P2110,37.0,39,7.93,8.16,Traffic
O51302,S132,Delhi,P2219,17.0,14,4.04,4.32,
O51303,S138,Delhi,P2292,37.0,43,4.51,4.09,Store Delay
O51304,S126,Delhi,P2102,30.0,22,6.51,6.8,
O51305,S108,Mumbai,P2110,25.0,28,5.23,4.16,Partner Late
O51306,S105,Delhi,P2218,20.0,39,2.25,1.7,Traffic
O51307,S106,Delhi,P2290,16.0,20,2.46,2.52,System Issue
O51308,S129,Delhi,P2072,26.0,33,6.64,6.21,Traffic
O51309,S119,Mumbai,P2261,19.0,35,3.15,2.37,Weather
O51310,S114,Mumbai,P2126,33.0,33,5.03,5.5,
O51311,S122,Mumbai,P2263,25.0,27,6.88,6.69,Partner Late
O51312,S124,Hyderabad,P2287,21.0,18,4.13,4.13,
O51313,S123,Delhi,P2129,28.0,27,5.0,5.16,
O51314,S131,Delhi,P2244,37.0,42,1.69,1.84,System Issue
O51315,S121,Hyderabad,P2135,27.0,34,1.77,1.76,Store Delay
O51316,S111,Bangalore,P2237,28.0,43,2.75,2.79,System Issue
O51317,S119,Mumbai,P2193,15.0,23,5.52,5.81,Store Delay
O51318,S130,Mumbai,P2216,26.0,39,1.69,1.32,Store Delay
O51319,S126,Delhi,P2155,28.0,29,7.11,7.02,Partner Late
O51320,S133,Delhi,P2157,35.0,43,6.57,6.41,Store Delay
O51321,S116,Mumbai,P2174,33.0,40,0.82,0.82,Partner Late
O51322,S121,Hyderabad,P2296,34.0,39,6.5,6.18,Partner Late
O51323,S108,Mumbai,P2247,20.0,22,1.38,1.35,Store Delay
O51324,S114,Mumbai,P2185,15.0,16,5.2,3.76,Partner Late
O51325,S109,Delhi,P2276,29.0,37,3.49,3.3,System Issue
O51326,S105,Delhi,P2099,28.0,37,3.16,2.75,Store Delay
O51327,S126,Delhi,P2066,33.0,38,3.77,3.15,Store Delay
O51328,S105,Delhi,P2019,27.0,43,1.18,1.01,Store Delay
O51329,S130,Mumbai,P2029,24.0,35,6.47,5.75,Partner Late
O51330,S130,Mumbai,P2057,15.0,14,3.64,3.56,
O51331,S105,Delhi,P2010,28.0,49,0.51,0.41,Store Delay
O51332,S120,Delhi,P2155,26.0,33,5.02,3.88,Partner Late
O51333,S127,Bangalore,P2068,33.0,43,7.75,6.16,Weather
O51334,S136,Bangalore,P2052,25.0,29,4.45,3.99,Partner Late
O51335,S139,Mumbai,P2153,17.0,36,1.91,1.48,Traffic
O51336,S125,Mumbai,P2085,28.0,32,3.14,2.2,Store Delay
O51337,S109,Delhi,P2017,19.0,29,1.53,1.11,Traffic
O51338,S104,Hyderabad,P2278,16.0,32,2.56,2.6,Store Delay
O51339,S100,Mumbai,P2257,31.0,40,2.49,2.06,Store Delay
O51340,S134,Delhi,P2277,35.0,50,5.74,5.11,Store Delay
O51341,S124,Hyderabad,P2195,22.0,39,3.04,2.66,Weather
O51342,S106,Delhi,P2069,30.0,29,1.77,1.46,
O51343,S120,Delhi,P2240,23.0,20,5.84,4.29,
O51344,S108,Mumbai,P2011,27.0,46,2.56,1.79,Store Delay
O51345,S122,Mumbai,P2298,39.0,50,1.89,1.99,Partner Late
O51346,S124,Hyderabad,P2193,36.0,54,7.91,7.85,Store Delay
O51347,S103,Bangalore,P2177,35.0,40,6.66,5.6,Store Delay
O51348,S127,Bangalore,P2243,25.0,32,1.76,1.78,Partner Late
O51349,S124,Hyderabad,P2203,31.0,41,7.23,6.2,Partner Late
O51350,S116,Mumbai,P2179,37.0,38,1.94,2.07,Traffic
O51351,S102,Delhi,P2147,25.0,34,1.26,1.2,Traffic
O51352,S106,Delhi,P2073,29.0,28,5.89,5.37,
O51353,S134,Delhi,P2191,24.0,38,6.23,4.51,Store Delay
O51354,S103,Bangalore,P2113,30.0,34,4.38,4.0,Store Delay
O51355,S107,Mumbai,P2135,29.0,34,4.78,5.25,Partner Late
O51356,S134,Delhi,P2214,29.0,53,4.79,3.81,Traffic
O51357,S136,Bangalore,P2011,26.0,39,1.77,1.26,Partner Late
O51358,S136,Bangalore,P2055,19.0,14,4.54,3.96,
O51359,S127,Bangalore,P2020,26.0,43,3.05,2.87,Partner Late
O51360,S106,Delhi,P2004,26.0,32,6.38,6.85,Traffic
O51361,S127,Bangalore,P2074,31.0,44,1.41,1.43,Store Delay
O51362,S100,Mumbai,P2194,28.0,30,7.83,7.66,Store Delay
O51363,S127,Bangalore,P2129,37.0,40,4.65,4.38,Traffic
O51364,S127,Bangalore,P2214,28.0,33,0.88,0.76,Traffic
O51365,S121,Hyderabad,P2257,18.0,20,4.09,4.18,Traffic
O51366,S134,Delhi,P2058,28.0,27,6.66,4.78,
O51367,S101,Bangalore,P2252,30.0,46,3.36,2.4,Traffic
O51368,S113,Mumbai,P2160,15.0,19,4.51,4.09,System Issue
O51369,S135,Bangalore,P2247,29.0,24,4.75,4.86,
O51370,S109,Delhi,P2271,25.0,20,1.56,1.52,
O51371,S124,Hyderabad,P2197,38.0,46,5.67,4.65,Store Delay
O51372,S137,Mumbai,P2233,38.0,53,7.07,5.66,Traffic
O51373,S108,Mumbai,P2014,28.0,37,4.57,4.29,Traffic
O51374,S108,Mumbai,P2251,36.0,43,7.88,8.23,Store Delay
O51375,S134,Delhi,P2236,26.0,22,4.76,4.04,
O51376,S133,Delhi,P2184,39.0,34,4.67,3.82,
O51377,S132,Delhi,P2261,15.0,12,6.8,5.4,
O51378,S124,Hyderabad,P2041,36.0,35,4.07,4.07,
O51379,S119,Mumbai,P2242,31.0,35,7.4,7.36,Partner Late
O51380,S125,Mumbai,P2226,22.0,26,5.65,4.79,Traffic
O51381,S119,Mumbai,P2233,37.0,34,0.99,1.04,
O51382,S106,Delhi,P2260,34.0,40,3.38,3.22,Partner Late
O51383,S112,Delhi,P2224,21.0,17,2.89,2.56,
O51384,S122,Mumbai,P2255,,38,6.94,5.92,Partner Late
O51385,S125,Mumbai,P2187,30.0,32,7.27,7.5,Store Delay
O51386,S124,Hyderabad,P2117,37.0,42,5.81,6.16,Partner Late
O51387,S116,Mumbai,P2163,18.0,15,2.18,1.73,
O51388,S105,Delhi,P2059,22.0,34,0.51,0.56,Weather
O51389,S112,Delhi,P2089,39.0,48,2.81,2.46,Store Delay
O51390,S108,Mumbai,P2087,38.0,54,6.79,5.1,Partner Late
O51391,S100,Mumbai,P2076,32.0,24,6.61,5.88,
O51392,S121,Hyderabad,P2207,39.0,59,7.21,6.15,Weather
O51393,S121,Hyderabad,P2115,34.0,44,0.66,0.47,Store Delay
O51394,S110,Bangalore,P2086,19.0,19,1.92,1.73,
O51395,S123,Delhi,P2245,21.0,29,4.55,3.88,Store Delay
O51396,S114,Mumbai,P2081,27.0,29,3.11,3.17,Partner Late
O51397,S110,Bangalore,P2176,25.0,32,3.9,3.86,Store Delay
O51398,S130,Mumbai,P2239,29.0,40,6.4,4.64,Partner Late
O51399,S107,Mumbai,P2075,39.0,53,2.08,1.61,Traffic
O51400,S117,Delhi,P2234,25.0,35,3.62,3.09,Weather
O51401,S120,Delhi,P2142,27.0,36,4.11,3.07,Partner Late
O51402,S110,Bangalore,P2181,29.0,37,2.74,2.15,Store Delay
O51403,S126,Delhi,P2202,33.0,39,2.64,2.28,Traffic
O51404,S137,Mumbai,P2156,34.0,44,2.95,2.92,Store Delay
O51405,S101,Bangalore,P2167,22.0,35,3.84,2.96,Traffic
O51406,S107,Mumbai,P2215,35.0,39,7.14,7.35,Partner Late
O51407,S123,Delhi,P2132,16.0,10,2.84,2.75,
O51408,S139,Mumbai,P2141,19.0,20,7.54,6.27,Store Delay
O51409,S100,Mumbai,P2236,27.0,29,4.99,4.54,Traffic
O51410,S106,Delhi,P2224,24.0,34,6.74,4.74,System Issue
O51411,S103,Bangalore,P2006,27.0,30,5.79,5.11,Traffic
O51412,S122,Mumbai,P2220,15.0,19,4.85,5.11,Weather
O51413,S128,Bangalore,P2230,33.0,39,2.79,2.28,Store Delay
O51414,S121,Hyderabad,P2197,20.0,22,6.49,6.7,Traffic
O51415,S117,Delhi,P2000,28.0,32,7.89,7.91,Partner Late
O51416,S120,Delhi,P2076,23.0,31,4.87,3.92,Store Delay
O51417,S133,Delhi,P2143,36.0,42,4.73,3.83,Traffic
O51418,S124,Hyderabad,P2199,23.0,19,3.62,2.79,
O51419,S139,Mumbai,P2178,34.0,45,2.64,2.76,Traffic
O51420,S111,Bangalore,P2250,35.0,33,3.2,3.17,
O51421,S110,Bangalore,P2050,21.0,34,5.2,4.46,Traffic
O51422,S132,Delhi,P2070,32.0,32,1.83,1.55,
O51423,S121,Hyderabad,P2095,27.0,52,1.17,1.17,Traffic
O51424,S133,Delhi,P2151,29.0,28,3.01,3.09,
O51425,S127,Bangalore,P2184,17.0,16,7.52,5.29,
O51426,S101,Bangalore,P2105,37.0,34,2.19,2.04,
O51427,S118,Hyderabad,P2203,26.0,22,0.85,0.86,
O51428,S119,Mumbai,P2128,24.0,34,6.51,6.24,Store Delay
O51429,S109,Delhi,P2100,26.0,28,3.58,2.55,Partner Late
O51430,S105,Delhi,P2280,21.0,31,2.75,2.91,Store Delay
O51431,S123,Delhi,P2251,30.0,37,3.83,2.92,Store Delay
O51432,S125,Mumbai,P2032,16.0,41,7.09,5.45,
O51433,S109,Delhi,P2102,37.0,30,7.2,6.27,
O51434,S110,Bangalore,P2118,25.0,19,0.54,0.55,
O51435,S128,Bangalore,P2035,36.0,44,7.58,7.25,Traffic
O51436,S115,Hyderabad,P2275,39.0,48,4.24,3.72,Traffic
O51437,S137,Mumbai,P2025,20.0,21,0.81,0.89,Traffic
O51438,S105,Delhi,P2044,37.0,54,5.47,4.87,
O51439,S136,Bangalore,P2152,39.0,41,6.77,5.81,Partner Late
O51440,S126,Delhi,P2135,22.0,34,6.17,5.49,System Issue
O51441,S119,Mumbai,P2270,26.0,18,6.15,5.55,
O51442,S115,Hyderabad,P2285,29.0,51,3.14,2.95,Store Delay
O51443,S104,Hyderabad,P2162,32.0,34,1.16,1.14,Store Delay
O51444,S103,Bangalore,P2206,24.0,35,1.43,1.22,System Issue
O51445,S106,Delhi,P2252,35.0,31,3.34,2.63,
O51446,S133,Delhi,P2075,19.0,24,8.0,7.75,Traffic
O51447,S109,Delhi,P2205,27.0,49,2.21,2.16,Weather
O51448,S128,Bangalore,P2147,31.0,38,7.93,7.96,Store Delay
O51449,S116,Mumbai,P2054,35.0,43,2.63,2.18,Traffic
O51450,S139,Mumbai,P2243,32.0,34,7.24,6.97,Weather
O51451,S127,Bangalore,P2188,37.0,40,5.66,6.2,Traffic
O51452,S134,Delhi,P2096,36.0,34,4.97,4.69,
O51453,S116,Mumbai,P2231,28.0,34,7.0,5.02,System Issue
O51454,S106,Delhi,P2268,33.0,33,1.96,1.57,
O51455,S121,Hyderabad,P2042,19.0,27,4.63,4.28,Partner Late
O51456,S111,Bangalore,P2209,35.0,33,6.16,6.76,
O51457,S109,Delhi,P2217,15.0,20,5.8,5.75,Weather
O51458,S119,Mumbai,P2131,20.0,38,5.04,5.13,Store Delay
O51459,S110,Bangalore,P2298,26.0,30,5.89,5.75,
O51460,S138,Delhi,P2221,36.0,42,4.63,3.66,
O51461,S123,Delhi,P2197,18.0,20,3.69,3.93,Weather
O51462,S126,Delhi,P2077,25.0,28,3.12,3.2,Traffic
O51463,S130,Mumbai,P2102,32.0,42,6.41,6.89,Store Delay
O51464,S132,Delhi,P2068,17.0,20,5.96,4.98,Store Delay
O51465,S122,Mumbai,P2085,33.0,45,4.13,3.31,
O51466,S113,Mumbai,P2176,21.0,27,3.38,2.47,Weather
O51467,S125,Mumbai,P2024,29.0,39,7.17,7.63,Partner Late
O51468,S116,Mumbai,P2228,23.0,26,6.75,4.91,Traffic
O51469,S139,Mumbai,P2229,24.0,37,7.91,8.06,Weather
O51470,S131,Delhi,P2025,17.0,17,1.39,1.1,
O51471,S129,Delhi,P2223,35.0,23,4.72,3.57,
O51472,S103,Bangalore,P2105,20.0,28,5.99,5.78,System Issue
O51473,S101,Bangalore,P2128,36.0,27,7.92,6.82,
O51474,S100,Mumbai,P2171,18.0,19,4.2,4.61,System Issue
O51475,S101,Bangalore,P2232,25.0,35,4.68,3.69,Store Delay
O51476,S110,Bangalore,P2179,24.0,23,6.13,6.63,
O51477,S139,Mumbai,P2000,32.0,26,1.66,1.53,
O51478,S126,Delhi,P2205,34.0,42,7.25,7.02,Partner Late
O51479,S127,Bangalore,P2097,32.0,44,5.57,4.15,Traffic
O51480,S138,Delhi,P2174,24.0,36,4.97,3.61,Traffic
O51481,S119,Mumbai,P2103,37.0,48,4.19,3.49,Traffic
O51482,S115,Hyderabad,P2197,31.0,42,2.26,2.14,Store Delay
O51483,S129,Delhi,P2117,35.0,37,5.03,4.47,Traffic
O51484,S131,Delhi,P2269,34.0,30,3.93,3.19,
O51485,S132,Delhi,P2096,24.0,31,4.51,4.63,Partner Late
O51486,S114,Mumbai,P2146,15.0,29,3.64,3.98,Store Delay
O51487,S137,Mumbai,P2099,33.0,36,6.32,5.86,Store Delay
O51488,S134,Delhi,P2041,30.0,26,7.38,7.46,
O51489,S116,Mumbai,P2147,33.0,37,3.31,3.17,Weather
O51490,S109,Delhi,P2049,32.0,31,2.86,2.48,
O51491,S132,Delhi,P2006,23.0,31,5.87,6.22,Store Delay
O51492,S123,Delhi,P2143,23.0,24,1.73,1.55,Traffic
O51493,S120,Delhi,P2215,32.0,33,3.33,3.35,Store Delay
O51494,S111,Bangalore,P2020,36.0,41,6.65,6.67,Traffic
O51495,S104,Hyderabad,P2098,39.0,43,2.29,1.75,System Issue
O51496,S139,Mumbai,P2156,19.0,31,7.97,7.35,Store Delay
O51497,S101,Bangalore,P2039,23.0,19,4.75,4.67,
O51498,S118,Hyderabad,P2027,22.0,27,0.55,0.42,Store Delay
O51499,S134,Delhi,P2055,20.0,37,4.72,4.04,Traffic
O51500,S106,Delhi,P2188,28.0,33,6.99,4.92,Partner Late
O51501,S105,Delhi,P2013,18.0,22,2.85,2.02,Store Delay
O51502,S132,Delhi,P2243,29.0,33,7.08,5.28,Partner Late
O51503,S115,Hyderabad,P2110,34.0,41,7.51,6.06,Store Delay
O51504,S105,Delhi,P2132,34.0,30,0.93,0.85,
O51505,S135,Bangalore,P2150,20.0,18,6.45,7.01,
O51506,S105,Delhi,P2058,20.0,38,3.24,3.5,Store Delay
O51507,S133,Delhi,P2147,24.0,29,4.21,4.07,Traffic
O51508,S112,Delhi,P2214,30.0,42,2.73,2.14,Store Delay
O51509,S108,Mumbai,P2224,29.0,33,2.08,2.13,Traffic
O51510,S103,Bangalore,P2204,22.0,16,6.08,4.34,
O51511,S106,Delhi,P2054,20.0,15,3.49,3.65,
O51512,S112,Delhi,P2220,15.0,41,3.78,2.74,Store Delay
O51513,S116,Mumbai,P2286,32.0,36,1.99,2.19,Partner Late
O51514,S107,Mumbai,P2206,26.0,25,6.9,5.78,
O51515,S112,Delhi,P2284,35.0,41,1.58,1.27,Traffic
O51516,S138,Delhi,P2142,18.0,37,7.76,8.32,Store Delay
O51517,S118,Hyderabad,P2232,38.0,57,5.4,5.55,
O51518,S102,Delhi,P2105,30.0,36,4.98,4.19,Partner Late
O51519,S109,Delhi,P2026,17.0,17,5.29,4.04,
O51520,S133,Delhi,P2099,27.0,48,1.58,1.21,Traffic
O51521,S116,Mumbai,P2159,20.0,14,5.5,5.95,
O51522,S137,Mumbai,P2076,21.0,34,5.04,5.46,Store Delay
O51523,S135,Bangalore,P2121,16.0,22,4.01,3.21,
O51524,S130,Mumbai,P2142,24.0,39,3.59,3.75,Traffic
O51525,S127,Bangalore,P2214,19.0,21,0.84,0.72,
O51526,S105,Delhi,P2001,,54,6.43,6.96,Partner Late
O51527,S126,Delhi,P2202,26.0,46,4.76,3.76,Store Delay
O51528,S117,Delhi,P2126,22.0,44,6.32,6.59,Store Delay
O51529,S136,Bangalore,P2014,27.0,22,1.07,0.96,
O51530,S119,Mumbai,P2011,15.0,20,2.69,2.32,Partner Late
O51531,S116,Mumbai,P2263,19.0,31,7.44,5.27,Traffic
O51532,S136,Bangalore,P2096,28.0,40,7.96,7.89,Store Delay
O51533,S105,Delhi,P2058,38.0,46,1.37,1.18,Traffic
O51534,S131,Delhi,P2242,28.0,31,4.26,4.52,Store Delay
O51535,S119,Mumbai,P2260,28.0,35,1.4,1.01,Store Delay
O51536,S104,Hyderabad,P2224,32.0,45,3.06,2.17,Traffic
O51537,S129,Delhi,P2071,23.0,25,5.91,4.62,Traffic
O51538,S103,Bangalore,P2263,18.0,22,1.02,1.07,Traffic
O51539,S101,Bangalore,P2246,30.0,22,0.77,0.57,
O51540,S105,Delhi,P2158,15.0,10,7.54,6.43,
O51541,S112,Delhi,P2185,33.0,38,3.27,3.36,Traffic
O51542,S130,Mumbai,P2202,34.0,38,5.26,3.71,Store Delay
O51543,S101,Bangalore,P2270,24.0,28,7.18,5.83,
O51544,S135,Bangalore,P2157,29.0,27,7.8,6.99,
O51545,S119,Mumbai,P2228,18.0,25,7.79,6.41,Traffic
O51546,S105,Delhi,P2228,26.0,41,4.74,3.6,Partner Late
O51547,S100,Mumbai,P2124,24.0,35,3.17,2.44,Store Delay
O51548,S109,Delhi,P2187,29.0,33,2.86,2.75,Traffic
O51549,S111,Bangalore,P2061,20.0,20,6.64,6.27,
O51550,S138,Delhi,P2280,28.0,32,4.29,3.69,Store Delay
O51551,S112,Delhi,P2269,33.0,30,5.16,3.97,
O51552,S105,Delhi,P2091,33.0,61,6.05,5.3,Traffic
O51553,S112,Delhi,P2047,34.0,32,7.49,7.25,
O51554,S137,Mumbai,P2091,17.0,25,4.59,4.28,Weather
O51555,S124,Hyderabad,P2292,19.0,24,7.83,6.56,Store Delay
O51556,S113,Mumbai,P2258,22.0,14,5.21,3.85,
O51557,S136,Bangalore,P2224,32.0,32,5.18,3.72,
O51558,S112,Delhi,P2104,38.0,49,4.62,3.93,Traffic
O51559,S132,Delhi,P2077,17.0,19,7.06,5.43,Traffic
O51560,S132,Delhi,P2236,28.0,30,5.55,5.37,Store Delay
O51561,S135,Bangalore,P2019,28.0,40,7.21,7.17,Traffic
O51562,S123,Delhi,P2097,27.0,30,6.88,5.92,Traffic
O51563,S115,Hyderabad,P2233,31.0,47,7.08,7.0,Store Delay
O51564,S132,Delhi,P2219,38.0,39,7.88,5.83,Traffic
O51565,S100,Mumbai,P2180,34.0,51,1.43,1.09,Store Delay
O51566,S122,Mumbai,P2248,27.0,28,2.8,2.63,Traffic
O51567,S107,Mumbai,P2173,15.0,20,6.56,5.79,Partner Late
O51568,S123,Delhi,P2206,31.0,33,5.32,5.56,Partner Late
O51569,S121,Hyderabad,P2042,39.0,39,5.36,4.39,
O51570,S119,Mumbai,P2065,31.0,46,5.07,5.35,Partner Late
O51571,S102,Delhi,P2225,24.0,24,4.89,4.19,
O51572,S105,Delhi,P2206,35.0,37,2.65,2.75,Store Delay
O51573,S105,Delhi,P2201,38.0,48,6.96,7.24,Traffic
O51574,S129,Delhi,P2040,28.0,43,2.33,1.84,Store Delay
O51575,S139,Mumbai,P2000,23.0,17,7.97,8.36,
O51576,S127,Bangalore,P2093,24.0,23,4.17,4.12,
O51577,S103,Bangalore,P2102,25.0,33,3.3,3.15,Store Delay
O51578,S101,Bangalore,P2192,36.0,40,7.29,7.37,System Issue
O51579,S108,Mumbai,P2122,29.0,22,5.07,4.93,
O51580,S121,Hyderabad,P2288,15.0,10,0.62,0.53,
O51581,S127,Bangalore,P2242,17.0,24,3.96,3.26,Weather
O51582,S106,Delhi,P2018,17.0,20,1.02,0.95,Store Delay
O51583,S110,Bangalore,P2224,37.0,39,5.41,5.3,Traffic
O51584,S120,Delhi,P2113,20.0,45,6.19,6.48,Traffic
O51585,S102,Delhi,P2136,37.0,45,1.89,1.62,Traffic
O51586,S129,Delhi,P2193,22.0,47,2.23,2.22,Store Delay
O51587,S130,Mumbai,P2075,29.0,38,6.57,6.19,Traffic
O51588,S100,Mumbai,P2115,20.0,24,2.29,1.8,Traffic
O51589,S139,Mumbai,P2053,38.0,40,1.8,1.37,
O51590,S133,Delhi,P2032,30.0,37,3.36,2.49,Traffic
O51591,S104,Hyderabad,P2027,37.0,51,4.56,3.58,
O51592,S119,Mumbai,P2091,19.0,20,2.44,2.36,Store Delay
O51593,S105,Delhi,P2265,25.0,41,7.08,6.74,
O51594,S121,Hyderabad,P2293,35.0,53,5.59,5.38,System Issue
O51595,S139,Mumbai,P2147,36.0,52,3.33,3.36,Store Delay
O51596,S114,Mumbai,P2173,37.0,50,2.4,1.8,Store Delay
O51597,S135,Bangalore,P2000,30.0,39,6.0,4.96,Traffic
O51598,S103,Bangalore,P2196,21.0,26,7.89,5.66,Traffic
O51599,S109,Delhi,P2149,21.0,37,3.16,2.72,Traffic
O51600,S107,Mumbai,P2165,23.0,27,6.97,7.55,Partner Late
O51601,S102,Delhi,P2219,34.0,44,5.61,4.84,Traffic
O51602,S116,Mumbai,P2298,16.0,25,7.98,7.37,Weather
O51603,S104,Hyderabad,P2188,24.0,32,3.41,3.62,Traffic
O51604,S130,Mumbai,P2193,36.0,41,6.96,5.76,Partner Late
O51605,S136,Bangalore,P2098,34.0,31,6.55,5.5,
O51606,S104,Hyderabad,P2143,19.0,37,1.43,1.03,Store Delay
O51607,S109,Delhi,P2216,15.0,13,1.41,1.39,
O51608,S122,Mumbai,P2075,25.0,32,1.4,1.25,Store Delay
O51609,S109,Delhi,P2046,15.0,20,1.01,0.88,Traffic
O51610,S108,Mumbai,P2298,38.0,52,4.98,4.24,Traffic
O51611,S131,Delhi,P2030,18.0,20,5.26,4.12,Traffic
O51612,S102,Delhi,P2118,32.0,31,4.66,4.12,
O51613,S130,Mumbai,P2256,24.0,41,7.88,6.11,Store Delay
O51614,S110,Bangalore,P2298,26.0,21,2.29,1.92,
O51615,S109,Delhi,P2065,28.0,43,0.57,0.51,Traffic
O51616,S125,Mumbai,P2136,15.0,12,0.97,0.78,
O51617,S134,Delhi,P2231,35.0,55,1.89,1.37,Store Delay
O51618,S105,Delhi,P2021,20.0,19,7.59,5.34,
O51619,S135,Bangalore,P2095,29.0,34,5.8,4.7,Partner Late
O51620,S121,Hyderabad,P2082,36.0,29,2.64,1.87,
O51621,S126,Delhi,P2142,31.0,41,3.68,2.67,Partner Late
O51622,S105,Delhi,P2145,39.0,42,5.95,5.07,
O51623,S122,Mumbai,P2096,35.0,42,5.16,3.67,Store Delay
O51624,S102,Delhi,P2208,34.0,27,2.29,2.12,
O51625,S138,Delhi,P2043,23.0,24,2.12,2.32,Traffic
O51626,S108,Mumbai,P2249,32.0,30,5.26,5.67,
O51627,S131,Delhi,P2264,36.0,35,0.51,0.41,
O51628,S117,Delhi,P2186,28.0,34,7.85,5.94,Store Delay
O51629,S112,Delhi,P2106,24.0,28,6.67,6.92,Partner Late
O51630,S131,Delhi,P2243,17.0,19,1.92,2.04,
O51631,S116,Mumbai,P2128,25.0,23,5.94,4.38,
O51632,S136,Bangalore,P2100,33.0,38,2.48,1.93,Traffic
O51633,S136,Bangalore,P2272,31.0,30,7.74,8.39,
O51634,S121,Hyderabad,P2263,21.0,22,4.39,4.03,Store Delay
O51635,S102,Delhi,P2240,23.0,30,0.6,0.52,Traffic
O51636,S133,Delhi,P2048,27.0,18,7.4,5.84,
O51637,S101,Bangalore,P2023,25.0,34,0.57,0.46,Traffic
O51638,S109,Delhi,P2240,37.0,43,5.93,6.01,Store Delay
O51639,S115,Hyderabad,P2090,24.0,37,6.0,6.23,Partner Late
O51640,S135,Bangalore,P2050,23.0,29,6.21,4.59,Traffic
O51641,S115,Hyderabad,P2084,22.0,20,1.88,1.74,
O51642,S112,Delhi,P2126,30.0,23,0.67,0.67,
O51643,S127,Bangalore,P2125,22.0,27,6.22,5.25,Store Delay
O51644,S102,Delhi,P2068,26.0,37,4.97,5.24,Store Delay
O51645,S109,Delhi,P2260,30.0,38,1.93,1.97,Traffic
O51646,S128,Bangalore,P2161,33.0,33,5.85,5.84,
O51647,S129,Delhi,P2040,20.0,30,7.72,7.69,Partner Late
O51648,S100,Mumbai,P2234,32.0,38,2.01,1.54,Partner Late
O51649,S134,Delhi,P2157,26.0,44,5.41,5.63,Traffic
O51650,S111,Bangalore,P2227,28.0,48,3.46,2.84,Traffic
O51651,S109,Delhi,P2190,19.0,50,0.73,0.61,Store Delay
O51652,S118,Hyderabad,P2023,25.0,29,6.54,6.94,Traffic
O51653,S123,Delhi,P2088,17.0,18,1.18,0.83,Traffic
O51654,S127,Bangalore,P2097,34.0,47,7.61,7.78,
O51655,S100,Mumbai,P2180,35.0,34,0.56,0.47,
O51656,S125,Mumbai,P2294,37.0,35,6.75,5.85,
O51657,S112,Delhi,P2138,39.0,46,6.44,4.52,Store Delay
O51658,S110,Bangalore,P2291,18.0,12,2.36,1.69,
O51659,S100,Mumbai,P2102,25.0,25,4.74,3.59,
O51660,S123,Delhi,P2078,19.0,19,0.89,0.79,
O51661,S138,Delhi,P2146,28.0,34,7.0,6.17,Traffic
O51662,S116,Mumbai,P2029,22.0,27,5.28,5.23,Partner Late
O51663,S101,Bangalore,P2176,18.0,26,7.37,7.3,Traffic
O51664,S134,Delhi,P2173,15.0,20,5.78,6.19,Traffic
O51665,S117,Delhi,P2060,15.0,17,3.25,2.59,System Issue
O51666,S122,Mumbai,P2057,22.0,43,6.44,4.94,Traffic
O51667,S117,Delhi,P2057,37.0,39,2.27,2.31,Store Delay
O51668,S127,Bangalore,P2077,37.0,40,4.28,3.79,Partner Late
O51669,S119,Mumbai,P2077,19.0,20,1.52,1.26,Traffic
O51670,S100,Mumbai,P2178,17.0,25,4.19,4.44,
O51671,S136,Bangalore,P2193,35.0,38,7.46,5.24,Traffic
O51672,S129,Delhi,P2070,39.0,44,4.16,3.69,Traffic
O51673,S135,Bangalore,P2164,34.0,38,7.99,7.26,Traffic
O51674,S104,Hyderabad,P2155,38.0,43,1.18,0.89,Partner Late
O51675,S107,Mumbai,P2181,36.0,26,0.91,0.7,
O51676,S104,Hyderabad,P2025,38.0,37,4.67,3.4,
O51677,S124,Hyderabad,P2101,36.0,32,1.77,1.36,
O51678,S108,Mumbai,P2246,37.0,41,6.15,4.69,Partner Late
O51679,S104,Hyderabad,P2193,16.0,30,5.28,4.73,Store Delay
O51680,S121,Hyderabad,P2144,27.0,23,3.96,3.66,
O51681,S106,Delhi,P2180,23.0,13,3.18,2.31,
O51682,S129,Delhi,P2125,29.0,40,4.3,3.7,Traffic
O51683,S112,Delhi,P2049,25.0,32,0.77,0.75,Traffic
O51684,S120,Delhi,P2285,31.0,28,0.69,0.74,
O51685,S133,Delhi,P2207,21.0,22,1.74,1.6,Partner Late
O51686,S121,Hyderabad,P2029,38.0,32,6.13,4.82,
O51687,S130,Mumbai,P2101,23.0,37,5.32,4.07,Traffic
O51688,S125,Mumbai,P2225,38.0,42,7.11,6.3,
O51689,S127,Bangalore,P2224,39.0,35,7.48,6.14,
O51690,S113,Mumbai,P2229,20.0,10,4.67,4.43,
O51691,S125,Mumbai,P2211,26.0,28,1.24,1.29,Partner Late
O51692,S121,Hyderabad,P2217,17.0,33,1.08,0.96,Traffic
O51693,S128,Bangalore,P2251,32.0,52,6.58,4.68,Traffic
O51694,S109,Delhi,P2035,17.0,17,1.43,1.52,
O51695,S103,Bangalore,P2040,25.0,29,4.93,4.34,Traffic
O51696,S124,Hyderabad,P2048,25.0,32,7.76,5.44,Store Delay
O51697,S115,Hyderabad,P2038,21.0,28,1.28,1.05,Traffic
O51698,S106,Delhi,P2038,36.0,36,4.25,3.68,
O51699,S121,Hyderabad,P2242,24.0,24,2.97,2.48,
O51700,S123,Delhi,P2110,16.0,15,2.71,2.08,
O51701,S109,Delhi,P2120,26.0,41,7.12,6.75,Traffic
O51702,S118,Hyderabad,P2019,35.0,41,5.59,5.06,Store Delay
O51703,S129,Delhi,P2051,21.0,10,5.02,4.53,
O51704,S126,Delhi,P2150,36.0,48,7.75,7.51,Traffic
O51705,S124,Hyderabad,P2279,33.0,37,6.66,7.03,Partner Late
O51706,S137,Mumbai,P2042,37.0,41,7.76,7.59,Store Delay
O51707,S115,Hyderabad,P2216,35.0,42,0.58,0.52,
O51708,S125,Mumbai,P2037,18.0,21,5.99,4.76,Weather
O51709,S116,Mumbai,P2186,34.0,40,1.23,1.04,System Issue
O51710,S117,Delhi,P2116,27.0,23,6.55,7.19,
O51711,S101,Bangalore,P2240,21.0,23,5.79,6.1,Store Delay
O51712,S118,Hyderabad,P2091,18.0,19,3.35,2.52,Store Delay
O51713,S105,Delhi,P2036,34.0,38,4.66,5.05,Traffic
O51714,S136,Bangalore,P2073,38.0,37,1.22,0.94,
O51715,S103,Bangalore,P2169,16.0,10,6.81,5.84,
O51716,S134,Delhi,P2010,27.0,37,3.87,3.27,Traffic
O51717,S114,Mumbai,P2002,20.0,28,0.98,0.94,Traffic
O51718,S134,Delhi,P2236,38.0,42,6.51,6.99,Store Delay
O51719,S135,Bangalore,P2225,32.0,35,5.3,4.6,Traffic
O51720,S102,Delhi,P2153,36.0,38,2.18,2.13,Partner Late
O51721,S116,Mumbai,P2059,24.0,33,1.16,0.82,Partner Late
O51722,S103,Bangalore,P2130,25.0,36,1.11,1.2,Traffic
O51723,S131,Delhi,P2133,29.0,27,4.11,3.08,
O51724,S101,Bangalore,P2077,21.0,22,7.1,5.63,Traffic
O51725,S104,Hyderabad,P2269,18.0,22,5.38,3.95,Traffic
O51726,S110,Bangalore,P2159,24.0,40,6.59,4.68,Store Delay
O51727,S118,Hyderabad,P2192,23.0,26,6.86,6.92,Partner Late
O51728,S128,Bangalore,P2284,24.0,29,2.82,2.51,Store Delay
O51729,S139,Mumbai,P2066,17.0,39,4.18,3.6,Traffic
O51730,S125,Mumbai,P2161,18.0,14,5.67,5.25,
O51731,S136,Bangalore,P2121,38.0,38,6.81,5.23,
O51732,S104,Hyderabad,P2263,35.0,36,4.32,4.61,Traffic
O51733,S113,Mumbai,P2073,19.0,13,7.24,5.65,
O51734,S105,Delhi,P2203,22.0,28,5.06,3.95,Weather
O51735,S107,Mumbai,P2006,31.0,37,7.6,8.23,Traffic
O51736,S103,Bangalore,P2026,31.0,38,6.98,5.67,Traffic
O51737,S138,Delhi,P2218,33.0,34,0.71,0.76,Traffic
O51738,S104,Hyderabad,P2224,35.0,36,5.56,4.36,Traffic
O51739,S103,Bangalore,P2276,16.0,22,4.42,4.34,Store Delay
O51740,S123,Delhi,P2165,17.0,13,6.01,4.65,
O51741,S124,Hyderabad,P2186,25.0,34,3.21,3.5,Weather
O51742,S102,Delhi,P2029,31.0,38,3.74,2.63,Partner Late
O51743,S122,Mumbai,P2066,38.0,42,1.89,1.77,Traffic
O51744,S126,Delhi,P2142,25.0,-10,4.86,3.69,
O51745,S123,Delhi,P2035,25.0,35,3.84,2.97,Traffic
O51746,S118,Hyderabad,P2250,24.0,23,2.02,1.62,
O51747,S136,Bangalore,P2234,32.0,52,7.15,5.12,Weather
O51748,S126,Delhi,P2188,19.0,31,4.63,4.41,Traffic
O51749,S134,Delhi,P2136,29.0,28,0.52,0.48,
O51750,S136,Bangalore,P2026,36.0,28,3.73,3.77,
O51751,S136,Bangalore,P2163,38.0,33,5.52,5.06,
O51752,S107,Mumbai,P2053,28.0,35,6.18,4.93,Store Delay
O51753,S121,Hyderabad,P2299,25.0,28,6.57,6.72,Partner Late
O51754,S115,Hyderabad,P2252,29.0,20,7.46,5.83,
O51755,S106,Delhi,P2031,32.0,41,7.27,7.43,Store Delay
O51756,S111,Bangalore,P2035,15.0,19,3.45,2.92,Partner Late
O51757,S135,Bangalore,P2194,37.0,46,5.95,4.7,Traffic
O51758,S134,Delhi,P2214,17.0,28,2.29,2.16,Store Delay
O51759,S113,Mumbai,P2161,26.0,29,1.24,1.25,Partner Late
O51760,S128,Bangalore,P2297,32.0,28,6.17,6.01,
O51761,S123,Delhi,P2004,35.0,45,7.09,5.59,Store Delay
O51762,S135,Bangalore,P2143,36.0,40,5.37,4.73,Partner Late
O51763,S100,Mumbai,P2215,20.0,16,5.22,5.6,
O51764,S127,Bangalore,P2228,36.0,61,1.82,1.48,Traffic
O51765,S129,Delhi,P2129,29.0,49,0.79,0.8,Traffic
O51766,S134,Delhi,P2060,35.0,35,3.77,2.77,
O51767,S118,Hyderabad,P2118,32.0,30,6.73,5.46,
O51768,S116,Mumbai,P2012,22.0,29,4.19,3.95,Partner Late
O51769,S110,Bangalore,P2205,18.0,28,3.37,2.91,Traffic
O51770,S106,Delhi,P2191,27.0,26,6.27,4.42,
O51771,S118,Hyderabad,P2114,17.0,13,7.22,7.26,
O51772,S110,Bangalore,P2203,36.0,35,2.44,2.05,
O51773,S127,Bangalore,P2283,18.0,19,7.29,6.31,Store Delay
O51774,S101,Bangalore,P2189,31.0,38,0.81,0.74,Traffic
O51775,S135,Bangalore,P2028,29.0,42,1.37,1.23,Partner Late
O51776,S102,Delhi,P2267,17.0,16,4.13,2.93,
O51777,S123,Delhi,P2114,39.0,37,0.63,0.59,
O51778,S114,Mumbai,P2109,19.0,25,3.61,3.42,Traffic
O51779,S117,Delhi,P2229,38.0,51,6.75,6.9,Traffic
O51780,S123,Delhi,P2271,17.0,14,1.47,1.45,
O51781,S135,Bangalore,P2110,21.0,28,7.54,7.84,Store Delay
O51782,S122,Mumbai,P2100,36.0,33,1.02,1.01,
O51783,S126,Delhi,P2089,27.0,16,3.68,3.26,
O51784,S133,Delhi,P2123,34.0,45,2.35,2.03,
O51785,S132,Delhi,P2078,27.0,32,4.55,4.32,Store Delay
O51786,S102,Delhi,P2257,36.0,35,3.35,3.27,
O51787,S136,Bangalore,P2018,18.0,25,3.38,3.04,Traffic
O51788,S115,Hyderabad,P2114,15.0,25,7.01,7.62,Store Delay
O51789,S132,Delhi,P2196,15.0,17,6.95,5.02,Weather
O51790,S120,Delhi,P2193,25.0,31,6.53,4.57,Store Delay
O51791,S104,Hyderabad,P2058,30.0,42,5.1,3.79,Partner Late
O51792,S118,Hyderabad,P2246,31.0,46,5.91,4.97,Traffic
O51793,S120,Delhi,P2256,25.0,27,1.07,1.04,Store Delay
O51794,S124,Hyderabad,P2279,38.0,35,5.52,4.89,
O51795,S139,Mumbai,P2000,30.0,37,1.85,1.55,Traffic
O51796,S120,Delhi,P2172,30.0,39,4.57,4.61,Store Delay
O51797,S116,Mumbai,P2249,33.0,41,1.81,1.7,Store Delay
O51798,S114,Mumbai,P2130,23.0,33,7.23,5.77,Store Delay
O51799,S131,Delhi,P2037,21.0,15,0.81,0.89,
O51800,S104,Hyderabad,P2042,25.0,34,4.62,4.29,Store Delay
O51801,S121,Hyderabad,P2100,36.0,43,3.87,3.14,Traffic
O51802,S115,Hyderabad,P2065,29.0,30,1.97,1.61,Partner Late
O51803,S114,Mumbai,P2088,27.0,44,2.38,2.34,Traffic
O51804,S130,Mumbai,P2252,18.0,34,2.6,2.84,Partner Late
O51805,S106,Delhi,P2146,22.0,20,4.16,3.54,
O51806,S132,Delhi,P2093,33.0,39,7.57,6.58,Store Delay
O51807,S121,Hyderabad,P2276,21.0,26,1.1,1.18,Store Delay
O51808,S111,Bangalore,P2148,22.0,29,7.83,6.03,Store Delay
O51809,S134,Delhi,P2080,18.0,21,5.91,5.99,Traffic
O51810,S104,Hyderabad,P2010,28.0,34,5.12,4.99,Traffic
O51811,S125,Mumbai,P2287,27.0,40,1.33,1.16,Store Delay
O51812,S137,Mumbai,P2185,26.0,40,1.18,0.98,Weather
O51813,S119,Mumbai,P2146,27.0,30,1.03,1.13,Partner Late
O51814,S125,Mumbai,P2146,19.0,13,2.1,1.48,
O51815,S117,Delhi,P2121,22.0,23,6.23,5.43,Store Delay
O51816,S133,Delhi,P2215,15.0,18,3.74,2.83,Traffic
O51817,S110,Bangalore,P2129,35.0,40,4.47,3.15,Store Delay
O51818,S135,Bangalore,P2010,21.0,25,3.03,2.68,Partner Late
O51819,S104,Hyderabad,P2245,18.0,20,2.8,2.27,Traffic
O51820,S113,Mumbai,P2134,31.0,33,5.05,5.46,Weather
O51821,S109,Delhi,P2199,18.0,15,5.23,3.8,
O51822,S100,Mumbai,P2020,37.0,56,2.86,3.05,Store Delay
O51823,S123,Delhi,P2240,32.0,29,7.84,6.05,
O51824,S126,Delhi,P2208,31.0,34,3.45,2.98,Weather
O51825,S118,Hyderabad,P2173,38.0,46,7.68,8.07,Partner Late
O51826,S122,Mumbai,P2212,25.0,28,6.36,6.1,Weather
O51827,S125,Mumbai,P2195,31.0,40,1.19,1.12,Traffic
O51828,S139,Mumbai,P2247,37.0,36,3.29,3.51,
O51829,S131,Delhi,P2201,21.0,23,1.78,1.39,Weather
O51830,S124,Hyderabad,P2292,30.0,30,7.19,5.85,
O51831,S112,Delhi,P2150,29.0,27,0.77,0.73,
O51832,S122,Mumbai,P2250,29.0,35,0.78,0.81,Store Delay
O51833,S109,Delhi,P2205,28.0,34,5.04,3.9,Partner Late
O51834,S118,Hyderabad,P2273,36.0,39,7.75,7.58,Traffic
O51835,S107,Mumbai,P2234,36.0,26,5.55,4.88,
O51836,S135,Bangalore,P2044,35.0,44,7.76,7.39,Weather
O51837,S103,Bangalore,P2104,29.0,48,4.97,3.59,Traffic
O51838,S113,Mumbai,P2113,38.0,46,4.07,4.22,Traffic
O51839,S105,Delhi,P2205,22.0,32,5.54,4.08,Traffic
O51840,S113,Mumbai,P2146,25.0,28,6.14,6.62,
O51841,S125,Mumbai,P2193,37.0,49,3.15,2.25,Store Delay
O51842,S135,Bangalore,P2040,31.0,32,6.9,6.32,Partner Late
O51843,S115,Hyderabad,P2168,15.0,13,5.11,5.36,
O51844,S112,Delhi,P2113,32.0,32,3.32,2.7,
O51845,S133,Delhi,P2225,35.0,30,7.08,6.44,
O51846,S111,Bangalore,P2172,19.0,21,1.42,1.33,Traffic
O51847,S123,Delhi,P2133,38.0,40,0.81,0.73,Store Delay
O51848,S119,Mumbai,P2123,15.0,23,7.64,5.89,Traffic
O51849,S102,Delhi,P2268,23.0,34,4.41,4.71,Store Delay
O51850,S131,Delhi,P2035,37.0,31,5.12,4.17,
O51851,S127,Bangalore,P2177,19.0,16,4.06,3.79,
O51852,S124,Hyderabad,P2069,26.0,25,4.09,3.13,
O51853,S102,Delhi,P2073,26.0,22,3.46,3.07,
O51854,S101,Bangalore,P2158,22.0,26,4.53,3.48,System Issue
O51855,S120,Delhi,P2083,20.0,16,5.2,5.19,
O51856,S107,Mumbai,P2282,38.0,38,2.26,1.89,
O51857,S118,Hyderabad,P2255,24.0,17,5.57,6.03,
O51858,S106,Delhi,P2038,37.0,45,5.99,5.23,Store Delay
O51859,S108,Mumbai,P2113,18.0,17,0.88,0.74,
O51860,S114,Mumbai,P2163,21.0,32,6.92,5.52,Weather
O51861,S118,Hyderabad,P2160,32.0,49,2.67,2.7,Traffic
O51862,S100,Mumbai,P2073,30.0,-10,5.94,5.77,Store Delay
O51863,S101,Bangalore,P2215,29.0,28,7.93,7.54,
O51864,S114,Mumbai,P2200,27.0,30,3.01,2.62,Partner Late
O51865,S107,Mumbai,P2143,19.0,22,1.58,1.58,Partner Late
O51866,S112,Delhi,P2083,28.0,31,0.99,0.77,Traffic
O51867,S135,Bangalore,P2290,19.0,26,6.74,4.81,Traffic
O51868,S113,Mumbai,P2265,25.0,34,3.35,3.62,System Issue
O51869,S127,Bangalore,P2211,31.0,33,1.75,1.81,Traffic
O51870,S112,Delhi,P2193,37.0,42,4.36,4.72,Traffic
O51871,S117,Delhi,P2173,37.0,43,5.2,4.45,Traffic
O51872,S136,Bangalore,P2161,26.0,22,6.52,5.4,
O51873,S107,Mumbai,P2024,26.0,35,5.6,6.0,Store Delay
O51874,S133,Delhi,P2167,37.0,50,3.62,2.67,Traffic
O51875,S107,Mumbai,P2213,37.0,34,0.51,0.53,
O51876,S102,Delhi,P2036,20.0,22,7.59,6.66,Store Delay
O51877,S108,Mumbai,P2045,31.0,28,2.6,2.62,
O51878,S139,Mumbai,P2071,25.0,26,3.17,2.98,Store Delay
O51879,S102,Delhi,P2116,27.0,28,3.8,3.62,Traffic
O51880,S123,Delhi,P2175,16.0,26,6.41,6.15,Store Delay
O51881,S131,Delhi,P2172,23.0,42,2.19,1.97,Store Delay
O51882,S116,Mumbai,P2117,17.0,20,7.09,7.45,Store Delay
O51883,S121,Hyderabad,P2118,20.0,26,2.96,2.83,Store Delay
O51884,S104,Hyderabad,P2217,23.0,27,2.66,1.96,Partner Late
O51885,S131,Delhi,P2168,36.0,29,0.61,0.65,
O51886,S138,Delhi,P2096,32.0,23,1.96,2.13,
O51887,S126,Delhi,P2127,17.0,30,1.51,1.38,Traffic
O51888,S130,Mumbai,P2143,38.0,33,7.5,5.88,
O51889,S123,Delhi,P2167,21.0,27,1.96,1.55,Traffic
O51890,S138,Delhi,P2217,17.0,20,4.47,4.27,Store Delay
O51891,S104,Hyderabad,P2239,35.0,38,3.88,4.07,Store Delay
O51892,S119,Mumbai,P2148,37.0,33,5.57,4.81,
O51893,S118,Hyderabad,P2107,39.0,49,7.18,6.94,Partner Late
O51894,S135,Bangalore,P2108,29.0,31,5.77,5.76,Store Delay
O51895,S107,Mumbai,P2289,20.0,21,3.58,3.33,Traffic
O51896,S108,Mumbai,P2137,30.0,37,7.08,6.99,Partner Late
O51897,S139,Mumbai,P2293,35.0,40,6.54,6.62,Traffic
O51898,S113,Mumbai,P2157,37.0,49,2.0,1.74,Store Delay
O51899,S133,Delhi,P2179,39.0,37,0.59,0.64,
O51900,S101,Bangalore,P2118,27.0,30,1.92,1.99,Traffic
O51901,S137,Mumbai,P2071,22.0,35,1.13,1.16,Store Delay
O51902,S110,Bangalore,P2036,23.0,31,5.76,4.37,Store Delay
O51903,S107,Mumbai,P2079,19.0,11,4.27,3.35,
O51904,S107,Mumbai,P2268,25.0,35,7.36,5.46,Partner Late
O51905,S120,Delhi,P2014,29.0,30,3.94,4.03,Partner Late
O51906,S119,Mumbai,P2055,25.0,40,4.34,4.47,Traffic
O51907,S108,Mumbai,P2005,15.0,11,4.68,4.81,
O51908,S121,Hyderabad,P2283,30.0,29,6.44,4.7,
O51909,S124,Hyderabad,P2053,20.0,38,4.92,3.81,Partner Late
O51910,S132,Delhi,P2073,31.0,29,2.45,2.16,
O51911,S103,Bangalore,P2118,38.0,40,7.23,6.78,Traffic
O51912,S116,Mumbai,P2212,31.0,38,7.68,6.95,Store Delay
O51913,S128,Bangalore,P2086,34.0,39,3.65,2.6,Store Delay
O51914,S100,Mumbai,P2234,35.0,36,4.48,4.21,Traffic
O51915,S133,Delhi,P2202,30.0,32,2.72,2.78,Partner Late
O51916,S132,Delhi,P2280,37.0,44,4.32,3.67,Traffic
O51917,S108,Mumbai,P2188,27.0,35,6.61,5.18,Traffic
O51918,S131,Delhi,P2054,35.0,42,0.61,0.45,Store Delay
O51919,S114,Mumbai,P2176,28.0,24,0.75,0.53,
O51920,S105,Delhi,P2076,24.0,-10,1.5,1.32,Store Delay
O51921,S104,Hyderabad,P2015,19.0,27,6.03,6.01,System Issue
O51922,S108,Mumbai,P2061,30.0,34,6.17,5.69,Store Delay
O51923,S102,Delhi,P2288,27.0,32,0.96,0.77,Traffic
O51924,S130,Mumbai,P2083,27.0,31,4.02,3.74,Traffic
O51925,S119,Mumbai,P2222,37.0,59,6.62,6.26,Store Delay
O51926,S104,Hyderabad,P2164,33.0,27,0.85,0.87,
O51927,S119,Mumbai,P2034,23.0,37,4.82,3.43,Partner Late
O51928,S121,Hyderabad,P2229,26.0,25,6.77,7.36,
O51929,S136,Bangalore,P2234,38.0,36,2.3,2.28,
O51930,S128,Bangalore,P2197,18.0,15,7.84,7.45,
O51931,S115,Hyderabad,P2210,37.0,40,3.83,3.3,Store Delay
O51932,S113,Mumbai,P2255,26.0,32,0.95,0.81,Weather
O51933,S123,Delhi,P2035,21.0,22,7.74,8.36,Partner Late
O51934,S101,Bangalore,P2112,23.0,25,1.06,1.12,Store Delay
O51935,S116,Mumbai,P2123,32.0,37,6.72,5.79,Store Delay
O51936,S136,Bangalore,P2191,39.0,54,5.34,3.98,Traffic
O51937,S103,Bangalore,P2199,38.0,39,1.45,1.06,Traffic
O51938,S133,Delhi,P2156,20.0,24,7.13,5.24,System Issue
O51939,S126,Delhi,P2004,38.0,45,2.04,1.71,Traffic
O51940,S139,Mumbai,P2146,19.0,24,2.13,1.55,Traffic
O51941,S107,Mumbai,P2007,33.0,37,5.07,5.33,System Issue
O51942,S105,Delhi,P2265,18.0,21,5.68,5.93,System Issue
O51943,S114,Mumbai,P2244,30.0,31,4.97,3.88,Weather
O51944,S130,Mumbai,P2079,37.0,35,3.0,2.51,
O51945,S114,Mumbai,P2034,37.0,36,3.58,3.18,
O51946,S113,Mumbai,P2068,27.0,30,4.01,3.6,Traffic
O51947,S137,Mumbai,P2158,28.0,30,6.01,4.77,Store Delay
O51948,S123,Delhi,P2000,36.0,41,7.03,7.73,Partner Late
O51949,S129,Delhi,P2020,15.0,10,5.19,4.95,
O51950,S111,Bangalore,P2287,18.0,14,2.47,2.52,
O51951,S130,Mumbai,P2123,34.0,30,2.9,2.74,
O51952,S112,Delhi,P2012,28.0,20,1.18,1.2,
O51953,S120,Delhi,P2101,19.0,15,2.31,2.41,
O51954,S113,Mumbai,P2124,31.0,34,5.68,5.16,Traffic
O51955,S107,Mumbai,P2157,16.0,24,6.89,7.39,Store Delay
O51956,S118,Hyderabad,P2193,37.0,41,4.01,4.16,Traffic
O51957,S136,Bangalore,P2090,21.0,36,5.36,4.6,Store Delay
O51958,S106,Delhi,P2002,29.0,25,6.45,5.37,
O51959,S129,Delhi,P2173,39.0,28,1.76,1.43,
O51960,S129,Delhi,P2166,33.0,36,6.05,6.49,Store Delay
O51961,S117,Delhi,P2219,38.0,41,5.67,4.03,Partner Late
O51962,S108,Mumbai,P2198,39.0,38,6.21,5.34,
O51963,S113,Mumbai,P2295,23.0,35,3.94,4.23,Store Delay
O51964,S110,Bangalore,P2110,25.0,29,3.35,3.43,Partner Late
O51965,S125,Mumbai,P2211,18.0,25,5.16,4.89,Traffic
O51966,S100,Mumbai,P2137,21.0,40,7.51,7.58,Traffic
O51967,S110,Bangalore,P2152,35.0,41,4.23,4.27,Store Delay
O51968,S110,Bangalore,P2184,32.0,32,6.03,4.52,
O51969,S100,Mumbai,P2060,36.0,38,1.02,1.08,Partner Late
O51970,S126,Delhi,P2244,16.0,17,3.03,3.28,Partner Late
O51971,S122,Mumbai,P2227,17.0,15,3.89,3.43,
O51972,S100,Mumbai,P2004,18.0,16,1.05,1.15,
O51973,S128,Bangalore,P2217,17.0,19,1.21,0.93,Store Delay
O51974,S116,Mumbai,P2220,36.0,40,5.8,4.61,Partner Late
O51975,S117,Delhi,P2110,21.0,15,3.17,2.59,
O51976,S134,Delhi,P2164,17.0,10,6.98,6.99,
O51977,S112,Delhi,P2109,20.0,47,7.98,7.22,Traffic
O51978,S116,Mumbai,P2226,29.0,49,5.4,5.42,Store Delay
O51979,S134,Delhi,P2225,29.0,23,6.46,6.68,
O51980,S138,Delhi,P2150,18.0,20,5.15,4.36,Store Delay
O51981,S131,Delhi,P2067,35.0,22,6.7,4.89,
O51982,S113,Mumbai,P2270,35.0,39,1.33,1.12,Traffic
O51983,S117,Delhi,P2283,20.0,19,7.05,7.68,
O51984,S106,Delhi,P2197,26.0,25,4.64,3.57,
O51985,S116,Mumbai,P2276,26.0,31,0.83,0.72,Traffic
O51986,S101,Bangalore,P2069,32.0,33,4.96,5.0,System Issue
O51987,S103,Bangalore,P2204,32.0,56,2.94,2.62,Partner Late
O51988,S104,Hyderabad,P2284,28.0,45,0.91,0.93,Traffic
O51989,S139,Mumbai,P2122,19.0,26,4.59,4.95,Traffic
O51990,S132,Delhi,P2280,26.0,29,3.0,2.58,Traffic
O51991,S112,Delhi,P2176,39.0,52,6.12,5.69,Partner Late
O51992,S134,Delhi,P2237,15.0,10,1.72,1.68,
O51993,S124,Hyderabad,P2091,26.0,48,3.42,3.1,Store Delay
O51994,S108,Mumbai,P2278,22.0,28,4.84,4.26,System Issue
O51995,S122,Mumbai,P2152,38.0,35,3.15,2.96,
O51996,S136,Bangalore,P2250,25.0,25,1.19,1.03,
O51997,S138,Delhi,P2043,25.0,37,3.1,2.61,Store Delay
O51998,S118,Hyderabad,P2178,39.0,45,1.92,1.96,Traffic
O51999,S101,Bangalore,P2058,33.0,42,6.61,5.42,Store Delay
O52000,S118,Hyderabad,P2039,21.0,34,2.53,2.08,Store Delay
O52001,S101,Bangalore,P2192,28.0,39,3.63,3.92,Store Delay
O52002,S118,Hyderabad,P2298,27.0,28,7.03,5.88,Partner Late
O52003,S131,Delhi,P2251,36.0,45,7.3,5.26,Traffic
O52004,S118,Hyderabad,P2148,39.0,39,5.48,4.17,
O52005,S128,Bangalore,P2147,25.0,35,7.86,7.99,Traffic
O52006,S130,Mumbai,P2263,35.0,36,5.87,5.53,Store Delay
O52007,S134,Delhi,P2231,37.0,50,3.96,2.92,Store Delay
O52008,S119,Mumbai,P2221,34.0,32,6.91,6.57,
O52009,S119,Mumbai,P2081,20.0,34,5.04,5.31,Store Delay
O52010,S109,Delhi,P2258,39.0,52,3.81,3.35,Store Delay
O52011,S132,Delhi,P2241,39.0,57,1.16,1.23,Store Delay
O52012,S124,Hyderabad,P2128,20.0,20,2.66,1.96,
O52013,S139,Mumbai,P2223,27.0,22,2.65,2.35,
O52014,S118,Hyderabad,P2116,37.0,41,2.23,1.7,Store Delay
O52015,S127,Bangalore,P2251,21.0,30,5.89,4.48,Traffic
O52016,S121,Hyderabad,P2027,29.0,47,7.92,7.26,Store Delay
O52017,S136,Bangalore,P2106,26.0,33,5.56,5.83,Traffic
O52018,S113,Mumbai,P2281,32.0,52,6.59,5.35,Traffic
O52019,S123,Delhi,P2257,35.0,48,5.5,3.95,Traffic
O52020,S136,Bangalore,P2091,31.0,27,4.45,3.87,
O52021,S107,Mumbai,P2127,22.0,22,4.52,3.63,
O52022,S113,Mumbai,P2133,24.0,29,5.7,5.77,Store Delay
O52023,S102,Delhi,P2290,39.0,35,2.45,2.08,
O52024,S100,Mumbai,P2077,20.0,25,4.45,4.42,Partner Late
O52025,S126,Delhi,P2128,26.0,24,7.81,6.09,
O52026,S109,Delhi,P2298,24.0,34,7.62,7.9,Store Delay
O52027,S101,Bangalore,P2055,28.0,44,5.63,6.18,Store Delay
O52028,S129,Delhi,P2099,35.0,34,3.41,3.34,
O52029,S110,Bangalore,P2061,33.0,49,1.14,0.88,Partner Late
O52030,S131,Delhi,P2281,36.0,29,5.07,4.79,
O52031,S135,Bangalore,P2229,29.0,27,4.09,3.09,
O52032,S139,Mumbai,P2277,26.0,37,0.77,0.85,Partner Late
O52033,S123,Delhi,P2007,16.0,14,2.54,2.35,
O52034,S125,Mumbai,P2077,18.0,39,5.94,5.5,Partner Late
O52035,S126,Delhi,P2192,33.0,36,6.51,5.62,Store Delay
O52036,S123,Delhi,P2094,28.0,35,7.06,6.74,System Issue
O52037,S117,Delhi,P2057,27.0,33,7.97,6.71,Weather
O52038,S111,Bangalore,P2266,39.0,58,2.83,2.96,Traffic
O52039,S105,Delhi,P2065,26.0,34,6.63,5.24,Store Delay
O52040,S105,Delhi,P2292,29.0,38,3.89,2.93,Store Delay
O52041,S108,Mumbai,P2117,38.0,44,3.35,3.29,Store Delay
O52042,S109,Delhi,P2177,26.0,19,4.22,3.8,
O52043,S103,Bangalore,P2151,30.0,36,7.58,6.4,Partner Late
O52044,S114,Mumbai,P2256,22.0,24,6.96,6.97,
O52045,S135,Bangalore,P2020,30.0,37,5.36,5.89,Traffic
O52046,S131,Delhi,P2193,26.0,22,4.7,4.42,
O52047,S119,Mumbai,P2108,21.0,27,5.58,4.31,Traffic
O52048,S103,Bangalore,P2006,24.0,23,6.73,5.46,
O52049,S112,Delhi,P2110,26.0,31,6.64,5.63,System Issue
O52050,S122,Mumbai,P2295,31.0,29,0.78,0.82,
O52051,S105,Delhi,P2213,17.0,24,5.1,3.79,Store Delay
O52052,S130,Mumbai,P2107,36.0,47,5.53,4.61,Traffic
O52053,S122,Mumbai,P2240,38.0,55,3.97,4.09,Partner Late
O52054,S111,Bangalore,P2270,34.0,31,0.84,0.62,
O52055,S128,Bangalore,P2009,29.0,29,0.88,0.9,
O52056,S133,Delhi,P2111,31.0,26,5.41,5.67,
O52057,S110,Bangalore,P2011,29.0,26,3.24,3.52,
O52058,S114,Mumbai,P2252,26.0,39,7.27,6.09,System Issue
O52059,S129,Delhi,P2266,29.0,36,6.69,5.61,Partner Late
O52060,S106,Delhi,P2253,39.0,58,5.51,5.53,Partner Late
O52061,S118,Hyderabad,P2164,22.0,40,5.2,5.48,
O52062,S137,Mumbai,P2209,17.0,19,3.91,4.21,Partner Late
O52063,S109,Delhi,P2065,17.0,42,1.64,1.28,Store Delay
O52064,S106,Delhi,P2001,23.0,29,5.03,5.51,
O52065,S136,Bangalore,P2192,26.0,55,5.27,4.34,Traffic
O52066,S113,Mumbai,P2165,30.0,26,1.0,1.02,
O52067,S105,Delhi,P2297,32.0,22,5.96,4.62,
O52068,S133,Delhi,P2062,18.0,23,7.21,6.3,Traffic
O52069,S108,Mumbai,P2064,17.0,21,2.67,2.34,System Issue
O52070,S100,Mumbai,P2061,16.0,18,4.46,3.82,Store Delay
O52071,S121,Hyderabad,P2247,19.0,24,0.53,0.5,Traffic
O52072,S132,Delhi,P2215,33.0,42,4.99,3.7,Store Delay
O52073,S101,Bangalore,P2010,27.0,25,4.7,3.59,
O52074,S119,Mumbai,P2102,,27,3.86,2.71,Traffic
O52075,S111,Bangalore,P2144,35.0,35,6.31,4.67,
O52076,S135,Bangalore,P2255,32.0,32,1.95,1.76,
O52077,S121,Hyderabad,P2231,19.0,17,2.05,1.55,
O52078,S110,Bangalore,P2118,23.0,24,2.37,1.89,Partner Late
O52079,S102,Delhi,P2239,16.0,16,1.21,1.15,
O52080,S111,Bangalore,P2148,24.0,30,4.33,3.51,Traffic
O52081,S105,Delhi,P2129,30.0,26,3.32,2.9,
O52082,S121,Hyderabad,P2270,38.0,60,4.36,4.48,Partner Late
O52083,S112,Delhi,P2279,17.0,23,2.88,3.03,Partner Late
O52084,S103,Bangalore,P2009,21.0,36,7.24,6.5,Traffic
O52085,S110,Bangalore,P2092,25.0,33,3.96,3.69,Store Delay
O52086,S132,Delhi,P2118,21.0,21,4.68,5.0,
O52087,S134,Delhi,P2085,23.0,45,5.51,4.81,Traffic
O52088,S119,Mumbai,P2258,15.0,10,0.88,0.88,
O52089,S134,Delhi,P2226,23.0,51,7.44,6.18,Store Delay
O52090,S122,Mumbai,P2052,23.0,17,7.28,5.21,
O52091,S134,Delhi,P2032,34.0,42,4.44,4.45,Store Delay
O52092,S121,Hyderabad,P2123,23.0,23,5.11,4.43,
O52093,S115,Hyderabad,P2250,28.0,33,4.7,4.15,Store Delay
O52094,S134,Delhi,P2038,31.0,37,3.49,3.15,Store Delay
O52095,S119,Mumbai,P2150,30.0,34,3.09,2.31,Store Delay
O52096,S101,Bangalore,P2207,36.0,43,5.52,5.87,Store Delay
O52097,S100,Mumbai,P2017,19.0,31,7.96,5.83,Traffic
O52098,S102,Delhi,P2175,31.0,27,4.2,3.74,
O52099,S110,Bangalore,P2213,21.0,24,5.54,4.0,Partner Late
O52100,S137,Mumbai,P2201,24.0,34,2.9,2.46,Traffic
O52101,S106,Delhi,P2207,37.0,43,4.29,3.63,Traffic
O52102,S100,Mumbai,P2249,26.0,26,1.62,1.57,
O52103,S107,Mumbai,P2071,28.0,40,7.64,6.07,Store Delay
O52104,S129,Delhi,P2283,20.0,27,1.43,1.49,
O52105,S119,Mumbai,P2170,27.0,54,1.56,1.52,System Issue
O52106,S134,Delhi,P2169,39.0,42,4.71,3.59,Store Delay
O52107,S113,Mumbai,P2284,30.0,30,2.04,1.69,
O52108,S108,Mumbai,P2141,20.0,29,5.43,5.49,Traffic
O52109,S123,Delhi,P2162,37.0,48,5.12,4.46,Partner Late
O52110,S103,Bangalore,P2184,21.0,14,5.3,5.24,
O52111,S102,Delhi,P2147,18.0,29,4.66,3.36,Traffic
O52112,S122,Mumbai,P2082,22.0,26,3.35,3.4,
O52113,S106,Delhi,P2171,25.0,49,3.0,2.66,Traffic
O52114,S120,Delhi,P2124,15.0,15,4.12,4.03,
O52115,S106,Delhi,P2040,30.0,33,6.73,7.24,Store Delay
O52116,S120,Delhi,P2171,15.0,13,3.65,3.04,
O52117,S134,Delhi,P2174,15.0,26,5.49,5.89,Traffic
O52118,S136,Bangalore,P2187,19.0,29,7.05,7.25,Store Delay
O52119,S136,Bangalore,P2016,27.0,28,2.94,2.69,Store Delay
O52120,S138,Delhi,P2037,20.0,15,1.99,1.77,
O52121,S104,Hyderabad,P2126,39.0,52,5.5,3.87,Traffic
O52122,S119,Mumbai,P2183,15.0,18,6.54,6.35,Traffic
O52123,S100,Mumbai,P2126,26.0,43,1.58,1.73,Traffic
O52124,S127,Bangalore,P2257,34.0,35,3.39,3.35,Store Delay
O52125,S127,Bangalore,P2033,37.0,34,6.87,4.84,
O52126,S100,Mumbai,P2008,34.0,58,7.63,6.02,Traffic
O52127,S100,Mumbai,P2166,32.0,31,2.41,2.22,
O52128,S121,Hyderabad,P2244,37.0,50,4.4,3.74,Store Delay
O52129,S137,Mumbai,P2034,27.0,29,5.98,5.77,Partner Late
O52130,S110,Bangalore,P2247,33.0,38,6.79,6.68,Store Delay
O52131,S108,Mumbai,P2094,28.0,32,3.49,2.88,Traffic
O52132,S139,Mumbai,P2028,32.0,33,2.27,1.8,Traffic
O52133,S104,Hyderabad,P2078,27.0,27,2.35,2.37,
O52134,S118,Hyderabad,P2002,20.0,24,1.55,1.6,Traffic
O52135,S135,Bangalore,P2231,31.0,35,4.57,3.38,Partner Late
O52136,S119,Mumbai,P2046,28.0,35,3.67,2.78,Traffic
O52137,S114,Mumbai,P2273,28.0,35,0.56,0.59,Traffic
O52138,S126,Delhi,P2067,26.0,44,4.6,3.73,Partner Late
O52139,S101,Bangalore,P2257,35.0,40,0.84,0.76,System Issue
O52140,S108,Mumbai,P2139,38.0,60,0.7,0.61,Partner Late
O52141,S130,Mumbai,P2233,35.0,47,0.52,0.53,
O52142,S133,Delhi,P2228,27.0,28,7.3,6.14,Traffic
O52143,S137,Mumbai,P2073,33.0,38,7.9,7.05,Traffic
O52144,S110,Bangalore,P2079,23.0,24,2.14,1.59,System Issue
O52145,S106,Delhi,P2290,38.0,47,4.71,3.64,Partner Late
O52146,S131,Delhi,P2274,21.0,18,7.53,6.3,
O52147,S100,Mumbai,P2002,18.0,15,4.39,4.59,
O52148,S117,Delhi,P2022,30.0,32,3.42,2.65,Traffic
O52149,S124,Hyderabad,P2144,35.0,62,6.91,5.44,Partner Late
O52150,S110,Bangalore,P2207,18.0,24,3.88,4.05,Store Delay
O52151,S108,Mumbai,P2028,20.0,27,1.79,1.78,Partner Late
O52152,S104,Hyderabad,P2251,17.0,12,3.05,3.29,
O52153,S123,Delhi,P2117,22.0,17,6.72,6.18,
O52154,S128,Bangalore,P2256,36.0,42,3.08,2.44,Store Delay
O52155,S119,Mumbai,P2192,32.0,39,3.7,3.94,Partner Late
O52156,S119,Mumbai,P2065,34.0,34,6.29,6.67,
O52157,S124,Hyderabad,P2186,21.0,36,1.38,1.08,Traffic
O52158,S119,Mumbai,P2080,39.0,35,6.89,5.61,
O52159,S126,Delhi,P2227,19.0,32,5.34,5.05,Partner Late
O52160,S112,Delhi,P2186,15.0,26,5.8,5.6,Store Delay
O52161,S117,Delhi,P2105,29.0,28,3.38,3.14,
O52162,S112,Delhi,P2049,36.0,51,2.92,3.04,Traffic
O52163,S102,Delhi,P2063,22.0,27,6.58,6.74,Partner Late
O52164,S117,Delhi,P2165,38.0,38,3.78,3.19,
O52165,S108,Mumbai,P2215,39.0,57,6.93,5.48,Partner Late
O52166,S106,Delhi,P2237,15.0,10,4.02,3.88,
O52167,S106,Delhi,P2050,26.0,24,0.85,0.63,
O52168,S133,Delhi,P2085,32.0,32,1.32,0.94,
O52169,S100,Mumbai,P2082,15.0,22,2.8,2.16,Store Delay
O52170,S127,Bangalore,P2054,25.0,30,5.82,5.46,Traffic
O52171,S121,Hyderabad,P2050,35.0,34,2.39,2.54,
O52172,S116,Mumbai,P2236,38.0,40,3.78,3.0,Store Delay
O52173,S102,Delhi,P2121,31.0,39,5.09,4.71,Weather
O52174,S130,Mumbai,P2074,22.0,17,0.7,0.72,
O52175,S117,Delhi,P2062,19.0,20,2.94,2.98,
O52176,S125,Mumbai,P2072,17.0,44,5.54,4.8,Store Delay
O52177,S115,Hyderabad,P2043,38.0,51,6.0,4.84,Weather
O52178,S110,Bangalore,P2051,28.0,52,0.54,0.47,Traffic
O52179,S138,Delhi,P2174,33.0,30,1.61,1.15,
O52180,S117,Delhi,P2219,27.0,37,6.45,5.93,Partner Late
O52181,S113,Mumbai,P2219,19.0,46,0.76,0.57,Traffic
O52182,S103,Bangalore,P2212,37.0,33,1.52,1.19,
O52183,S103,Bangalore,P2064,20.0,24,1.43,1.33,Store Delay
O52184,S131,Delhi,P2061,31.0,41,2.74,2.99,Partner Late
O52185,S123,Delhi,P2133,18.0,11,4.48,4.22,
O52186,S104,Hyderabad,P2210,16.0,16,6.5,5.65,
O52187,S101,Bangalore,P2009,20.0,20,6.63,4.97,
O52188,S125,Mumbai,P2111,27.0,43,0.67,0.58,Partner Late
O52189,S100,Mumbai,P2244,16.0,32,4.7,5.07,Store Delay
O52190,S122,Mumbai,P2042,36.0,37,3.13,3.23,Partner Late
O52191,S115,Hyderabad,P2282,18.0,27,6.81,5.7,Store Delay
O52192,S108,Mumbai,P2060,32.0,40,0.78,0.65,Store Delay
O52193,S134,Delhi,P2103,15.0,25,5.23,5.66,Traffic
O52194,S106,Delhi,P2105,18.0,28,6.62,4.89,Store Delay
O52195,S100,Mumbai,P2059,30.0,24,2.04,1.74,
O52196,S108,Mumbai,P2136,33.0,40,4.51,4.22,Store Delay
O52197,S117,Delhi,P2021,38.0,57,3.98,3.97,Traffic
O52198,S124,Hyderabad,P2069,38.0,36,5.02,4.16,
O52199,S117,Delhi,P2098,27.0,32,1.58,1.48,Store Delay
O52200,S100,Mumbai,P2237,30.0,21,4.65,4.16,
O52201,S124,Hyderabad,P2298,36.0,42,6.33,4.48,System Issue
O52202,S129,Delhi,P2169,33.0,42,5.05,4.01,Traffic
O52203,S116,Mumbai,P2191,33.0,32,1.56,1.64,
O52204,S135,Bangalore,P2033,36.0,55,1.58,1.48,Partner Late
O52205,S103,Bangalore,P2163,17.0,22,1.09,0.79,Store Delay
O52206,S121,Hyderabad,P2118,24.0,35,4.98,4.03,Partner Late
O52207,S137,Mumbai,P2299,29.0,38,3.21,3.09,Partner Late
O52208,S111,Bangalore,P2196,21.0,24,7.42,5.5,Store Delay
O52209,S131,Delhi,P2120,22.0,33,6.29,6.06,Store Delay
O52210,S100,Mumbai,P2009,21.0,33,3.42,2.74,Store Delay
O52211,S105,Delhi,P2058,28.0,28,4.37,3.44,
O52212,S133,Delhi,P2219,39.0,46,6.52,4.8,Partner Late
O52213,S122,Mumbai,P2176,37.0,59,1.24,0.96,Store Delay
O52214,S110,Bangalore,P2152,18.0,28,0.85,0.89,Traffic
O52215,S122,Mumbai,P2151,24.0,19,0.61,0.65,
O52216,S126,Delhi,P2042,18.0,27,3.22,2.99,Traffic
O52217,S107,Mumbai,P2061,23.0,36,6.41,5.44,System Issue
O52218,S110,Bangalore,P2050,39.0,45,2.96,2.33,Partner Late
O52219,S120,Delhi,P2043,15.0,41,3.66,3.68,Store Delay
O52220,S127,Bangalore,P2093,23.0,34,5.17,4.75,Store Delay
O52221,S110,Bangalore,P2120,20.0,24,6.0,6.19,Traffic
O52222,S120,Delhi,P2263,19.0,18,3.96,3.05,
O52223,S129,Delhi,P2203,17.0,20,5.3,4.06,Traffic
O52224,S125,Mumbai,P2131,34.0,44,1.53,1.34,Weather
O52225,S135,Bangalore,P2288,36.0,38,3.54,3.34,Partner Late
O52226,S128,Bangalore,P2076,28.0,43,4.59,3.31,Traffic
O52227,S137,Mumbai,P2019,21.0,25,6.33,5.3,Store Delay
O52228,S107,Mumbai,P2013,15.0,24,2.37,1.98,Store Delay
O52229,S113,Mumbai,P2217,38.0,35,1.89,1.89,
O52230,S139,Mumbai,P2254,26.0,48,5.22,4.94,
O52231,S138,Delhi,P2248,22.0,42,5.6,4.71,Traffic
O52232,S125,Mumbai,P2233,25.0,27,0.82,0.9,Traffic
O52233,S127,Bangalore,P2039,35.0,34,0.66,0.64,
O52234,S125,Mumbai,P2049,29.0,23,7.85,7.55,
O52235,S135,Bangalore,P2210,22.0,34,6.65,5.85,Store Delay
O52236,S118,Hyderabad,P2170,26.0,33,7.43,6.37,System Issue
O52237,S124,Hyderabad,P2071,24.0,22,3.86,4.0,
O52238,S131,Delhi,P2046,17.0,28,1.6,1.43,Partner Late
O52239,S113,Mumbai,P2144,27.0,27,2.33,2.11,
O52240,S108,Mumbai,P2132,22.0,40,2.68,2.39,Store Delay
O52241,S114,Mumbai,P2268,21.0,23,3.82,3.92,Partner Late
O52242,S116,Mumbai,P2041,39.0,37,0.54,0.55,
O52243,S104,Hyderabad,P2119,32.0,43,7.89,8.5,Store Delay
O52244,S120,Delhi,P2228,29.0,40,6.09,4.55,Store Delay
O52245,S124,Hyderabad,P2142,33.0,42,3.46,3.52,Partner Late
O52246,S108,Mumbai,P2266,25.0,35,4.17,2.98,Traffic
O52247,S104,Hyderabad,P2237,30.0,50,1.16,0.95,Store Delay
O52248,S104,Hyderabad,P2075,37.0,41,7.68,7.86,Store Delay
O52249,S113,Mumbai,P2155,21.0,30,2.78,2.94,Weather
O52250,S111,Bangalore,P2177,34.0,42,3.79,4.13,Traffic
O52251,S131,Delhi,P2168,16.0,10,4.23,4.2,
O52252,S130,Mumbai,P2235,22.0,22,1.61,1.19,
O52253,S129,Delhi,P2281,25.0,31,3.65,3.93,Partner Late
O52254,S126,Delhi,P2157,37.0,49,2.29,2.42,Store Delay
O52255,S109,Delhi,P2002,28.0,19,7.21,5.74,
O52256,S130,Mumbai,P2250,27.0,28,7.13,6.69,Store Delay
O52257,S130,Mumbai,P2167,34.0,32,7.51,6.4,
O52258,S134,Delhi,P2296,31.0,43,4.34,4.51,Store Delay
O52259,S103,Bangalore,P2258,30.0,37,1.5,1.26,Traffic
O52260,S134,Delhi,P2125,39.0,46,3.66,2.82,Partner Late
O52261,S132,Delhi,P2093,36.0,23,5.35,4.31,
O52262,S121,Hyderabad,P2233,38.0,48,5.04,4.85,Partner Late
O52263,S108,Mumbai,P2180,30.0,28,0.84,0.65,
O52264,S119,Mumbai,P2112,22.0,30,5.69,4.47,Store Delay
O52265,S113,Mumbai,P2012,24.0,33,1.43,1.42,Traffic
O52266,S111,Bangalore,P2118,34.0,49,3.78,2.84,Partner Late
O52267,S131,Delhi,P2091,30.0,31,6.35,4.8,Traffic
O52268,S125,Mumbai,P2149,35.0,42,5.28,5.18,Traffic
O52269,S134,Delhi,P2299,30.0,39,3.77,3.91,Traffic
O52270,S123,Delhi,P2261,32.0,32,7.0,6.35,
O52271,S106,Delhi,P2148,23.0,15,4.61,4.41,
O52272,S111,Bangalore,P2180,32.0,35,2.02,1.58,Weather
O52273,S101,Bangalore,P2087,20.0,12,4.15,4.24,
O52274,S130,Mumbai,P2103,39.0,49,0.98,0.73,Traffic
O52275,S118,Hyderabad,P2244,32.0,44,1.01,0.75,Partner Late
O52276,S139,Mumbai,P2017,16.0,20,5.32,4.47,Store Delay
O52277,S106,Delhi,P2233,25.0,17,3.13,2.75,
O52278,S137,Mumbai,P2204,34.0,37,1.54,1.43,Store Delay
O52279,S100,Mumbai,P2024,33.0,48,5.85,4.37,Partner Late
O52280,S107,Mumbai,P2002,37.0,31,0.63,0.61,
O52281,S132,Delhi,P2215,23.0,36,7.22,6.33,Traffic
O52282,S123,Delhi,P2187,18.0,39,4.26,3.69,Store Delay
O52283,S122,Mumbai,P2159,26.0,32,2.0,1.93,Traffic
O52284,S121,Hyderabad,P2003,24.0,28,7.36,5.89,Partner Late
O52285,S119,Mumbai,P2168,19.0,17,7.57,6.38,
O52286,S114,Mumbai,P2183,33.0,42,6.89,4.9,Store Delay
O52287,S128,Bangalore,P2222,32.0,41,4.97,4.14,Traffic
O52288,S104,Hyderabad,P2108,37.0,42,2.52,2.35,Partner Late
O52289,S100,Mumbai,P2068,33.0,29,7.08,5.19,
O52290,S130,Mumbai,P2032,29.0,22,4.34,3.82,
O52291,S121,Hyderabad,P2273,26.0,31,1.07,1.09,Traffic
O52292,S106,Delhi,P2072,24.0,45,7.6,7.32,Traffic
O52293,S106,Delhi,P2288,31.0,37,1.08,1.11,Traffic
O52294,S114,Mumbai,P2161,30.0,39,6.95,5.0,Store Delay
O52295,S130,Mumbai,P2235,23.0,23,2.65,2.12,
O52296,S115,Hyderabad,P2064,21.0,27,5.44,5.12,Traffic
O52297,S121,Hyderabad,P2152,28.0,30,2.74,2.22,Store Delay
O52298,S135,Bangalore,P2095,20.0,15,5.6,5.16,
O52299,S102,Delhi,P2072,22.0,16,6.72,5.23,
O52300,S107,Mumbai,P2036,16.0,23,7.79,6.1,Store Delay
O52301,S102,Delhi,P2298,36.0,45,5.9,4.3,Store Delay
O52302,S125,Mumbai,P2257,32.0,36,4.5,3.83,Store Delay
O52303,S138,Delhi,P2006,33.0,51,2.32,1.81,Store Delay
O52304,S108,Mumbai,P2198,17.0,32,7.96,8.18,Partner Late
O52305,S104,Hyderabad,P2065,29.0,36,5.12,3.94,Partner Late
O52306,S123,Delhi,P2047,31.0,38,0.57,0.47,Store Delay
O52307,S119,Mumbai,P2073,19.0,37,5.57,5.88,Traffic
O52308,S112,Delhi,P2075,33.0,41,4.0,2.92,System Issue
O52309,S136,Bangalore,P2130,26.0,44,2.56,1.96,Store Delay
O52310,S104,Hyderabad,P2014,36.0,42,3.51,3.6,Weather
O52311,S102,Delhi,P2033,39.0,38,7.22,6.54,
O52312,S118,Hyderabad,P2069,25.0,22,1.18,0.98,
O52313,S122,Mumbai,P2260,28.0,27,5.5,4.58,
O52314,S135,Bangalore,P2294,17.0,16,0.85,0.68,
O52315,S108,Mumbai,P2007,32.0,40,3.32,3.13,Store Delay
O52316,S116,Mumbai,P2045,31.0,28,6.97,5.83,
O52317,S107,Mumbai,P2208,39.0,54,4.84,4.52,Traffic
O52318,S122,Mumbai,P2009,15.0,10,0.64,0.64,
O52319,S105,Delhi,P2214,15.0,20,6.83,6.99,
O52320,S121,Hyderabad,P2023,34.0,35,1.06,0.83,System Issue
O52321,S111,Bangalore,P2085,36.0,53,2.76,2.39,Store Delay
O52322,S134,Delhi,P2238,27.0,29,3.27,3.36,System Issue
O52323,S129,Delhi,P2184,35.0,53,5.97,6.33,
O52324,S102,Delhi,P2106,29.0,28,1.69,1.51,
O52325,S103,Bangalore,P2061,34.0,37,3.09,2.84,Traffic
O52326,S118,Hyderabad,P2092,23.0,17,2.48,2.68,
O52327,S105,Delhi,P2075,30.0,49,7.79,5.77,Store Delay
O52328,S114,Mumbai,P2084,17.0,10,6.18,5.94,
O52329,S122,Mumbai,P2162,17.0,12,4.66,4.94,
O52330,S118,Hyderabad,P2203,17.0,15,0.95,0.82,
O52331,S106,Delhi,P2118,31.0,35,7.29,7.28,Store Delay
O52332,S133,Delhi,P2221,38.0,31,7.49,5.33,
O52333,S109,Delhi,P2123,35.0,56,4.62,4.34,Partner Late
O52334,S123,Delhi,P2117,35.0,48,4.93,5.37,Store Delay
O52335,S104,Hyderabad,P2076,29.0,25,0.53,0.4,
O52336,S119,Mumbai,P2080,28.0,40,3.45,3.4,Store Delay
O52337,S117,Delhi,P2138,35.0,45,5.38,5.69,Partner Late
O52338,S123,Delhi,P2159,21.0,43,0.67,0.62,Store Delay
O52339,S116,Mumbai,P2163,32.0,39,2.58,1.95,Traffic
O52340,S103,Bangalore,P2023,27.0,33,6.85,5.2,Store Delay
O52341,S133,Delhi,P2053,18.0,20,5.24,4.25,Traffic
O52342,S138,Delhi,P2252,39.0,57,2.79,2.38,Weather
O52343,S109,Delhi,P2199,22.0,49,6.74,7.16,Store Delay
O52344,S104,Hyderabad,P2255,20.0,40,7.77,7.54,Traffic
O52345,S101,Bangalore,P2011,29.0,37,0.61,0.45,Store Delay
O52346,S127,Bangalore,P2255,31.0,38,1.07,0.91,Traffic
O52347,S136,Bangalore,P2257,22.0,31,4.41,3.4,Store Delay
O52348,S112,Delhi,P2115,24.0,37,1.72,1.57,Partner Late
O52349,S121,Hyderabad,P2009,32.0,38,3.57,2.9,
O52350,S107,Mumbai,P2129,21.0,35,1.29,0.95,Traffic
O52351,S132,Delhi,P2034,19.0,34,2.42,1.72,Traffic
O52352,S102,Delhi,P2281,17.0,26,6.81,7.22,System Issue
O52353,S120,Delhi,P2026,20.0,22,4.59,4.43,Traffic
O52354,S123,Delhi,P2000,17.0,28,5.87,4.79,Partner Late
O52355,S139,Mumbai,P2078,18.0,29,3.85,3.97,Weather
O52356,S135,Bangalore,P2083,15.0,34,6.48,7.03,Partner Late
O52357,S104,Hyderabad,P2020,17.0,14,5.07,3.97,
O52358,S117,Delhi,P2138,35.0,42,1.91,1.53,Traffic
O52359,S105,Delhi,P2190,23.0,34,1.45,1.15,Store Delay
O52360,S108,Mumbai,P2256,19.0,17,7.58,6.44,
O52361,S131,Delhi,P2171,35.0,42,5.82,5.23,Weather
O52362,S105,Delhi,P2272,36.0,49,1.9,1.96,Partner Late
O52363,S105,Delhi,P2267,24.0,33,1.38,1.5,Traffic
O52364,S126,Delhi,P2272,37.0,52,6.27,5.16,Store Delay
O52365,S108,Mumbai,P2045,16.0,15,2.85,2.37,
O52366,S130,Mumbai,P2282,22.0,20,1.02,1.09,
O52367,S127,Bangalore,P2238,23.0,26,4.12,4.4,
O52368,S116,Mumbai,P2201,29.0,38,3.19,3.41,Traffic
O52369,S119,Mumbai,P2167,17.0,34,2.09,1.78,Partner Late
O52370,S132,Delhi,P2177,29.0,28,7.65,6.07,
O52371,S127,Bangalore,P2295,21.0,23,2.99,3.05,Traffic
O52372,S107,Mumbai,P2195,26.0,29,2.86,2.61,Store Delay
O52373,S131,Delhi,P2156,18.0,36,7.44,7.92,Store Delay
O52374,S119,Mumbai,P2296,29.0,21,2.0,1.58,
O52375,S119,Mumbai,P2125,20.0,36,5.2,4.04,Store Delay
O52376,S103,Bangalore,P2174,20.0,24,4.26,4.03,Store Delay
O52377,S114,Mumbai,P2260,15.0,23,4.64,3.99,Traffic
O52378,S134,Delhi,P2247,38.0,41,0.8,0.68,Partner Late
O52379,S137,Mumbai,P2216,27.0,40,5.5,5.57,Traffic
O52380,S138,Delhi,P2284,16.0,17,3.34,2.67,Traffic
O52381,S131,Delhi,P2121,18.0,24,5.78,4.7,Weather
O52382,S126,Delhi,P2027,,40,0.9,0.89,Store Delay
O52383,S101,Bangalore,P2285,25.0,27,4.58,4.75,Traffic
O52384,S135,Bangalore,P2214,30.0,31,6.09,5.84,Store Delay
O52385,S124,Hyderabad,P2045,31.0,36,4.46,4.35,Traffic
O52386,S107,Mumbai,P2187,27.0,32,2.32,2.29,System Issue
O52387,S111,Bangalore,P2213,25.0,23,1.6,1.42,
O52388,S118,Hyderabad,P2050,18.0,10,2.49,1.87,
O52389,S120,Delhi,P2250,34.0,43,4.22,4.51,Store Delay
O52390,S107,Mumbai,P2047,38.0,52,4.88,4.05,Partner Late
O52391,S133,Delhi,P2198,33.0,45,0.56,0.48,Store Delay
O52392,S114,Mumbai,P2165,36.0,25,5.85,4.48,
O52393,S124,Hyderabad,P2086,25.0,21,3.23,2.76,
O52394,S119,Mumbai,P2066,26.0,32,4.63,3.35,Store Delay
O52395,S126,Delhi,P2287,16.0,20,3.15,2.9,Store Delay
O52396,S134,Delhi,P2028,37.0,32,6.14,4.51,
O52397,S127,Bangalore,P2112,27.0,28,5.01,4.04,Partner Late
O52398,S127,Bangalore,P2111,36.0,29,6.31,6.21,
O52399,S115,Hyderabad,P2039,28.0,29,0.73,0.79,System Issue
O52400,S125,Mumbai,P2184,38.0,41,8.0,6.42,Store Delay
O52401,S109,Delhi,P2176,17.0,13,2.43,2.38,
O52402,S124,Hyderabad,P2170,16.0,30,1.66,1.23,Traffic
O52403,S120,Delhi,P2158,21.0,29,0.56,0.56,Partner Late
O52404,S112,Delhi,P2084,38.0,47,2.49,2.2,Store Delay
O52405,S107,Mumbai,P2279,23.0,24,6.4,5.4,Store Delay
O52406,S126,Delhi,P2184,22.0,36,2.27,1.64,Store Delay
O52407,S100,Mumbai,P2048,36.0,47,1.61,1.18,Store Delay
O52408,S136,Bangalore,P2142,21.0,42,7.15,7.63,Store Delay
O52409,S111,Bangalore,P2015,,16,4.32,4.71,
O52410,S101,Bangalore,P2046,,40,2.15,1.97,Partner Late
O52411,S111,Bangalore,P2042,21.0,28,1.28,1.23,Partner Late
O52412,S132,Delhi,P2180,21.0,20,0.78,0.83,
O52413,S118,Hyderabad,P2098,30.0,39,7.2,7.17,Store Delay
O52414,S116,Mumbai,P2295,23.0,28,7.66,8.25,Traffic
O52415,S106,Delhi,P2104,26.0,44,4.22,3.53,Store Delay
O52416,S106,Delhi,P2078,20.0,40,4.9,4.82,Store Delay
O52417,S136,Bangalore,P2102,27.0,36,3.44,3.59,System Issue
O52418,S131,Delhi,P2099,27.0,41,4.19,4.13,Store Delay
O52419,S128,Bangalore,P2128,26.0,26,6.9,6.68,
O52420,S114,Mumbai,P2142,30.0,28,1.7,1.71,
O52421,S126,Delhi,P2209,38.0,34,0.66,0.5,
O52422,S105,Delhi,P2092,27.0,47,4.8,5.16,Store Delay
O52423,S131,Delhi,P2057,31.0,38,5.19,4.78,Store Delay
O52424,S131,Delhi,P2269,21.0,29,5.84,4.78,Traffic
O52425,S104,Hyderabad,P2060,30.0,29,7.73,7.89,
O52426,S114,Mumbai,P2002,38.0,44,5.34,4.34,Traffic
O52427,S114,Mumbai,P2004,24.0,22,1.94,1.55,
O52428,S114,Mumbai,P2252,26.0,41,6.51,5.27,Weather
O52429,S103,Bangalore,P2263,27.0,23,1.45,1.04,
O52430,S111,Bangalore,P2036,36.0,33,7.3,5.21,
O52431,S113,Mumbai,P2025,21.0,25,1.8,1.64,Partner Late
O52432,S100,Mumbai,P2113,26.0,22,7.69,5.83,
O52433,S101,Bangalore,P2233,23.0,40,3.11,2.77,Store Delay
O52434,S139,Mumbai,P2027,35.0,44,4.6,4.66,Traffic
O52435,S120,Delhi,P2084,29.0,31,3.89,3.19,Partner Late
O52436,S131,Delhi,P2297,38.0,44,3.9,3.42,
O52437,S114,Mumbai,P2038,37.0,63,2.01,1.67,
O52438,S123,Delhi,P2011,29.0,23,1.55,1.64,
O52439,S117,Delhi,P2129,34.0,35,7.81,6.55,Traffic
O52440,S116,Mumbai,P2093,39.0,46,5.92,4.47,Traffic
O52441,S132,Delhi,P2127,17.0,26,0.9,0.86,Traffic
O52442,S108,Mumbai,P2001,27.0,37,7.46,8.01,Partner Late
O52443,S127,Bangalore,P2282,18.0,16,3.94,3.0,
O52444,S122,Mumbai,P2236,19.0,-10,2.62,2.55,Traffic
O52445,S117,Delhi,P2199,18.0,18,7.78,6.99,
O52446,S123,Delhi,P2061,27.0,44,3.46,2.66,Store Delay
O52447,S138,Delhi,P2235,39.0,49,3.39,3.22,Store Delay
O52448,S102,Delhi,P2145,39.0,44,3.01,2.98,System Issue
O52449,S116,Mumbai,P2017,21.0,16,6.81,5.89,
O52450,S111,Bangalore,P2062,33.0,40,4.21,3.22,Weather
O52451,S105,Delhi,P2175,33.0,42,7.77,5.86,Weather
O52452,S112,Delhi,P2221,16.0,16,5.82,6.25,
O52453,S116,Mumbai,P2172,39.0,45,1.3,1.26,Partner Late
O52454,S139,Mumbai,P2276,34.0,33,2.06,1.58,
O52455,S112,Delhi,P2235,26.0,28,6.65,5.24,Traffic
O52456,S107,Mumbai,P2049,21.0,22,7.1,5.63,Store Delay
O52457,S100,Mumbai,P2217,31.0,36,4.15,3.01,Traffic
O52458,S114,Mumbai,P2206,37.0,29,1.71,1.85,
O52459,S139,Mumbai,P2297,26.0,32,1.19,1.02,Partner Late
O52460,S126,Delhi,P2061,37.0,29,7.0,6.86,
O52461,S111,Bangalore,P2104,26.0,32,7.56,7.52,Traffic
O52462,S101,Bangalore,P2028,34.0,64,5.79,5.65,Partner Late
O52463,S126,Delhi,P2114,26.0,32,1.51,1.61,Traffic
O52464,S101,Bangalore,P2108,15.0,17,0.9,0.65,Traffic
O52465,S126,Delhi,P2122,27.0,35,4.73,4.58,Partner Late
O52466,S101,Bangalore,P2048,20.0,29,6.09,6.01,Traffic
O52467,S127,Bangalore,P2156,37.0,37,3.58,3.76,
O52468,S119,Mumbai,P2157,20.0,15,1.94,1.48,
O52469,S101,Bangalore,P2152,34.0,55,3.45,3.26,Store Delay
O52470,S136,Bangalore,P2113,36.0,40,5.2,5.66,Store Delay
O52471,S137,Mumbai,P2132,17.0,15,5.42,4.36,
O52472,S117,Delhi,P2051,20.0,23,1.98,1.79,Partner Late
O52473,S116,Mumbai,P2131,16.0,30,6.78,5.63,
O52474,S129,Delhi,P2207,24.0,26,7.79,7.73,Partner Late
O52475,S113,Mumbai,P2106,21.0,28,4.45,4.15,Traffic
O52476,S104,Hyderabad,P2226,24.0,24,7.04,7.33,
O52477,S105,Delhi,P2096,25.0,22,5.94,4.67,
O52478,S113,Mumbai,P2077,19.0,17,2.57,1.94,
O52479,S103,Bangalore,P2036,17.0,29,7.15,6.77,Traffic
O52480,S116,Mumbai,P2136,37.0,32,1.37,1.44,
O52481,S108,Mumbai,P2100,28.0,33,4.66,4.15,Partner Late
O52482,S136,Bangalore,P2017,,33,2.52,1.91,Store Delay
O52483,S130,Mumbai,P2194,35.0,34,0.85,0.9,
O52484,S133,Delhi,P2163,31.0,26,3.1,3.06,
O52485,S107,Mumbai,P2222,19.0,32,3.41,3.02,Traffic
O52486,S137,Mumbai,P2096,39.0,50,2.05,1.64,Partner Late
O52487,S110,Bangalore,P2229,34.0,37,6.35,6.28,System Issue
O52488,S137,Mumbai,P2035,39.0,39,5.76,6.2,
O52489,S134,Delhi,P2282,20.0,30,7.44,6.54,Partner Late
O52490,S111,Bangalore,P2083,38.0,34,4.14,4.51,
O52491,S111,Bangalore,P2061,34.0,37,0.51,0.45,
O52492,S105,Delhi,P2222,37.0,42,4.75,4.14,Partner Late
O52493,S127,Bangalore,P2111,19.0,23,7.79,8.02,Traffic
O52494,S117,Delhi,P2278,34.0,42,0.89,0.84,Store Delay
O52495,S113,Mumbai,P2094,36.0,39,5.86,5.69,Store Delay
O52496,S128,Bangalore,P2033,39.0,38,4.2,3.92,
O52497,S108,Mumbai,P2133,28.0,26,6.29,5.54,
O52498,S112,Delhi,P2013,26.0,29,6.6,5.65,Traffic
O52499,S137,Mumbai,P2157,17.0,22,5.65,4.66,Store Delay
O52500,S104,Hyderabad,P2076,25.0,22,5.08,4.01,
O52501,S132,Delhi,P2129,21.0,18,6.45,6.84,
O52502,S133,Delhi,P2054,39.0,48,3.3,3.33,Partner Late
O52503,S123,Delhi,P2143,33.0,42,6.54,5.97,Partner Late
O52504,S109,Delhi,P2069,30.0,35,5.8,4.38,Store Delay
O52505,S125,Mumbai,P2162,20.0,30,3.17,2.44,Traffic
O52506,S103,Bangalore,P2216,19.0,14,7.56,5.7,
O52507,S136,Bangalore,P2254,38.0,53,2.29,2.04,Partner Late
O52508,S129,Delhi,P2000,19.0,19,6.85,6.41,
O52509,S116,Mumbai,P2163,16.0,18,6.88,6.09,Traffic
O52510,S118,Hyderabad,P2271,38.0,35,2.11,1.92,
O52511,S106,Delhi,P2183,22.0,25,6.2,6.42,Store Delay
O52512,S105,Delhi,P2012,28.0,25,0.77,0.63,
O52513,S109,Delhi,P2124,30.0,34,4.26,4.61,Traffic
O52514,S129,Delhi,P2008,15.0,38,1.23,0.96,Traffic
O52515,S113,Mumbai,P2168,36.0,37,6.56,5.58,Store Delay
O52516,S121,Hyderabad,P2257,19.0,17,5.03,4.42,
O52517,S103,Bangalore,P2203,21.0,25,5.07,3.75,Traffic
O52518,S124,Hyderabad,P2098,27.0,35,7.47,7.04,Partner Late
O52519,S132,Delhi,P2113,27.0,41,1.69,1.42,Traffic
O52520,S133,Delhi,P2043,26.0,25,6.55,4.65,
O52521,S103,Bangalore,P2212,30.0,45,7.78,5.68,Traffic
O52522,S118,Hyderabad,P2084,29.0,37,6.66,5.87,
O52523,S133,Delhi,P2055,39.0,47,6.01,6.28,Traffic
O52524,S128,Bangalore,P2151,35.0,43,0.81,0.77,Traffic
O52525,S125,Mumbai,P2094,15.0,22,7.73,8.12,Traffic
O52526,S117,Delhi,P2089,39.0,40,6.0,4.82,Traffic
O52527,S110,Bangalore,P2192,38.0,39,1.38,1.05,Store Delay
O52528,S106,Delhi,P2269,37.0,38,4.84,4.12,Traffic
O52529,S112,Delhi,P2231,26.0,28,5.92,5.68,
O52530,S105,Delhi,P2226,31.0,37,0.61,0.45,Store Delay
O52531,S115,Hyderabad,P2151,32.0,40,1.8,1.73,Traffic
O52532,S109,Delhi,P2279,39.0,40,2.37,1.79,System Issue
O52533,S139,Mumbai,P2136,18.0,27,2.35,2.45,Partner Late
O52534,S114,Mumbai,P2156,23.0,22,7.81,8.27,
O52535,S137,Mumbai,P2287,18.0,17,6.03,5.26,
O52536,S115,Hyderabad,P2070,27.0,36,1.6,1.63,Partner Late
O52537,S139,Mumbai,P2146,15.0,10,4.48,4.34,
O52538,S111,Bangalore,P2136,23.0,23,6.91,5.69,
O52539,S120,Delhi,P2210,32.0,36,5.02,3.9,Traffic
O52540,S104,Hyderabad,P2142,16.0,17,1.2,1.09,Traffic
O52541,S121,Hyderabad,P2286,32.0,37,3.69,3.48,Store Delay
O52542,S108,Mumbai,P2260,24.0,30,7.69,7.55,Weather
O52543,S126,Delhi,P2246,21.0,26,6.33,6.0,Store Delay
O52544,S111,Bangalore,P2123,17.0,18,6.17,5.86,Traffic
O52545,S137,Mumbai,P2151,17.0,22,5.03,4.76,
O52546,S125,Mumbai,P2014,28.0,36,1.38,1.43,System Issue
O52547,S110,Bangalore,P2097,32.0,36,6.78,4.93,Traffic
O52548,S116,Mumbai,P2135,36.0,38,0.95,0.74,Weather
O52549,S121,Hyderabad,P2229,28.0,35,5.59,5.99,Partner Late
O52550,S138,Delhi,P2096,25.0,28,1.78,1.26,Store Delay
O52551,S139,Mumbai,P2275,17.0,27,1.61,1.75,Store Delay
O52552,S130,Mumbai,P2031,25.0,25,4.79,4.06,
O52553,S103,Bangalore,P2194,19.0,20,1.51,1.17,Store Delay
O52554,S136,Bangalore,P2276,21.0,24,2.14,1.89,System Issue
O52555,S129,Delhi,P2138,16.0,29,7.42,6.64,System Issue
O52556,S111,Bangalore,P2247,29.0,35,6.73,5.79,Traffic
O52557,S110,Bangalore,P2001,20.0,28,2.45,1.81,Store Delay
O52558,S124,Hyderabad,P2197,19.0,43,4.2,4.02,Store Delay
O52559,S109,Delhi,P2268,28.0,35,1.71,1.68,Traffic
O52560,S137,Mumbai,P2076,21.0,19,7.92,5.55,
O52561,S127,Bangalore,P2211,29.0,23,2.27,2.21,
O52562,S116,Mumbai,P2295,22.0,33,4.64,4.92,Store Delay
O52563,S129,Delhi,P2136,38.0,56,5.87,5.33,System Issue
O52564,S135,Bangalore,P2165,15.0,13,5.52,4.31,
O52565,S124,Hyderabad,P2139,34.0,42,6.05,4.36,Partner Late
O52566,S101,Bangalore,P2249,28.0,30,4.39,3.21,Store Delay
O52567,S134,Delhi,P2121,15.0,16,4.48,4.4,Traffic
O52568,S116,Mumbai,P2029,35.0,39,3.55,3.11,Traffic
O52569,S124,Hyderabad,P2268,23.0,25,7.75,5.57,Traffic
O52570,S108,Mumbai,P2118,28.0,39,1.33,1.43,Traffic
O52571,S113,Mumbai,P2282,31.0,36,5.7,4.8,Traffic
O52572,S106,Delhi,P2234,22.0,32,5.99,6.48,Store Delay
O52573,S120,Delhi,P2064,28.0,24,4.36,4.14,
O52574,S128,Bangalore,P2112,19.0,17,2.19,1.75,
O52575,S123,Delhi,P2272,20.0,28,6.99,7.26,System Issue
O52576,S107,Mumbai,P2140,34.0,37,2.38,2.31,Traffic
O52577,S137,Mumbai,P2276,25.0,28,4.21,3.22,Store Delay
O52578,S112,Delhi,P2131,26.0,30,5.55,4.31,Traffic
O52579,S116,Mumbai,P2280,39.0,40,2.75,2.21,Weather
O52580,S105,Delhi,P2003,28.0,28,1.56,1.5,
O52581,S118,Hyderabad,P2272,34.0,30,7.04,5.72,
O52582,S124,Hyderabad,P2281,39.0,44,5.13,5.64,Partner Late
O52583,S115,Hyderabad,P2270,28.0,24,4.39,4.82,
O52584,S129,Delhi,P2207,37.0,41,3.2,2.88,Store Delay
O52585,S113,Mumbai,P2269,33.0,39,2.05,1.69,Store Delay
O52586,S121,Hyderabad,P2062,28.0,30,5.6,5.75,Store Delay
O52587,S104,Hyderabad,P2278,28.0,37,5.26,5.19,Store Delay
O52588,S138,Delhi,P2282,18.0,23,6.4,6.82,Traffic
O52589,S123,Delhi,P2100,31.0,33,0.72,0.51,Partner Late
O52590,S137,Mumbai,P2144,16.0,12,2.63,2.76,
O52591,S103,Bangalore,P2193,32.0,44,4.61,3.41,System Issue
O52592,S131,Delhi,P2160,15.0,10,1.63,1.22,
O52593,S127,Bangalore,P2031,25.0,32,4.99,4.64,Partner Late
O52594,S129,Delhi,P2039,19.0,10,2.07,2.06,
O52595,S106,Delhi,P2108,32.0,38,2.08,1.74,System Issue
O52596,S105,Delhi,P2045,16.0,16,4.11,4.24,
O52597,S112,Delhi,P2213,29.0,34,7.74,7.08,Traffic
O52598,S103,Bangalore,P2171,16.0,20,4.17,3.45,Traffic
O52599,S103,Bangalore,P2102,38.0,45,3.65,3.77,Traffic
O52600,S102,Delhi,P2064,31.0,38,1.71,1.86,Traffic
O52601,S112,Delhi,P2186,28.0,24,5.71,4.18,
O52602,S112,Delhi,P2199,34.0,30,5.42,5.38,
O52603,S105,Delhi,P2237,31.0,28,6.04,4.27,
O52604,S138,Delhi,P2120,35.0,40,5.74,5.62,Store Delay
O52605,S135,Bangalore,P2010,31.0,45,6.67,5.85,Partner Late
O52606,S137,Mumbai,P2045,19.0,14,2.3,2.3,
O52607,S125,Mumbai,P2242,15.0,24,4.77,4.72,Traffic
O52608,S130,Mumbai,P2142,20.0,18,5.49,4.92,
O52609,S125,Mumbai,P2032,23.0,31,5.85,5.46,
O52610,S112,Delhi,P2284,32.0,33,4.3,3.76,Store Delay
O52611,S131,Delhi,P2144,21.0,32,6.74,6.38,Store Delay
O52612,S123,Delhi,P2085,37.0,42,1.05,1.05,Store Delay
O52613,S127,Bangalore,P2229,29.0,25,1.23,0.97,
O52614,S119,Mumbai,P2045,36.0,40,5.93,6.09,Store Delay
O52615,S113,Mumbai,P2228,,45,3.08,3.11,
O52616,S124,Hyderabad,P2065,38.0,43,6.54,5.11,System Issue
O52617,S134,Delhi,P2120,24.0,30,0.59,0.47,Store Delay
O52618,S124,Hyderabad,P2214,25.0,50,5.26,5.7,Traffic
O52619,S109,Delhi,P2000,30.0,31,5.39,5.3,System Issue
O52620,S117,Delhi,P2039,19.0,28,1.9,1.43,Traffic
O52621,S104,Hyderabad,P2026,23.0,28,6.06,5.27,Partner Late
O52622,S128,Bangalore,P2267,30.0,47,6.69,5.71,Store Delay
O52623,S108,Mumbai,P2270,17.0,38,6.71,6.11,Traffic
O52624,S126,Delhi,P2203,18.0,31,4.22,4.48,Partner Late
O52625,S108,Mumbai,P2089,37.0,30,3.01,2.89,
O52626,S114,Mumbai,P2294,23.0,35,5.32,4.13,Weather
O52627,S103,Bangalore,P2238,35.0,49,6.46,6.1,Traffic
O52628,S100,Mumbai,P2063,28.0,34,3.64,2.65,Traffic
O52629,S119,Mumbai,P2079,21.0,19,7.76,6.75,
O52630,S102,Delhi,P2150,39.0,35,7.98,8.72,
O52631,S130,Mumbai,P2283,21.0,28,6.15,4.53,Traffic
O52632,S134,Delhi,P2247,23.0,30,2.4,2.42,Store Delay
O52633,S100,Mumbai,P2234,28.0,36,6.02,5.24,Store Delay
O52634,S104,Hyderabad,P2051,36.0,41,5.16,5.13,Store Delay
O52635,S135,Bangalore,P2162,29.0,25,5.18,5.07,
O52636,S123,Delhi,P2006,37.0,51,6.32,4.48,Traffic
O52637,S125,Mumbai,P2107,35.0,31,2.99,2.91,
O52638,S123,Delhi,P2044,18.0,40,5.58,5.65,Traffic
O52639,S101,Bangalore,P2183,32.0,35,3.55,3.08,Store Delay
O52640,S130,Mumbai,P2054,26.0,25,5.22,3.67,
O52641,S133,Delhi,P2024,29.0,32,5.92,4.62,Traffic
O52642,S111,Bangalore,P2255,30.0,34,4.59,4.28,System Issue
O52643,S138,Delhi,P2042,16.0,11,2.51,2.2,
O52644,S108,Mumbai,P2036,39.0,39,2.31,2.08,
O52645,S100,Mumbai,P2108,34.0,-10,3.95,4.19,Partner Late
O52646,S115,Hyderabad,P2107,37.0,45,1.94,1.8,System Issue
O52647,S129,Delhi,P2248,39.0,65,4.7,4.92,Traffic
O52648,S120,Delhi,P2217,34.0,41,1.32,0.95,Partner Late
O52649,S118,Hyderabad,P2046,18.0,14,5.51,4.37,
O52650,S106,Delhi,P2023,21.0,23,3.82,3.41,Weather
O52651,S111,Bangalore,P2059,29.0,25,2.73,2.75,
O52652,S113,Mumbai,P2091,29.0,38,6.48,6.1,Store Delay
O52653,S135,Bangalore,P2164,32.0,43,5.9,6.03,Traffic
O52654,S118,Hyderabad,P2250,26.0,27,5.09,4.04,Partner Late
O52655,S127,Bangalore,P2229,18.0,18,2.98,3.0,
O52656,S113,Mumbai,P2243,37.0,28,1.01,0.96,
O52657,S123,Delhi,P2148,32.0,27,3.69,3.54,
O52658,S123,Delhi,P2078,25.0,30,1.52,1.33,Traffic
O52659,S128,Bangalore,P2078,29.0,25,4.72,4.78,
O52660,S100,Mumbai,P2293,15.0,14,5.64,5.12,
O52661,S110,Bangalore,P2163,26.0,27,4.28,3.2,Partner Late
O52662,S110,Bangalore,P2141,24.0,41,6.57,5.43,Store Delay
O52663,S111,Bangalore,P2219,20.0,32,4.22,4.32,Partner Late
O52664,S122,Mumbai,P2110,39.0,35,5.81,6.11,
O52665,S133,Delhi,P2053,29.0,32,5.36,5.45,Partner Late
O52666,S125,Mumbai,P2103,35.0,33,1.77,1.87,
O52667,S139,Mumbai,P2210,32.0,31,2.42,1.77,
O52668,S117,Delhi,P2170,28.0,38,2.34,2.2,Weather
O52669,S111,Bangalore,P2040,15.0,15,1.79,1.82,
O52670,S121,Hyderabad,P2130,33.0,45,4.7,3.76,Traffic
O52671,S130,Mumbai,P2108,28.0,35,2.91,2.13,Store Delay
O52672,S103,Bangalore,P2250,37.0,46,1.33,1.23,
O52673,S134,Delhi,P2171,36.0,45,3.8,3.21,Partner Late
O52674,S127,Bangalore,P2088,17.0,10,4.08,3.59,
O52675,S104,Hyderabad,P2164,30.0,31,0.69,0.54,System Issue
O52676,S124,Hyderabad,P2024,26.0,28,7.43,5.3,System Issue
O52677,S134,Delhi,P2137,30.0,36,0.91,0.91,
O52678,S131,Delhi,P2293,32.0,30,6.42,4.98,
O52679,S116,Mumbai,P2107,34.0,34,1.19,1.15,
O52680,S123,Delhi,P2162,37.0,40,2.15,1.76,System Issue
O52681,S136,Bangalore,P2244,37.0,41,6.72,6.66,Store Delay
O52682,S124,Hyderabad,P2252,22.0,30,2.94,2.41,Store Delay
O52683,S131,Delhi,P2091,30.0,34,5.77,4.05,Partner Late
O52684,S134,Delhi,P2074,20.0,16,6.29,6.73,
O52685,S118,Hyderabad,P2268,28.0,22,5.42,5.47,
O52686,S126,Delhi,P2030,36.0,47,2.05,1.59,Store Delay
O52687,S110,Bangalore,P2023,35.0,45,6.92,6.11,Traffic
O52688,S135,Bangalore,P2176,30.0,31,1.61,1.35,System Issue
O52689,S134,Delhi,P2030,33.0,45,2.49,1.98,Traffic
O52690,S118,Hyderabad,P2100,26.0,33,6.0,6.41,Traffic
O52691,S121,Hyderabad,P2121,22.0,33,4.92,4.3,Partner Late
O52692,S109,Delhi,P2023,35.0,52,5.03,4.39,Weather
O52693,S123,Delhi,P2209,30.0,39,7.33,6.97,Partner Late
O52694,S106,Delhi,P2274,37.0,46,4.48,4.39,System Issue
O52695,S104,Hyderabad,P2234,33.0,39,1.2,1.15,System Issue
O52696,S111,Bangalore,P2289,20.0,27,3.86,4.14,Traffic
O52697,S134,Delhi,P2042,18.0,20,3.04,2.89,Partner Late
O52698,S109,Delhi,P2030,34.0,38,3.45,3.67,Partner Late
O52699,S135,Bangalore,P2226,23.0,20,0.65,0.6,
O52700,S139,Mumbai,P2086,37.0,42,2.91,2.13,System Issue
O52701,S104,Hyderabad,P2185,39.0,46,6.9,6.65,Partner Late
O52702,S108,Mumbai,P2215,33.0,36,7.98,5.68,Weather
O52703,S134,Delhi,P2051,36.0,46,0.76,0.69,
O52704,S136,Bangalore,P2266,19.0,23,0.86,0.84,Traffic
O52705,S120,Delhi,P2102,27.0,35,6.78,5.04,Traffic
O52706,S107,Mumbai,P2296,38.0,51,6.33,4.68,System Issue
O52707,S132,Delhi,P2013,39.0,37,4.82,3.69,
O52708,S133,Delhi,P2082,17.0,20,7.85,6.22,Store Delay
O52709,S118,Hyderabad,P2175,32.0,53,5.67,5.68,Store Delay
O52710,S118,Hyderabad,P2075,21.0,16,1.51,1.39,
O52711,S130,Mumbai,P2115,29.0,49,7.5,6.23,Store Delay
O52712,S118,Hyderabad,P2021,25.0,32,2.12,2.11,Traffic
O52713,S128,Bangalore,P2159,33.0,23,2.46,2.36,
O52714,S115,Hyderabad,P2010,25.0,38,1.51,1.59,Traffic
O52715,S137,Mumbai,P2096,39.0,61,2.21,2.29,
O52716,S101,Bangalore,P2072,27.0,28,7.76,8.43,Traffic
O52717,S115,Hyderabad,P2008,17.0,20,7.27,5.82,Store Delay
O52718,S110,Bangalore,P2238,34.0,50,5.62,4.92,Partner Late
O52719,S106,Delhi,P2131,18.0,21,3.41,2.49,Store Delay
O52720,S117,Delhi,P2276,25.0,59,4.96,3.61,Weather
O52721,S112,Delhi,P2293,38.0,34,4.79,4.93,
O52722,S117,Delhi,P2287,33.0,36,7.3,7.31,Traffic
O52723,S132,Delhi,P2006,39.0,43,0.76,0.58,Store Delay
O52724,S134,Delhi,P2150,27.0,31,4.05,3.87,Weather
O52725,S116,Mumbai,P2265,16.0,15,6.6,7.01,
O52726,S126,Delhi,P2088,19.0,28,5.84,4.59,Store Delay
O52727,S127,Bangalore,P2133,27.0,42,7.37,5.82,Weather
O52728,S121,Hyderabad,P2102,16.0,10,2.05,1.44,
O52729,S111,Bangalore,P2178,20.0,19,3.99,4.28,
O52730,S132,Delhi,P2130,25.0,32,2.91,2.89,Weather
O52731,S117,Delhi,P2196,34.0,31,3.54,2.99,
O52732,S134,Delhi,P2022,19.0,20,1.02,1.07,Traffic
O52733,S100,Mumbai,P2193,15.0,21,5.21,5.0,Traffic
O52734,S125,Mumbai,P2266,27.0,28,0.53,0.56,Traffic
O52735,S128,Bangalore,P2252,36.0,38,7.35,6.53,Store Delay
O52736,S123,Delhi,P2271,21.0,29,7.99,8.19,Store Delay
O52737,S107,Mumbai,P2130,34.0,39,0.7,0.75,Traffic
O52738,S114,Mumbai,P2245,20.0,16,6.3,5.19,
O52739,S131,Delhi,P2047,27.0,31,1.49,1.33,Traffic
O52740,S105,Delhi,P2289,20.0,29,5.88,6.16,Weather
O52741,S110,Bangalore,P2290,30.0,39,1.72,1.65,Traffic
O52742,S120,Delhi,P2293,31.0,36,0.96,0.69,Partner Late
O52743,S127,Bangalore,P2090,27.0,35,2.08,2.2,Partner Late
O52744,S122,Mumbai,P2020,37.0,34,1.37,1.06,
O52745,S126,Delhi,P2254,32.0,51,4.15,4.52,Traffic
O52746,S134,Delhi,P2204,39.0,55,0.78,0.61,Traffic
O52747,S110,Bangalore,P2202,31.0,32,0.52,0.5,Store Delay
O52748,S113,Mumbai,P2197,36.0,39,0.52,0.39,
O52749,S114,Mumbai,P2169,37.0,25,1.77,1.51,
O52750,S123,Delhi,P2042,23.0,19,4.34,3.21,
O52751,S112,Delhi,P2197,28.0,24,3.47,2.44,
O52752,S122,Mumbai,P2258,30.0,42,0.57,0.62,Traffic
O52753,S136,Bangalore,P2027,35.0,39,7.21,5.34,Traffic
O52754,S129,Delhi,P2051,30.0,30,1.35,1.14,
O52755,S122,Mumbai,P2280,25.0,48,2.78,2.62,Traffic
O52756,S102,Delhi,P2186,30.0,38,3.11,3.14,Store Delay
O52757,S132,Delhi,P2046,15.0,26,7.42,5.85,Traffic
O52758,S110,Bangalore,P2101,39.0,37,1.13,1.09,
O52759,S112,Delhi,P2117,38.0,35,1.51,1.45,
O52760,S111,Bangalore,P2135,15.0,18,0.69,0.5,Weather
O52761,S107,Mumbai,P2264,28.0,25,4.49,4.53,
O52762,S130,Mumbai,P2193,21.0,26,6.6,6.69,System Issue
O52763,S110,Bangalore,P2209,36.0,54,4.74,3.54,Traffic
O52764,S129,Delhi,P2071,18.0,21,5.84,5.7,Traffic
O52765,S126,Delhi,P2213,39.0,41,5.19,3.95,Traffic
O52766,S116,Mumbai,P2268,32.0,38,1.87,1.93,Traffic
O52767,S131,Delhi,P2299,26.0,35,1.31,1.36,Traffic
O52768,S103,Bangalore,P2223,18.0,17,1.85,1.89,
O52769,S124,Hyderabad,P2029,39.0,51,3.32,3.33,Traffic
O52770,S116,Mumbai,P2148,15.0,24,2.57,2.5,Store Delay
O52771,S115,Hyderabad,P2154,30.0,44,3.18,2.33,Store Delay
O52772,S113,Mumbai,P2013,36.0,46,7.42,7.38,Store Delay
O52773,S127,Bangalore,P2222,33.0,33,1.73,1.63,
O52774,S130,Mumbai,P2224,18.0,23,1.84,1.59,Traffic
O52775,S136,Bangalore,P2152,20.0,40,0.76,0.77,Partner Late
O52776,S121,Hyderabad,P2193,25.0,22,1.23,0.89,
O52777,S136,Bangalore,P2146,22.0,29,1.56,1.51,Traffic
O52778,S123,Delhi,P2293,18.0,27,3.88,3.04,Store Delay
O52779,S119,Mumbai,P2170,36.0,52,6.95,6.85,Weather
O52780,S122,Mumbai,P2267,16.0,25,1.97,1.53,Weather
O52781,S129,Delhi,P2164,16.0,38,3.08,2.51,Partner Late
O52782,S135,Bangalore,P2239,26.0,28,3.83,3.01,Store Delay
O52783,S107,Mumbai,P2200,36.0,33,4.6,3.47,
O52784,S119,Mumbai,P2219,39.0,35,6.85,5.61,
O52785,S115,Hyderabad,P2106,33.0,36,4.67,4.83,Traffic
O52786,S113,Mumbai,P2124,27.0,30,3.89,3.53,Traffic
O52787,S106,Delhi,P2229,33.0,35,1.93,1.43,Partner Late
O52788,S101,Bangalore,P2289,33.0,63,5.27,5.3,Traffic
O52789,S118,Hyderabad,P2219,27.0,33,7.71,5.71,Partner Late
O52790,S113,Mumbai,P2248,23.0,20,5.43,3.87,
O52791,S116,Mumbai,P2115,37.0,42,1.01,0.92,Traffic
O52792,S107,Mumbai,P2143,16.0,33,2.19,1.88,Partner Late
O52793,S134,Delhi,P2141,31.0,38,4.28,4.05,Traffic
O52794,S130,Mumbai,P2070,33.0,44,3.58,3.77,Partner Late
O52795,S105,Delhi,P2215,27.0,44,1.93,2.07,Traffic
O52796,S105,Delhi,P2022,36.0,39,3.64,3.51,Traffic
O52797,S116,Mumbai,P2280,34.0,33,2.21,2.33,
O52798,S123,Delhi,P2002,29.0,40,3.49,3.72,System Issue
O52799,S101,Bangalore,P2171,25.0,32,5.33,5.56,Partner Late
O52800,S104,Hyderabad,P2072,37.0,34,1.26,1.37,
O52801,S125,Mumbai,P2205,22.0,22,1.48,1.39,
O52802,S111,Bangalore,P2199,32.0,40,5.81,4.55,Traffic
O52803,S129,Delhi,P2228,35.0,41,3.18,3.22,Partner Late
O52804,S113,Mumbai,P2297,34.0,43,2.98,2.94,Traffic
O52805,S120,Delhi,P2081,26.0,24,2.76,2.22,
O52806,S107,Mumbai,P2281,25.0,36,1.52,1.45,Traffic
O52807,S115,Hyderabad,P2063,16.0,10,5.41,5.54,
O52808,S139,Mumbai,P2198,36.0,42,7.88,8.11,System Issue
O52809,S104,Hyderabad,P2203,15.0,21,6.65,5.48,Store Delay
O52810,S106,Delhi,P2040,20.0,19,6.4,6.82,
O52811,S121,Hyderabad,P2087,33.0,28,5.2,3.89,
O52812,S114,Mumbai,P2229,26.0,24,3.43,3.37,
O52813,S125,Mumbai,P2127,37.0,42,5.21,4.49,Store Delay
O52814,S113,Mumbai,P2030,21.0,12,5.55,4.08,
O52815,S133,Delhi,P2108,21.0,28,1.76,1.28,Traffic
O52816,S128,Bangalore,P2100,22.0,35,2.51,2.2,
O52817,S125,Mumbai,P2279,29.0,38,1.71,1.27,Traffic
O52818,S110,Bangalore,P2075,32.0,24,5.31,4.28,
O52819,S114,Mumbai,P2037,32.0,40,4.71,4.02,Weather
O52820,S128,Bangalore,P2299,19.0,30,5.3,5.12,
O52821,S133,Delhi,P2091,33.0,36,4.19,3.52,Store Delay
O52822,S101,Bangalore,P2239,31.0,49,0.61,0.45,Traffic
O52823,S130,Mumbai,P2169,27.0,38,3.82,3.07,Store Delay
O52824,S132,Delhi,P2045,19.0,24,5.54,5.84,
O52825,S119,Mumbai,P2022,31.0,34,1.09,0.78,Partner Late
O52826,S120,Delhi,P2221,24.0,36,4.35,3.25,Store Delay
O52827,S121,Hyderabad,P2269,23.0,17,6.71,6.42,
O52828,S108,Mumbai,P2045,15.0,24,3.0,3.21,Partner Late
O52829,S104,Hyderabad,P2110,17.0,24,4.24,3.32,Partner Late
O52830,S135,Bangalore,P2265,31.0,24,4.12,3.48,
O52831,S139,Mumbai,P2172,36.0,53,7.0,7.18,Store Delay
O52832,S134,Delhi,P2082,16.0,19,4.02,3.95,System Issue
O52833,S133,Delhi,P2295,36.0,48,1.59,1.69,
O52834,S133,Delhi,P2033,27.0,19,5.61,5.78,
O52835,S117,Delhi,P2011,16.0,16,5.8,4.92,
O52836,S104,Hyderabad,P2271,20.0,14,3.93,3.47,
O52837,S112,Delhi,P2047,19.0,25,6.99,5.65,Partner Late
O52838,S103,Bangalore,P2064,30.0,31,7.9,7.89,System Issue
O52839,S121,Hyderabad,P2269,39.0,45,7.31,5.92,Traffic
O52840,S135,Bangalore,P2260,31.0,38,1.81,1.87,Store Delay
O52841,S102,Delhi,P2024,17.0,20,4.61,4.11,Store Delay
O52842,S123,Delhi,P2073,31.0,29,4.81,5.24,
O52843,S105,Delhi,P2111,36.0,46,1.18,1.13,Traffic
O52844,S106,Delhi,P2214,17.0,11,3.54,3.54,
O52845,S131,Delhi,P2266,24.0,22,7.08,5.88,
O52846,S108,Mumbai,P2171,23.0,25,0.5,0.46,System Issue
O52847,S103,Bangalore,P2104,19.0,23,4.48,3.19,Store Delay
O52848,S123,Delhi,P2011,24.0,26,2.06,1.47,Traffic
O52849,S133,Delhi,P2071,31.0,26,7.23,7.89,
O52850,S120,Delhi,P2272,17.0,19,2.03,1.51,Store Delay
O52851,S113,Mumbai,P2043,32.0,43,3.66,3.52,Store Delay
O52852,S126,Delhi,P2187,28.0,30,1.25,1.09,Store Delay
O52853,S127,Bangalore,P2039,23.0,28,4.31,3.14,Traffic
O52854,S135,Bangalore,P2193,23.0,47,5.42,5.08,Traffic
O52855,S102,Delhi,P2236,23.0,16,4.75,4.55,
O52856,S132,Delhi,P2081,19.0,30,3.15,2.74,Traffic
O52857,S115,Hyderabad,P2185,32.0,30,2.38,2.6,
O52858,S114,Mumbai,P2264,34.0,38,2.09,1.75,Partner Late
O52859,S137,Mumbai,P2211,39.0,37,3.49,3.21,
O52860,S122,Mumbai,P2261,17.0,12,0.68,0.74,
O52861,S133,Delhi,P2096,39.0,32,1.53,1.37,
O52862,S102,Delhi,P2159,19.0,32,7.55,6.14,Store Delay
O52863,S118,Hyderabad,P2160,27.0,16,2.38,2.46,
O52864,S114,Mumbai,P2136,34.0,43,7.1,7.35,Store Delay
O52865,S138,Delhi,P2001,36.0,45,4.32,3.89,Traffic
O52866,S113,Mumbai,P2068,26.0,24,7.9,6.3,
O52867,S107,Mumbai,P2291,38.0,37,1.71,1.64,
O52868,S133,Delhi,P2111,32.0,38,7.89,8.07,Traffic
O52869,S114,Mumbai,P2120,37.0,46,6.98,6.95,Traffic
O52870,S100,Mumbai,P2127,31.0,37,4.24,3.68,Traffic
O52871,S127,Bangalore,P2246,31.0,30,4.3,4.69,
O52872,S108,Mumbai,P2287,30.0,44,1.17,1.0,Traffic
O52873,S109,Delhi,P2068,39.0,46,7.0,7.2,Traffic
O52874,S126,Delhi,P2096,25.0,29,5.44,3.81,Partner Late
O52875,S103,Bangalore,P2266,21.0,22,7.36,6.08,Partner Late
O52876,S128,Bangalore,P2141,27.0,34,6.87,6.29,Store Delay
O52877,S120,Delhi,P2163,16.0,18,6.47,6.7,Traffic
O52878,S135,Bangalore,P2228,38.0,43,5.21,4.46,Traffic
O52879,S126,Delhi,P2254,31.0,28,1.42,1.01,
O52880,S119,Mumbai,P2288,28.0,47,2.01,2.11,Store Delay
O52881,S116,Mumbai,P2278,24.0,26,3.92,3.35,Store Delay
O52882,S101,Bangalore,P2022,39.0,38,1.23,1.04,
O52883,S127,Bangalore,P2067,16.0,23,7.13,6.06,Store Delay
O52884,S123,Delhi,P2144,28.0,34,3.96,3.03,Store Delay
O52885,S126,Delhi,P2281,27.0,27,4.98,4.41,
O52886,S130,Mumbai,P2234,39.0,44,5.96,5.45,Store Delay
O52887,S108,Mumbai,P2188,32.0,39,1.07,1.06,Partner Late
O52888,S110,Bangalore,P2213,37.0,38,4.74,4.9,Traffic
O52889,S113,Mumbai,P2286,16.0,24,0.53,0.51,Store Delay
O52890,S137,Mumbai,P2144,25.0,30,1.36,1.44,Traffic
O52891,S111,Bangalore,P2065,34.0,34,7.04,7.59,
O52892,S126,Delhi,P2146,29.0,38,0.5,0.39,Store Delay
O52893,S119,Mumbai,P2009,28.0,21,2.98,2.55,
O52894,S131,Delhi,P2103,30.0,28,6.06,5.74,
O52895,S116,Mumbai,P2221,33.0,43,3.32,3.07,Traffic
O52896,S139,Mumbai,P2149,25.0,53,2.6,2.31,Traffic
O52897,S139,Mumbai,P2203,39.0,40,3.05,2.31,Traffic
O52898,S128,Bangalore,P2195,16.0,21,5.33,4.75,Partner Late
O52899,S138,Delhi,P2036,38.0,43,3.44,3.04,Partner Late
O52900,S101,Bangalore,P2071,16.0,24,7.94,6.93,Store Delay
O52901,S104,Hyderabad,P2012,36.0,40,3.6,2.63,Traffic
O52902,S135,Bangalore,P2227,33.0,26,0.52,0.55,
O52903,S125,Mumbai,P2040,30.0,30,6.67,5.34,
O52904,S100,Mumbai,P2149,32.0,43,0.77,0.62,Weather
O52905,S138,Delhi,P2066,27.0,27,2.05,1.75,
O52906,S115,Hyderabad,P2152,28.0,31,3.68,2.77,Partner Late
O52907,S139,Mumbai,P2293,18.0,25,0.84,0.61,Traffic
O52908,S117,Delhi,P2290,17.0,14,3.69,2.7,
O52909,S128,Bangalore,P2173,36.0,46,3.73,3.53,Weather
O52910,S133,Delhi,P2236,19.0,12,2.66,2.85,
O52911,S139,Mumbai,P2200,36.0,48,5.72,5.45,System Issue
O52912,S136,Bangalore,P2237,32.0,33,0.95,0.96,System Issue
O52913,S107,Mumbai,P2039,27.0,25,4.13,4.15,
O52914,S115,Hyderabad,P2255,23.0,36,1.95,1.86,Store Delay
O52915,S134,Delhi,P2069,20.0,31,4.11,3.03,Partner Late
O52916,S110,Bangalore,P2183,18.0,18,5.89,5.48,
O52917,S122,Mumbai,P2174,38.0,38,2.82,2.93,
O52918,S132,Delhi,P2007,31.0,39,5.32,5.84,Traffic
O52919,S129,Delhi,P2103,32.0,34,1.93,1.45,Traffic
O52920,S101,Bangalore,P2142,25.0,30,1.22,0.92,Store Delay
O52921,S128,Bangalore,P2140,22.0,30,6.26,4.58,Traffic
O52922,S113,Mumbai,P2078,23.0,27,3.51,3.74,System Issue
O52923,S137,Mumbai,P2134,20.0,13,3.62,3.68,
O52924,S122,Mumbai,P2151,23.0,37,3.69,3.52,Traffic
O52925,S127,Bangalore,P2064,30.0,32,3.34,2.41,Weather
O52926,S117,Delhi,P2103,36.0,43,7.74,8.02,Partner Late
O52927,S139,Mumbai,P2196,30.0,-10,6.6,4.67,Traffic
O52928,S118,Hyderabad,P2262,21.0,20,3.52,3.18,
O52929,S104,Hyderabad,P2187,32.0,31,3.9,3.66,
O52930,S104,Hyderabad,P2052,31.0,22,4.1,4.51,
O52931,S119,Mumbai,P2154,17.0,17,5.37,4.59,
O52932,S117,Delhi,P2119,31.0,25,5.64,4.73,
O52933,S109,Delhi,P2037,18.0,26,2.79,2.5,Traffic
O52934,S123,Delhi,P2259,18.0,27,0.72,0.57,Traffic
O52935,S105,Delhi,P2236,20.0,17,1.03,1.01,
O52936,S134,Delhi,P2053,35.0,46,5.86,6.05,Traffic
O52937,S128,Bangalore,P2138,29.0,28,3.04,2.33,
O52938,S139,Mumbai,P2049,22.0,18,3.73,3.89,
O52939,S119,Mumbai,P2115,23.0,23,1.06,0.83,
O52940,S114,Mumbai,P2178,29.0,41,1.46,1.04,Store Delay
O52941,S123,Delhi,P2101,,32,5.96,4.33,Traffic
O52942,S124,Hyderabad,P2012,30.0,28,5.05,4.68,
O52943,S101,Bangalore,P2039,34.0,38,7.1,7.55,Store Delay
O52944,S128,Bangalore,P2019,24.0,22,7.65,7.31,
O52945,S105,Delhi,P2176,18.0,24,3.24,2.88,Traffic
O52946,S101,Bangalore,P2190,35.0,52,6.33,6.35,
O52947,S117,Delhi,P2205,27.0,36,7.82,7.35,Partner Late
O52948,S126,Delhi,P2299,39.0,51,6.24,4.78,Partner Late
O52949,S128,Bangalore,P2135,35.0,33,1.67,1.58,
O52950,S121,Hyderabad,P2128,20.0,25,5.54,3.93,Partner Late
O52951,S114,Mumbai,P2047,39.0,35,1.62,1.49,
O52952,S121,Hyderabad,P2015,17.0,16,1.16,1.23,
O52953,S116,Mumbai,P2267,28.0,29,2.92,2.11,Traffic
O52954,S133,Delhi,P2285,39.0,44,2.21,2.06,Traffic
O52955,S107,Mumbai,P2105,25.0,46,5.83,5.37,Weather
O52956,S116,Mumbai,P2061,34.0,40,4.82,4.77,Partner Late
O52957,S103,Bangalore,P2244,30.0,33,4.62,4.72,Store Delay
O52958,S123,Delhi,P2215,20.0,41,1.54,1.54,Traffic
O52959,S102,Delhi,P2178,32.0,28,7.0,6.64,
O52960,S124,Hyderabad,P2011,22.0,39,2.77,2.31,Store Delay
O52961,S133,Delhi,P2057,25.0,41,4.77,3.97,Traffic
O52962,S101,Bangalore,P2052,31.0,36,1.2,1.26,Partner Late
O52963,S125,Mumbai,P2042,29.0,33,7.73,6.49,Traffic
O52964,S101,Bangalore,P2153,26.0,29,7.87,8.64,Traffic
O52965,S126,Delhi,P2291,38.0,37,4.55,3.83,
O52966,S112,Delhi,P2094,39.0,46,4.32,3.67,Store Delay
O52967,S125,Mumbai,P2245,16.0,10,2.39,2.36,
O52968,S103,Bangalore,P2201,20.0,31,6.57,5.19,Partner Late
O52969,S107,Mumbai,P2082,31.0,38,4.09,3.5,
O52970,S113,Mumbai,P2111,27.0,45,4.33,4.18,Store Delay
O52971,S120,Delhi,P2011,30.0,40,1.27,1.33,Store Delay
O52972,S116,Mumbai,P2277,18.0,35,6.14,6.01,Partner Late
O52973,S132,Delhi,P2142,24.0,40,0.83,0.77,Traffic
O52974,S123,Delhi,P2035,36.0,49,4.51,4.9,Traffic
O52975,S109,Delhi,P2182,32.0,46,3.02,2.27,Traffic
O52976,S127,Bangalore,P2156,28.0,20,3.65,3.72,
O52977,S128,Bangalore,P2013,33.0,37,5.33,4.64,Traffic
O52978,S138,Delhi,P2127,15.0,26,5.22,4.62,Traffic
O52979,S110,Bangalore,P2194,19.0,19,3.99,3.04,
O52980,S127,Bangalore,P2229,33.0,39,2.35,1.66,Store Delay
O52981,S104,Hyderabad,P2106,33.0,51,6.16,5.44,Partner Late
O52982,S106,Delhi,P2032,23.0,27,4.59,4.53,Store Delay
O52983,S106,Delhi,P2017,32.0,51,4.48,4.02,Store Delay
O52984,S138,Delhi,P2016,25.0,-10,5.99,5.3,
O52985,S134,Delhi,P2068,18.0,18,0.89,0.87,
O52986,S109,Delhi,P2237,27.0,27,6.29,4.69,
O52987,S127,Bangalore,P2251,38.0,42,3.96,4.14,Store Delay
O52988,S119,Mumbai,P2180,39.0,52,7.81,7.24,Traffic
O52989,S114,Mumbai,P2042,28.0,30,4.82,4.01,Traffic
O52990,S124,Hyderabad,P2134,31.0,42,6.07,4.41,Weather
O52991,S130,Mumbai,P2284,38.0,33,6.66,4.89,
O52992,S119,Mumbai,P2037,34.0,30,3.31,3.63,
O52993,S139,Mumbai,P2176,39.0,49,6.59,5.07,Traffic
O52994,S121,Hyderabad,P2229,27.0,35,1.58,1.63,Partner Late
O52995,S114,Mumbai,P2141,20.0,32,4.36,4.65,Store Delay
O52996,S136,Bangalore,P2034,19.0,11,6.83,5.51,
O52997,S124,Hyderabad,P2252,28.0,38,3.37,3.14,Partner Late
O52998,S123,Delhi,P2152,26.0,26,2.79,2.95,
O52999,S101,Bangalore,P2093,39.0,37,4.25,3.22,
O53000,S117,Delhi,P2255,27.0,23,3.99,3.13,
O53001,S116,Mumbai,P2055,35.0,49,7.93,7.25,Traffic
O53002,S107,Mumbai,P2176,39.0,41,7.19,7.28,Store Delay
O53003,S107,Mumbai,P2024,32.0,59,0.51,0.55,Traffic
O53004,S103,Bangalore,P2190,18.0,32,4.27,4.39,Weather
O53005,S102,Delhi,P2097,15.0,30,2.99,2.54,Traffic
O53006,S112,Delhi,P2176,24.0,27,6.63,6.1,Partner Late
O53007,S124,Hyderabad,P2191,21.0,27,0.66,0.61,Traffic
O53008,S108,Mumbai,P2066,18.0,25,3.25,2.56,Partner Late
O53009,S119,Mumbai,P2000,34.0,37,5.92,4.82,Traffic
O53010,S115,Hyderabad,P2175,24.0,51,0.95,0.99,Traffic
O53011,S104,Hyderabad,P2274,26.0,22,5.67,5.78,
O53012,S138,Delhi,P2229,15.0,13,2.56,2.08,
O53013,S108,Mumbai,P2023,18.0,28,7.61,5.56,Traffic
O53014,S139,Mumbai,P2058,38.0,60,2.0,1.61,Store Delay
O53015,S112,Delhi,P2267,33.0,51,6.91,5.87,Traffic
O53016,S101,Bangalore,P2020,35.0,39,6.47,6.0,Store Delay
O53017,S131,Delhi,P2050,17.0,34,7.7,5.87,System Issue
O53018,S116,Mumbai,P2028,26.0,35,3.75,2.69,Weather
O53019,S111,Bangalore,P2139,25.0,35,3.57,3.62,System Issue
O53020,S106,Delhi,P2120,16.0,19,6.86,7.32,Partner Late
O53021,S123,Delhi,P2107,19.0,36,7.86,5.79,Store Delay
O53022,S137,Mumbai,P2066,24.0,27,3.81,3.52,Store Delay
O53023,S101,Bangalore,P2091,39.0,43,4.25,3.65,
O53024,S136,Bangalore,P2044,32.0,47,3.68,2.81,Store Delay
O53025,S126,Delhi,P2099,32.0,34,7.61,5.75,Traffic
O53026,S126,Delhi,P2064,27.0,32,2.4,2.47,Traffic
O53027,S108,Mumbai,P2140,19.0,28,2.31,1.76,Store Delay
O53028,S123,Delhi,P2202,22.0,20,3.8,2.76,
O53029,S105,Delhi,P2226,30.0,22,5.35,5.39,
O53030,S104,Hyderabad,P2052,16.0,23,5.63,5.12,Store Delay
O53031,S106,Delhi,P2246,18.0,10,4.42,4.01,
O53032,S137,Mumbai,P2019,15.0,30,0.79,0.7,Partner Late
O53033,S129,Delhi,P2022,30.0,26,2.59,1.84,
O53034,S118,Hyderabad,P2029,31.0,30,2.86,3.08,
O53035,S122,Mumbai,P2292,17.0,29,4.57,4.07,Partner Late
O53036,S114,Mumbai,P2165,19.0,32,5.12,4.75,Traffic
O53037,S102,Delhi,P2017,27.0,27,2.61,2.24,
O53038,S128,Bangalore,P2044,23.0,22,6.88,6.43,
O53039,S106,Delhi,P2072,21.0,33,0.82,0.75,Traffic
O53040,S138,Delhi,P2160,29.0,22,6.48,6.43,
O53041,S134,Delhi,P2155,36.0,37,6.8,7.13,Traffic
O53042,S138,Delhi,P2044,39.0,41,5.65,4.96,Traffic
O53043,S117,Delhi,P2233,34.0,58,3.57,3.16,Store Delay
O53044,S119,Mumbai,P2033,15.0,23,7.28,5.83,Store Delay
O53045,S121,Hyderabad,P2018,17.0,15,7.8,6.56,
O53046,S115,Hyderabad,P2098,25.0,34,4.69,4.04,Traffic
O53047,S125,Mumbai,P2229,21.0,21,2.46,1.97,
O53048,S100,Mumbai,P2050,20.0,24,0.52,0.38,System Issue
O53049,S126,Delhi,P2079,35.0,30,1.03,0.95,
O53050,S136,Bangalore,P2044,28.0,28,5.23,5.3,
O53051,S134,Delhi,P2148,16.0,27,0.82,0.82,Traffic
O53052,S138,Delhi,P2164,35.0,37,7.49,7.19,Store Delay
O53053,S107,Mumbai,P2081,38.0,35,1.46,1.61,
O53054,S101,Bangalore,P2022,25.0,32,1.41,1.53,System Issue
O53055,S117,Delhi,P2081,33.0,37,4.44,4.34,Partner Late
O53056,S114,Mumbai,P2163,20.0,20,2.64,2.12,
O53057,S118,Hyderabad,P2017,28.0,26,1.39,1.09,
O53058,S135,Bangalore,P2251,35.0,51,7.91,7.43,Partner Late
O53059,S118,Hyderabad,P2010,33.0,35,6.36,6.78,Store Delay
O53060,S137,Mumbai,P2186,25.0,30,5.33,4.36,Store Delay
O53061,S115,Hyderabad,P2015,38.0,43,2.89,2.28,Partner Late
O53062,S117,Delhi,P2124,24.0,48,2.99,2.2,Traffic
O53063,S106,Delhi,P2297,26.0,42,2.5,2.08,Traffic
O53064,S101,Bangalore,P2170,34.0,40,4.28,3.86,
O53065,S106,Delhi,P2060,21.0,24,7.08,5.65,Store Delay
O53066,S124,Hyderabad,P2163,37.0,55,3.77,2.74,Store Delay
O53067,S121,Hyderabad,P2149,20.0,24,3.82,2.68,Store Delay
O53068,S136,Bangalore,P2129,20.0,15,6.09,6.18,
O53069,S102,Delhi,P2272,27.0,33,7.88,6.4,Store Delay
O53070,S103,Bangalore,P2243,36.0,36,5.19,5.24,
O53071,S133,Delhi,P2132,37.0,36,6.34,6.55,
O53072,S106,Delhi,P2143,39.0,41,7.36,7.39,Weather
O53073,S119,Mumbai,P2229,28.0,27,5.45,4.94,
O53074,S125,Mumbai,P2278,24.0,34,4.55,3.71,Traffic
O53075,S136,Bangalore,P2140,22.0,30,2.47,2.06,System Issue
O53076,S101,Bangalore,P2293,15.0,24,7.75,8.37,Store Delay
O53077,S132,Delhi,P2140,17.0,33,2.63,2.61,Traffic
O53078,S130,Mumbai,P2013,18.0,24,7.44,7.23,Traffic
O53079,S105,Delhi,P2023,17.0,15,6.72,4.96,
O53080,S128,Bangalore,P2209,37.0,41,2.54,1.79,Traffic
O53081,S116,Mumbai,P2132,19.0,16,2.94,3.17,
O53082,S125,Mumbai,P2023,29.0,28,6.65,7.3,
O53083,S122,Mumbai,P2044,25.0,43,2.42,2.59,Store Delay
O53084,S138,Delhi,P2165,19.0,29,4.09,4.48,Traffic
O53085,S109,Delhi,P2296,28.0,32,7.58,7.36,Traffic
O53086,S133,Delhi,P2239,32.0,38,3.74,2.65,Partner Late
O53087,S112,Delhi,P2010,23.0,27,3.38,2.43,Store Delay
O53088,S122,Mumbai,P2200,15.0,11,6.68,6.99,
O53089,S132,Delhi,P2089,15.0,18,1.46,1.27,Traffic
O53090,S100,Mumbai,P2007,31.0,36,7.64,6.87,Traffic
O53091,S137,Mumbai,P2294,36.0,34,2.9,2.3,
O53092,S104,Hyderabad,P2119,36.0,33,6.14,6.34,
O53093,S137,Mumbai,P2025,16.0,25,5.94,5.4,Store Delay
O53094,S119,Mumbai,P2272,30.0,29,0.62,0.66,
O53095,S139,Mumbai,P2135,24.0,33,4.62,4.25,Traffic
O53096,S105,Delhi,P2299,26.0,34,3.04,2.77,Traffic
O53097,S102,Delhi,P2253,27.0,37,1.58,1.65,Traffic
O53098,S121,Hyderabad,P2232,32.0,45,4.86,5.08,System Issue
O53099,S127,Bangalore,P2204,22.0,23,1.7,1.71,Store Delay
O53100,S105,Delhi,P2179,35.0,38,5.41,4.28,
O53101,S126,Delhi,P2002,21.0,26,7.41,6.47,Traffic
O53102,S124,Hyderabad,P2018,17.0,26,6.19,6.06,Traffic
O53103,S103,Bangalore,P2045,15.0,43,3.61,3.67,Partner Late
O53104,S126,Delhi,P2116,21.0,14,5.51,4.25,
O53105,S132,Delhi,P2034,38.0,45,6.01,4.85,Traffic
O53106,S121,Hyderabad,P2291,33.0,31,4.08,4.25,
O53107,S104,Hyderabad,P2201,20.0,25,5.62,6.01,Weather
O53108,S133,Delhi,P2293,30.0,46,7.1,5.94,
O53109,S134,Delhi,P2163,38.0,41,7.23,7.8,Weather
O53110,S139,Mumbai,P2183,36.0,35,1.32,1.33,
O53111,S132,Delhi,P2060,18.0,45,4.41,3.1,Partner Late
O53112,S126,Delhi,P2054,23.0,43,6.18,5.72,Traffic
O53113,S110,Bangalore,P2014,16.0,13,3.56,2.65,
O53114,S132,Delhi,P2224,39.0,44,4.24,3.36,Store Delay
O53115,S106,Delhi,P2296,38.0,40,5.87,4.51,Store Delay
O53116,S106,Delhi,P2106,37.0,32,7.24,7.05,
O53117,S110,Bangalore,P2255,17.0,32,1.77,1.45,Store Delay
O53118,S133,Delhi,P2292,16.0,10,6.01,4.39,
O53119,S100,Mumbai,P2131,15.0,43,7.27,5.42,Traffic
O53120,S121,Hyderabad,P2213,18.0,26,3.73,3.5,Partner Late
O53121,S138,Delhi,P2019,33.0,34,1.41,1.07,Traffic
O53122,S134,Delhi,P2078,32.0,26,7.61,6.47,
O53123,S103,Bangalore,P2064,33.0,45,5.34,5.25,Traffic
O53124,S103,Bangalore,P2149,38.0,42,7.57,6.53,Store Delay
O53125,S107,Mumbai,P2220,15.0,20,1.08,0.8,Store Delay
O53126,S118,Hyderabad,P2041,31.0,41,7.1,5.55,Store Delay
O53127,S139,Mumbai,P2000,17.0,20,2.88,2.86,Store Delay
O53128,S106,Delhi,P2074,24.0,30,2.03,2.01,Partner Late
O53129,S106,Delhi,P2237,34.0,36,5.04,4.48,Store Delay
O53130,S121,Hyderabad,P2114,35.0,37,1.48,1.04,Traffic
O53131,S131,Delhi,P2208,19.0,16,0.63,0.56,
O53132,S127,Bangalore,P2264,35.0,43,3.84,3.64,Store Delay
O53133,S115,Hyderabad,P2133,23.0,19,5.1,3.98,
O53134,S127,Bangalore,P2172,35.0,47,5.68,5.89,Traffic
O53135,S108,Mumbai,P2204,24.0,32,6.65,6.83,
O53136,S102,Delhi,P2029,,13,6.92,6.29,
O53137,S133,Delhi,P2122,17.0,17,1.03,0.79,
O53138,S116,Mumbai,P2254,31.0,41,5.91,6.15,Traffic
O53139,S132,Delhi,P2046,17.0,22,3.95,3.16,Partner Late
O53140,S122,Mumbai,P2299,32.0,36,0.93,0.9,Partner Late
O53141,S124,Hyderabad,P2076,27.0,27,7.61,7.4,
O53142,S138,Delhi,P2133,34.0,37,5.31,4.04,System Issue
O53143,S128,Bangalore,P2196,21.0,41,1.8,1.44,Store Delay
O53144,S111,Bangalore,P2080,21.0,22,2.03,2.17,Store Delay
O53145,S129,Delhi,P2260,39.0,50,7.96,8.03,Traffic
O53146,S102,Delhi,P2126,32.0,41,4.39,4.79,Traffic
O53147,S114,Mumbai,P2120,22.0,17,3.58,3.55,
O53148,S104,Hyderabad,P2091,39.0,46,1.26,1.26,Traffic
O53149,S130,Mumbai,P2120,35.0,27,4.6,4.67,
O53150,S106,Delhi,P2217,35.0,43,5.62,5.45,Store Delay
O53151,S113,Mumbai,P2281,28.0,29,1.44,1.55,Store Delay
O53152,S124,Hyderabad,P2113,33.0,55,0.66,0.54,
O53153,S109,Delhi,P2169,38.0,44,7.55,6.08,Store Delay
O53154,S121,Hyderabad,P2117,31.0,32,4.72,5.11,System Issue
O53155,S105,Delhi,P2229,34.0,59,5.98,6.54,Traffic
O53156,S133,Delhi,P2144,29.0,51,6.9,4.86,Store Delay
O53157,S123,Delhi,P2064,22.0,16,4.68,3.68,
O53158,S107,Mumbai,P2113,24.0,32,7.57,7.33,Store Delay
O53159,S133,Delhi,P2209,22.0,44,4.59,3.71,System Issue
O53160,S101,Bangalore,P2213,27.0,26,6.61,6.85,
O53161,S117,Delhi,P2115,30.0,34,4.65,4.26,Store Delay
O53162,S126,Delhi,P2225,21.0,28,1.72,1.51,Partner Late
O53163,S120,Delhi,P2255,30.0,36,1.55,1.26,System Issue
O53164,S119,Mumbai,P2149,34.0,19,5.58,4.22,
O53165,S133,Delhi,P2123,35.0,45,3.61,2.69,Store Delay
O53166,S139,Mumbai,P2045,27.0,41,3.07,2.3,Traffic
O53167,S108,Mumbai,P2081,15.0,18,0.55,0.54,Partner Late
O53168,S100,Mumbai,P2072,29.0,22,6.84,5.98,
O53169,S107,Mumbai,P2169,16.0,28,4.09,3.29,Traffic
O53170,S137,Mumbai,P2090,33.0,34,1.17,1.04,Partner Late
O53171,S138,Delhi,P2144,33.0,38,3.65,2.69,Partner Late
O53172,S124,Hyderabad,P2203,32.0,48,4.49,3.16,Partner Late
O53173,S107,Mumbai,P2212,37.0,34,6.0,5.84,
O53174,S123,Delhi,P2298,38.0,46,3.43,2.7,Partner Late
O53175,S131,Delhi,P2039,39.0,42,2.85,2.31,Partner Late
O53176,S138,Delhi,P2286,38.0,35,4.67,4.39,
O53177,S138,Delhi,P2253,22.0,20,7.47,7.18,
O53178,S108,Mumbai,P2122,33.0,28,4.63,3.6,
O53179,S124,Hyderabad,P2285,30.0,43,1.25,0.98,Weather
O53180,S107,Mumbai,P2180,27.0,23,0.84,0.62,
O53181,S111,Bangalore,P2220,29.0,41,2.19,2.19,Store Delay
O53182,S111,Bangalore,P2082,27.0,39,5.71,4.55,
O53183,S100,Mumbai,P2179,17.0,10,7.61,6.38,
O53184,S112,Delhi,P2104,23.0,25,2.14,2.0,Partner Late
O53185,S112,Delhi,P2297,15.0,19,4.21,3.83,
O53186,S121,Hyderabad,P2289,26.0,30,0.82,0.8,System Issue
O53187,S115,Hyderabad,P2267,16.0,19,1.63,1.69,Traffic
O53188,S102,Delhi,P2073,33.0,25,6.92,7.1,
O53189,S134,Delhi,P2196,34.0,38,2.65,2.71,Partner Late
O53190,S114,Mumbai,P2119,32.0,54,7.41,8.09,Store Delay
O53191,S112,Delhi,P2057,30.0,46,4.75,4.02,Traffic
O53192,S117,Delhi,P2014,22.0,20,4.1,3.38,
O53193,S103,Bangalore,P2180,28.0,29,5.71,6.02,Store Delay
O53194,S132,Delhi,P2110,23.0,34,7.3,6.1,Traffic
O53195,S124,Hyderabad,P2203,27.0,30,5.31,5.48,Traffic
O53196,S110,Bangalore,P2202,25.0,42,4.27,3.28,Traffic
O53197,S106,Delhi,P2242,23.0,28,4.16,4.08,System Issue
O53198,S124,Hyderabad,P2182,17.0,25,1.66,1.62,Traffic
O53199,S107,Mumbai,P2099,22.0,32,5.43,4.79,Partner Late
O53200,S107,Mumbai,P2105,18.0,21,1.35,1.35,Weather
O53201,S115,Hyderabad,P2217,30.0,45,4.24,3.99,Store Delay
O53202,S124,Hyderabad,P2100,29.0,30,7.13,6.66,Traffic
O53203,S129,Delhi,P2298,36.0,46,2.78,1.98,Store Delay
O53204,S135,Bangalore,P2048,30.0,42,1.09,0.9,Store Delay
O53205,S128,Bangalore,P2288,39.0,46,6.75,6.15,Partner Late
O53206,S122,Mumbai,P2147,22.0,32,6.58,5.14,Partner Late
O53207,S129,Delhi,P2226,34.0,37,2.59,2.48,System Issue
O53208,S130,Mumbai,P2293,27.0,19,2.06,2.01,
O53209,S106,Delhi,P2187,38.0,48,6.71,5.74,Weather
O53210,S113,Mumbai,P2160,25.0,29,3.53,3.01,Weather
O53211,S104,Hyderabad,P2199,19.0,32,6.68,4.93,Traffic
O53212,S113,Mumbai,P2205,26.0,30,6.98,5.91,Traffic
O53213,S117,Delhi,P2154,34.0,26,0.92,0.68,
O53214,S120,Delhi,P2015,26.0,29,2.02,1.72,Store Delay
O53215,S138,Delhi,P2034,31.0,30,3.51,2.47,
O53216,S134,Delhi,P2278,39.0,56,7.72,8.24,System Issue
O53217,S124,Hyderabad,P2274,25.0,23,7.72,6.89,
O53218,S114,Mumbai,P2264,21.0,15,7.21,6.57,
O53219,S107,Mumbai,P2260,38.0,42,1.25,1.1,
O53220,S122,Mumbai,P2072,23.0,16,0.94,0.98,
O53221,S111,Bangalore,P2168,21.0,37,6.01,4.4,Traffic
O53222,S139,Mumbai,P2071,37.0,53,2.56,1.97,Traffic
O53223,S104,Hyderabad,P2045,31.0,40,5.58,4.49,Partner Late
O53224,S123,Delhi,P2218,22.0,31,6.56,4.9,Weather
O53225,S102,Delhi,P2004,15.0,20,4.59,4.91,Traffic
O53226,S135,Bangalore,P2090,,46,5.55,4.28,Partner Late
O53227,S108,Mumbai,P2171,17.0,35,4.19,3.19,Partner Late
O53228,S118,Hyderabad,P2193,35.0,42,7.71,7.41,System Issue
O53229,S114,Mumbai,P2022,39.0,53,0.63,0.55,Store Delay
O53230,S127,Bangalore,P2242,31.0,20,5.29,4.68,
O53231,S136,Bangalore,P2167,26.0,37,3.65,3.64,Traffic
O53232,S135,Bangalore,P2242,30.0,46,1.53,1.6,Partner Late
O53233,S125,Mumbai,P2237,28.0,30,4.56,4.47,System Issue
O53234,S122,Mumbai,P2027,22.0,29,2.93,3.22,Store Delay
O53235,S112,Delhi,P2292,15.0,19,7.54,7.47,
O53236,S108,Mumbai,P2245,25.0,18,5.62,5.97,
O53237,S138,Delhi,P2103,26.0,24,2.97,3.06,
O53238,S127,Bangalore,P2074,23.0,28,6.85,6.4,Traffic
O53239,S132,Delhi,P2061,28.0,29,1.65,1.62,Store Delay
O53240,S130,Mumbai,P2139,32.0,42,3.46,3.42,Traffic
O53241,S116,Mumbai,P2298,27.0,33,5.22,4.01,Traffic
O53242,S112,Delhi,P2168,39.0,48,3.2,3.41,Store Delay
O53243,S119,Mumbai,P2268,17.0,10,7.88,7.01,
O53244,S135,Bangalore,P2095,33.0,32,7.76,7.63,
O53245,S117,Delhi,P2275,35.0,28,5.86,5.3,
O53246,S119,Mumbai,P2179,20.0,24,2.03,2.21,Traffic
O53247,S106,Delhi,P2182,37.0,38,6.89,5.77,Store Delay
O53248,S139,Mumbai,P2202,16.0,37,4.33,3.27,Store Delay
O53249,S110,Bangalore,P2240,16.0,30,6.76,6.21,
O53250,S139,Mumbai,P2114,39.0,51,4.1,3.89,Store Delay
O53251,S109,Delhi,P2054,28.0,31,2.06,2.0,Store Delay
O53252,S110,Bangalore,P2141,39.0,43,4.67,4.02,Traffic
O53253,S137,Mumbai,P2011,37.0,38,3.59,2.61,Partner Late
O53254,S117,Delhi,P2138,39.0,41,5.6,4.17,Traffic
O53255,S139,Mumbai,P2095,36.0,45,7.76,7.15,Weather
O53256,S103,Bangalore,P2029,34.0,40,3.85,3.03,Traffic
O53257,S115,Hyderabad,P2259,16.0,17,1.48,1.18,Store Delay
O53258,S124,Hyderabad,P2258,38.0,37,2.76,3.0,
O53259,S127,Bangalore,P2232,18.0,26,2.05,2.04,
O53260,S106,Delhi,P2244,20.0,-10,5.81,6.15,Traffic
O53261,S117,Delhi,P2242,21.0,12,4.56,3.27,
O53262,S122,Mumbai,P2156,19.0,31,4.99,4.96,Partner Late
O53263,S107,Mumbai,P2096,32.0,32,3.88,3.19,
O53264,S137,Mumbai,P2245,,19,3.27,2.36,
O53265,S104,Hyderabad,P2168,18.0,18,3.65,2.77,
O53266,S129,Delhi,P2154,25.0,54,6.55,4.62,Traffic
O53267,S131,Delhi,P2245,39.0,45,5.35,5.88,
O53268,S126,Delhi,P2037,30.0,29,2.57,1.97,
O53269,S117,Delhi,P2143,21.0,35,1.18,0.86,Store Delay
O53270,S127,Bangalore,P2048,29.0,38,5.28,5.06,Partner Late
O53271,S137,Mumbai,P2037,27.0,45,3.96,3.15,
O53272,S114,Mumbai,P2049,16.0,22,5.49,5.91,Store Delay
O53273,S114,Mumbai,P2295,33.0,57,3.7,3.7,Partner Late
O53274,S112,Delhi,P2160,39.0,44,5.87,5.36,Store Delay
O53275,S112,Delhi,P2162,28.0,59,3.27,2.34,Traffic
O53276,S116,Mumbai,P2127,38.0,47,5.94,4.24,Store Delay
O53277,S128,Bangalore,P2177,21.0,24,5.11,4.65,Store Delay
O53278,S135,Bangalore,P2048,18.0,23,5.81,5.97,Store Delay
O53279,S103,Bangalore,P2185,23.0,27,6.42,6.92,Store Delay
O53280,S116,Mumbai,P2240,20.0,27,0.87,0.81,Traffic
O53281,S130,Mumbai,P2036,24.0,-10,3.68,3.36,Traffic
O53282,S107,Mumbai,P2102,23.0,17,5.85,4.51,
O53283,S125,Mumbai,P2069,20.0,23,5.47,4.02,Store Delay
O53284,S127,Bangalore,P2129,22.0,17,2.08,2.08,
O53285,S110,Bangalore,P2077,39.0,45,5.85,6.42,Traffic
O53286,S114,Mumbai,P2042,19.0,18,2.45,1.8,
O53287,S104,Hyderabad,P2297,36.0,41,1.23,1.16,Traffic
O53288,S109,Delhi,P2221,35.0,50,3.87,4.13,System Issue
O53289,S114,Mumbai,P2138,33.0,42,6.62,7.11,Partner Late
O53290,S112,Delhi,P2073,16.0,10,2.19,2.08,
O53291,S137,Mumbai,P2258,20.0,15,5.58,4.55,
O53292,S114,Mumbai,P2220,30.0,34,4.51,4.54,Store Delay
O53293,S135,Bangalore,P2177,18.0,40,0.81,0.73,Weather
O53294,S116,Mumbai,P2011,31.0,28,1.06,0.86,
O53295,S104,Hyderabad,P2218,26.0,31,2.38,2.08,Store Delay
O53296,S106,Delhi,P2129,28.0,35,2.67,2.94,Partner Late
O53297,S124,Hyderabad,P2068,38.0,56,7.51,7.64,Traffic
O53298,S127,Bangalore,P2057,18.0,26,3.76,3.92,
O53299,S123,Delhi,P2139,34.0,51,1.52,1.41,Store Delay
O53300,S111,Bangalore,P2253,19.0,22,5.35,4.83,Traffic
O53301,S101,Bangalore,P2163,25.0,25,6.91,7.25,
O53302,S114,Mumbai,P2109,35.0,42,1.77,1.57,Traffic
O53303,S113,Mumbai,P2189,35.0,32,4.78,5.01,
O53304,S125,Mumbai,P2161,19.0,14,3.99,3.59,
O53305,S105,Delhi,P2274,36.0,42,1.26,1.28,Traffic
O53306,S107,Mumbai,P2139,23.0,43,1.62,1.45,Traffic
O53307,S135,Bangalore,P2163,22.0,36,4.56,4.23,Traffic
O53308,S118,Hyderabad,P2189,25.0,39,2.31,1.69,
O53309,S127,Bangalore,P2271,18.0,16,4.83,4.05,
O53310,S108,Mumbai,P2109,31.0,41,1.28,1.0,Store Delay
O53311,S106,Delhi,P2136,19.0,18,3.83,3.29,
O53312,S106,Delhi,P2095,30.0,32,2.77,2.01,Store Delay
O53313,S112,Delhi,P2186,36.0,44,6.39,6.47,Traffic
O53314,S123,Delhi,P2127,28.0,22,5.75,6.04,
O53315,S103,Bangalore,P2018,24.0,25,4.41,4.79,Traffic
O53316,S108,Mumbai,P2121,31.0,34,1.59,1.48,Store Delay
O53317,S115,Hyderabad,P2230,39.0,52,3.17,2.69,Traffic
O53318,S114,Mumbai,P2202,29.0,31,4.22,4.27,Traffic
O53319,S132,Delhi,P2117,19.0,22,6.06,6.43,Traffic
O53320,S118,Hyderabad,P2287,23.0,29,3.38,2.95,Weather
O53321,S130,Mumbai,P2216,34.0,42,3.88,2.87,Partner Late
O53322,S109,Delhi,P2062,25.0,30,5.43,5.97,Partner Late
O53323,S124,Hyderabad,P2163,22.0,24,7.16,7.22,Traffic
O53324,S114,Mumbai,P2272,38.0,58,6.45,4.92,Weather
O53325,S137,Mumbai,P2132,33.0,38,2.05,2.03,System Issue
O53326,S120,Delhi,P2067,38.0,51,2.77,2.58,Store Delay
O53327,S119,Mumbai,P2038,31.0,36,5.03,4.19,Store Delay
O53328,S127,Bangalore,P2102,35.0,60,1.67,1.46,
O53329,S117,Delhi,P2152,16.0,20,3.05,2.89,System Issue
O53330,S107,Mumbai,P2151,38.0,47,7.96,5.76,Store Delay
O53331,S132,Delhi,P2115,20.0,46,6.75,5.07,Store Delay
O53332,S101,Bangalore,P2208,26.0,31,5.11,3.66,Partner Late
O53333,S107,Mumbai,P2139,30.0,27,3.11,2.33,
O53334,S129,Delhi,P2236,39.0,53,0.5,0.51,Store Delay
O53335,S111,Bangalore,P2264,24.0,23,1.73,1.3,
O53336,S115,Hyderabad,P2235,15.0,16,0.53,0.43,Traffic
O53337,S100,Mumbai,P2073,34.0,35,7.08,6.51,Store Delay
O53338,S131,Delhi,P2188,20.0,36,4.17,3.65,Partner Late
O53339,S102,Delhi,P2037,17.0,25,0.58,0.5,Traffic
O53340,S109,Delhi,P2211,17.0,19,0.98,0.95,Store Delay
O53341,S120,Delhi,P2235,26.0,34,4.82,4.73,Weather
O53342,S100,Mumbai,P2115,33.0,34,3.5,3.13,Store Delay
O53343,S113,Mumbai,P2231,32.0,29,2.88,2.88,
O53344,S136,Bangalore,P2243,31.0,34,0.52,0.53,Partner Late
O53345,S110,Bangalore,P2073,35.0,44,4.43,3.8,Partner Late
O53346,S118,Hyderabad,P2270,24.0,31,2.21,2.18,Partner Late
O53347,S135,Bangalore,P2297,17.0,16,7.97,6.23,
O53348,S138,Delhi,P2147,17.0,14,6.57,7.16,
O53349,S120,Delhi,P2053,33.0,48,3.31,2.97,Traffic
O53350,S136,Bangalore,P2130,24.0,25,0.57,0.56,Store Delay
O53351,S118,Hyderabad,P2223,21.0,27,1.16,1.13,Store Delay
O53352,S133,Delhi,P2244,34.0,30,4.88,3.75,
O53353,S109,Delhi,P2076,25.0,33,4.17,4.34,Store Delay
O53354,S131,Delhi,P2134,38.0,33,3.85,2.82,
O53355,S118,Hyderabad,P2112,16.0,21,7.03,7.21,Traffic
O53356,S105,Delhi,P2289,33.0,47,4.91,5.25,Traffic
O53357,S116,Mumbai,P2276,33.0,43,7.16,7.72,Weather
O53358,S127,Bangalore,P2237,22.0,27,5.48,5.63,Traffic
O53359,S130,Mumbai,P2242,29.0,24,1.18,1.18,
O53360,S101,Bangalore,P2154,20.0,30,1.62,1.31,Weather
O53361,S107,Mumbai,P2024,24.0,32,7.59,6.2,Traffic
O53362,S124,Hyderabad,P2293,17.0,14,6.76,6.67,
O53363,S108,Mumbai,P2200,38.0,49,1.72,1.86,Store Delay
O53364,S119,Mumbai,P2108,21.0,25,7.33,5.37,Traffic
O53365,S130,Mumbai,P2284,23.0,27,1.07,1.05,Traffic
O53366,S103,Bangalore,P2053,25.0,48,6.71,6.71,Partner Late
O53367,S130,Mumbai,P2236,31.0,31,1.77,1.32,
O53368,S102,Delhi,P2150,30.0,28,3.82,3.14,
O53369,S137,Mumbai,P2097,39.0,54,3.58,3.76,Store Delay
O53370,S111,Bangalore,P2203,23.0,27,2.58,2.41,Partner Late
O53371,S127,Bangalore,P2268,27.0,38,4.08,4.01,Partner Late
O53372,S106,Delhi,P2019,24.0,24,5.36,5.06,
O53373,S107,Mumbai,P2235,24.0,25,6.53,6.72,Traffic
O53374,S100,Mumbai,P2014,15.0,15,7.32,5.92,
O53375,S108,Mumbai,P2288,24.0,19,6.39,5.54,
O53376,S134,Delhi,P2285,26.0,28,2.6,2.42,
O53377,S107,Mumbai,P2265,30.0,26,4.86,4.01,
O53378,S101,Bangalore,P2199,23.0,24,7.36,6.66,Store Delay
O53379,S114,Mumbai,P2236,19.0,19,6.87,4.84,
O53380,S136,Bangalore,P2073,23.0,22,7.16,6.99,
O53381,S133,Delhi,P2050,35.0,38,4.77,4.21,Partner Late
O53382,S126,Delhi,P2278,24.0,26,7.15,5.17,Traffic
O53383,S103,Bangalore,P2147,24.0,44,5.76,6.05,Partner Late
O53384,S104,Hyderabad,P2150,39.0,38,3.96,3.45,
O53385,S111,Bangalore,P2189,29.0,45,1.97,1.59,Store Delay
O53386,S121,Hyderabad,P2264,36.0,41,5.05,4.42,Traffic
O53387,S136,Bangalore,P2245,34.0,37,4.19,3.37,Store Delay
O53388,S101,Bangalore,P2093,19.0,18,1.73,1.32,
O53389,S101,Bangalore,P2154,15.0,19,0.66,0.53,Store Delay
O53390,S127,Bangalore,P2217,25.0,27,7.57,7.0,Store Delay
O53391,S102,Delhi,P2140,25.0,34,1.68,1.39,Traffic
O53392,S120,Delhi,P2026,33.0,41,3.64,2.56,Store Delay
O53393,S125,Mumbai,P2280,15.0,32,7.36,5.41,Traffic
O53394,S118,Hyderabad,P2108,17.0,19,1.86,1.76,Traffic
O53395,S137,Mumbai,P2259,17.0,12,0.92,0.84,
O53396,S134,Delhi,P2061,34.0,34,6.57,6.84,
O53397,S109,Delhi,P2261,21.0,27,7.99,8.03,Partner Late
O53398,S117,Delhi,P2110,,15,4.1,3.33,
O53399,S127,Bangalore,P2017,29.0,37,0.96,1.04,Traffic
O53400,S135,Bangalore,P2256,31.0,37,5.22,4.4,Store Delay
O53401,S120,Delhi,P2093,35.0,39,6.39,6.25,Traffic
O53402,S131,Delhi,P2124,17.0,18,6.0,4.66,Traffic
O53403,S117,Delhi,P2246,31.0,35,6.89,7.48,Partner Late
O53404,S137,Mumbai,P2103,17.0,20,1.97,1.71,Traffic
O53405,S103,Bangalore,P2290,21.0,18,4.35,4.47,
O53406,S137,Mumbai,P2221,37.0,43,5.92,5.27,Traffic
O53407,S111,Bangalore,P2225,25.0,36,3.84,3.43,Partner Late
O53408,S126,Delhi,P2073,39.0,47,1.22,1.0,Partner Late
O53409,S110,Bangalore,P2148,30.0,33,1.28,1.04,Partner Late
O53410,S127,Bangalore,P2102,21.0,33,1.81,1.49,Store Delay
O53411,S136,Bangalore,P2238,21.0,27,2.29,1.98,Partner Late
O53412,S132,Delhi,P2036,30.0,39,2.61,1.92,Store Delay
O53413,S103,Bangalore,P2141,19.0,20,2.93,3.05,Traffic
O53414,S117,Delhi,P2223,19.0,38,2.0,1.6,Traffic
O53415,S127,Bangalore,P2292,33.0,44,0.85,0.77,Partner Late
O53416,S113,Mumbai,P2190,32.0,54,4.42,3.68,Traffic
O53417,S119,Mumbai,P2274,27.0,17,3.1,3.36,
O53418,S104,Hyderabad,P2007,27.0,35,4.91,3.7,Partner Late
O53419,S124,Hyderabad,P2157,16.0,20,7.45,7.95,Partner Late
O53420,S135,Bangalore,P2012,18.0,30,5.53,5.36,Traffic
O53421,S109,Delhi,P2199,27.0,29,2.71,2.01,Traffic
O53422,S125,Mumbai,P2106,30.0,34,5.46,4.34,Store Delay
O53423,S109,Delhi,P2009,22.0,22,7.81,8.16,
O53424,S134,Delhi,P2106,22.0,23,5.25,3.73,Store Delay
O53425,S115,Hyderabad,P2161,32.0,50,2.05,1.48,Traffic
O53426,S105,Delhi,P2205,18.0,25,2.86,2.0,Weather
O53427,S111,Bangalore,P2015,32.0,34,1.78,1.39,
O53428,S109,Delhi,P2022,22.0,16,6.93,7.46,
O53429,S132,Delhi,P2087,21.0,21,6.46,7.0,
O53430,S117,Delhi,P2038,35.0,39,2.9,2.72,Store Delay
O53431,S100,Mumbai,P2169,30.0,35,2.88,2.21,Store Delay
O53432,S134,Delhi,P2022,31.0,41,5.08,3.96,Partner Late
O53433,S119,Mumbai,P2252,34.0,36,3.02,2.57,
O53434,S117,Delhi,P2024,25.0,35,7.23,6.74,Traffic
O53435,S111,Bangalore,P2113,32.0,28,1.95,1.43,
O53436,S104,Hyderabad,P2221,29.0,30,3.43,3.12,Store Delay
O53437,S126,Delhi,P2007,39.0,38,6.81,7.04,
O53438,S104,Hyderabad,P2182,24.0,26,1.35,1.24,Traffic
O53439,S137,Mumbai,P2273,35.0,51,7.97,6.39,Store Delay
O53440,S124,Hyderabad,P2285,15.0,11,4.25,4.36,
O53441,S117,Delhi,P2024,22.0,27,2.95,2.82,Store Delay
O53442,S102,Delhi,P2158,36.0,48,4.28,4.62,Traffic
O53443,S102,Delhi,P2120,32.0,36,3.5,2.84,System Issue
O53444,S100,Mumbai,P2263,36.0,38,7.58,6.7,Store Delay
O53445,S133,Delhi,P2190,16.0,18,2.93,2.58,Traffic
O53446,S117,Delhi,P2073,29.0,29,5.99,6.58,
O53447,S102,Delhi,P2209,22.0,19,1.46,1.5,
O53448,S128,Bangalore,P2260,38.0,42,6.26,6.8,Store Delay
O53449,S106,Delhi,P2189,25.0,27,6.82,6.68,Traffic
O53450,S120,Delhi,P2047,33.0,34,5.44,4.49,Partner Late
O53451,S129,Delhi,P2278,39.0,40,0.61,0.45,Partner Late
O53452,S127,Bangalore,P2263,25.0,51,1.68,1.3,
O53453,S116,Mumbai,P2299,36.0,38,6.48,4.75,Traffic
O53454,S112,Delhi,P2143,20.0,28,0.69,0.68,Partner Late
O53455,S106,Delhi,P2280,37.0,48,5.88,5.97,Store Delay
O53456,S129,Delhi,P2064,33.0,27,4.76,4.97,
O53457,S120,Delhi,P2169,26.0,22,1.23,1.07,
O53458,S107,Mumbai,P2276,36.0,42,5.79,6.25,
O53459,S127,Bangalore,P2059,18.0,19,2.06,1.86,System Issue
O53460,S134,Delhi,P2213,23.0,13,2.53,2.34,
O53461,S131,Delhi,P2176,18.0,26,5.82,5.9,Store Delay
O53462,S121,Hyderabad,P2157,35.0,38,2.47,1.74,Partner Late
O53463,S102,Delhi,P2227,31.0,48,4.12,4.32,Store Delay
O53464,S116,Mumbai,P2118,31.0,33,5.11,5.52,Store Delay
O53465,S126,Delhi,P2057,15.0,21,7.71,6.0,Store Delay
O53466,S117,Delhi,P2274,29.0,33,0.93,0.79,Weather
O53467,S119,Mumbai,P2124,38.0,50,7.33,7.34,Weather
O53468,S135,Bangalore,P2127,38.0,42,7.04,5.66,Traffic
O53469,S109,Delhi,P2002,32.0,28,1.52,1.34,
O53470,S111,Bangalore,P2181,19.0,31,3.14,3.21,Partner Late
O53471,S136,Bangalore,P2087,16.0,22,2.18,2.39,Traffic
O53472,S118,Hyderabad,P2120,24.0,22,1.46,1.43,
O53473,S122,Mumbai,P2237,21.0,17,6.29,5.29,
O53474,S130,Mumbai,P2104,35.0,41,2.59,2.42,Traffic
O53475,S104,Hyderabad,P2222,22.0,25,6.75,5.92,Partner Late
O53476,S116,Mumbai,P2086,24.0,30,2.53,2.57,Partner Late
O53477,S124,Hyderabad,P2095,21.0,33,3.74,2.81,Store Delay
O53478,S129,Delhi,P2230,21.0,36,6.18,5.33,Traffic
O53479,S133,Delhi,P2278,15.0,21,7.14,6.18,Partner Late
O53480,S117,Delhi,P2102,27.0,22,6.84,6.62,
O53481,S121,Hyderabad,P2153,18.0,15,1.22,1.03,
O53482,S100,Mumbai,P2272,35.0,36,7.39,6.91,Traffic
O53483,S125,Mumbai,P2096,15.0,14,3.07,2.66,
O53484,S139,Mumbai,P2096,23.0,32,3.54,3.66,Traffic
O53485,S104,Hyderabad,P2291,21.0,54,5.09,4.04,Partner Late
O53486,S120,Delhi,P2007,19.0,19,1.61,1.29,
O53487,S109,Delhi,P2156,18.0,13,7.5,5.84,
O53488,S117,Delhi,P2196,21.0,21,3.96,3.9,
O53489,S106,Delhi,P2205,32.0,39,3.28,3.31,Weather
O53490,S136,Bangalore,P2134,20.0,15,6.43,4.63,
O53491,S109,Delhi,P2131,35.0,28,5.87,5.4,
O53492,S109,Delhi,P2007,17.0,33,4.68,3.54,System Issue
O53493,S127,Bangalore,P2222,36.0,42,0.66,0.51,Store Delay
O53494,S107,Mumbai,P2140,36.0,39,1.14,0.98,Partner Late
O53495,S119,Mumbai,P2100,28.0,30,4.75,4.12,Store Delay
O53496,S136,Bangalore,P2152,28.0,48,1.37,1.38,Traffic
O53497,S134,Delhi,P2118,35.0,29,7.78,8.32,
O53498,S120,Delhi,P2082,22.0,18,7.54,7.79,
O53499,S123,Delhi,P2269,29.0,19,7.01,5.25,
O53500,S128,Bangalore,P2126,16.0,10,2.57,2.64,
O53501,S122,Mumbai,P2139,20.0,19,6.62,6.46,
O53502,S120,Delhi,P2232,16.0,29,1.47,1.53,Partner Late
O53503,S131,Delhi,P2103,31.0,39,7.82,5.82,Store Delay
O53504,S126,Delhi,P2256,28.0,33,2.58,2.39,Traffic
O53505,S105,Delhi,P2222,28.0,27,5.97,5.64,
O53506,S136,Bangalore,P2260,37.0,56,4.4,4.6,Traffic
O53507,S134,Delhi,P2055,36.0,36,1.04,0.98,
O53508,S128,Bangalore,P2143,21.0,23,4.58,3.86,Traffic
O53509,S111,Bangalore,P2245,16.0,24,2.6,1.91,Store Delay
O53510,S128,Bangalore,P2298,17.0,32,2.35,1.94,Traffic
O53511,S136,Bangalore,P2222,32.0,33,5.14,4.59,Store Delay
O53512,S129,Delhi,P2013,23.0,30,3.0,2.98,Traffic
O53513,S138,Delhi,P2211,29.0,27,4.42,3.63,
O53514,S126,Delhi,P2036,15.0,11,6.66,6.87,
O53515,S119,Mumbai,P2216,25.0,46,3.76,3.6,Traffic
O53516,S113,Mumbai,P2121,32.0,26,1.43,1.44,
O53517,S128,Bangalore,P2271,19.0,37,5.56,4.49,Traffic
O53518,S108,Mumbai,P2066,28.0,33,6.62,6.47,Traffic
O53519,S113,Mumbai,P2184,39.0,48,3.69,3.99,Traffic
O53520,S133,Delhi,P2290,19.0,28,1.37,1.43,Store Delay
O53521,S121,Hyderabad,P2117,36.0,46,5.89,4.42,Partner Late
O53522,S109,Delhi,P2185,16.0,17,6.18,5.1,Store Delay
O53523,S117,Delhi,P2284,28.0,25,2.4,1.72,
O53524,S127,Bangalore,P2201,32.0,37,6.36,6.71,Traffic
O53525,S132,Delhi,P2121,15.0,21,6.31,4.42,Partner Late
O53526,S119,Mumbai,P2251,18.0,25,1.41,0.99,Traffic
O53527,S116,Mumbai,P2158,30.0,31,2.13,1.98,Traffic
O53528,S100,Mumbai,P2086,17.0,19,3.36,3.17,Store Delay
O53529,S105,Delhi,P2068,38.0,50,4.29,3.18,Traffic
O53530,S135,Bangalore,P2290,26.0,18,0.63,0.49,
O53531,S101,Bangalore,P2044,30.0,40,7.73,6.76,Partner Late
O53532,S138,Delhi,P2206,23.0,27,1.47,1.04,Traffic
O53533,S119,Mumbai,P2080,17.0,18,4.47,3.7,Traffic
O53534,S138,Delhi,P2135,35.0,33,6.69,4.72,
O53535,S135,Bangalore,P2238,34.0,64,5.56,4.66,Store Delay
O53536,S126,Delhi,P2037,21.0,19,7.23,7.59,
O53537,S127,Bangalore,P2017,21.0,43,4.97,3.68,Store Delay
O53538,S107,Mumbai,P2080,15.0,14,5.4,5.93,
O53539,S104,Hyderabad,P2243,17.0,19,3.57,3.37,
O53540,S112,Delhi,P2048,30.0,29,6.65,6.9,
O53541,S100,Mumbai,P2146,27.0,28,5.13,4.18,Traffic
O53542,S128,Bangalore,P2100,18.0,28,7.88,8.34,Traffic
O53543,S116,Mumbai,P2146,21.0,29,0.63,0.59,Traffic
O53544,S104,Hyderabad,P2083,15.0,10,4.41,3.53,
O53545,S105,Delhi,P2202,39.0,45,7.7,8.25,System Issue
O53546,S136,Bangalore,P2060,20.0,24,2.15,1.55,Traffic
O53547,S123,Delhi,P2285,33.0,35,3.38,2.55,Store Delay
O53548,S104,Hyderabad,P2145,31.0,47,3.57,3.18,Traffic
O53549,S130,Mumbai,P2128,28.0,37,1.27,1.06,Traffic
O53550,S116,Mumbai,P2209,15.0,21,2.23,2.12,Traffic
O53551,S120,Delhi,P2237,22.0,27,6.41,4.6,Traffic
O53552,S129,Delhi,P2004,36.0,28,1.84,2.01,
O53553,S102,Delhi,P2143,25.0,27,2.76,2.89,Partner Late
O53554,S106,Delhi,P2226,17.0,12,0.74,0.6,
O53555,S124,Hyderabad,P2065,19.0,24,2.71,2.53,Partner Late
O53556,S117,Delhi,P2060,27.0,31,0.94,0.67,Partner Late
O53557,S127,Bangalore,P2053,15.0,17,3.92,2.89,Traffic
O53558,S138,Delhi,P2270,16.0,31,5.31,5.02,Partner Late
O53559,S113,Mumbai,P2282,23.0,28,5.39,4.78,Store Delay
O53560,S100,Mumbai,P2204,17.0,10,2.76,2.97,
O53561,S123,Delhi,P2024,20.0,29,7.78,8.34,Traffic
O53562,S105,Delhi,P2164,27.0,25,1.32,1.03,
O53563,S139,Mumbai,P2005,37.0,47,6.0,6.47,Partner Late
O53564,S136,Bangalore,P2059,24.0,35,1.93,1.56,Store Delay
O53565,S105,Delhi,P2168,30.0,33,4.55,3.3,Partner Late
O53566,S116,Mumbai,P2041,20.0,23,4.49,4.7,
O53567,S135,Bangalore,P2265,16.0,15,3.31,2.87,
O53568,S125,Mumbai,P2102,28.0,32,5.93,5.35,Traffic
O53569,S121,Hyderabad,P2155,38.0,43,3.93,3.4,Traffic
O53570,S107,Mumbai,P2086,17.0,12,3.85,4.07,
O53571,S117,Delhi,P2271,37.0,44,2.78,1.96,Weather
O53572,S128,Bangalore,P2179,33.0,52,5.24,4.5,Traffic
O53573,S126,Delhi,P2199,21.0,45,7.72,6.48,Partner Late
O53574,S115,Hyderabad,P2180,39.0,44,1.26,1.13,Partner Late
O53575,S121,Hyderabad,P2221,26.0,18,7.2,5.21,
O53576,S116,Mumbai,P2116,19.0,22,3.85,3.41,System Issue
O53577,S111,Bangalore,P2279,19.0,24,3.13,3.05,Partner Late
O53578,S104,Hyderabad,P2119,31.0,46,5.42,3.82,Store Delay
O53579,S101,Bangalore,P2206,32.0,39,5.28,3.74,Traffic
O53580,S137,Mumbai,P2154,38.0,36,4.84,3.73,
O53581,S100,Mumbai,P2239,30.0,32,4.61,4.71,Partner Late
O53582,S123,Delhi,P2113,26.0,26,0.65,0.69,
O53583,S101,Bangalore,P2153,33.0,44,7.7,5.87,Partner Late
O53584,S136,Bangalore,P2058,36.0,37,6.35,6.88,Partner Late
O53585,S136,Bangalore,P2266,29.0,23,4.93,3.64,
O53586,S109,Delhi,P2188,20.0,20,7.26,6.66,
O53587,S126,Delhi,P2113,23.0,27,2.27,2.15,Partner Late
O53588,S125,Mumbai,P2275,28.0,33,4.69,4.0,Traffic
O53589,S111,Bangalore,P2089,32.0,39,6.89,5.77,
O53590,S105,Delhi,P2205,38.0,35,2.9,2.93,
O53591,S128,Bangalore,P2098,33.0,32,0.84,0.79,
O53592,S107,Mumbai,P2278,,45,5.26,4.42,Store Delay
O53593,S111,Bangalore,P2049,35.0,42,0.88,0.81,Traffic
O53594,S137,Mumbai,P2174,27.0,25,0.61,0.45,
O53595,S130,Mumbai,P2066,31.0,35,3.13,2.89,Store Delay
O53596,S116,Mumbai,P2055,33.0,36,2.48,2.56,Partner Late
O53597,S138,Delhi,P2277,27.0,20,3.36,3.51,
O53598,S108,Mumbai,P2189,39.0,57,7.25,6.41,
O53599,S107,Mumbai,P2009,35.0,39,6.89,5.02,Partner Late
O53600,S121,Hyderabad,P2047,29.0,34,1.4,1.47,Store Delay
O53601,S137,Mumbai,P2211,21.0,15,5.25,5.56,
O53602,S132,Delhi,P2102,22.0,15,4.41,3.35,
O53603,S121,Hyderabad,P2056,26.0,38,6.8,6.78,Store Delay
O53604,S119,Mumbai,P2086,18.0,29,0.88,0.97,Traffic
O53605,S100,Mumbai,P2015,36.0,38,7.58,6.57,Traffic
O53606,S114,Mumbai,P2143,29.0,30,3.73,3.03,Traffic
O53607,S113,Mumbai,P2044,17.0,12,4.52,3.85,
O53608,S107,Mumbai,P2112,34.0,19,6.71,5.98,
O53609,S116,Mumbai,P2143,31.0,37,6.03,5.2,
O53610,S112,Delhi,P2188,33.0,45,7.31,7.46,Store Delay
O53611,S130,Mumbai,P2152,32.0,37,4.94,5.02,Traffic
O53612,S123,Delhi,P2140,21.0,-10,5.15,5.51,Store Delay
O53613,S127,Bangalore,P2173,18.0,33,5.43,4.48,Store Delay
O53614,S139,Mumbai,P2286,37.0,31,3.55,3.9,
O53615,S138,Delhi,P2161,16.0,21,7.64,7.07,Weather
O53616,S118,Hyderabad,P2101,34.0,29,1.19,1.14,
O53617,S137,Mumbai,P2134,24.0,31,3.24,3.29,Store Delay
O53618,S139,Mumbai,P2158,39.0,39,6.2,5.51,
O53619,S113,Mumbai,P2101,22.0,21,4.09,4.21,
O53620,S132,Delhi,P2242,37.0,40,7.05,6.64,Store Delay
O53621,S116,Mumbai,P2280,35.0,42,1.49,1.3,Store Delay
O53622,S106,Delhi,P2129,38.0,38,3.21,3.01,
O53623,S139,Mumbai,P2227,29.0,43,7.56,5.4,Partner Late
O53624,S121,Hyderabad,P2068,16.0,21,4.04,3.93,Store Delay
O53625,S133,Delhi,P2227,16.0,10,2.22,2.03,
O53626,S124,Hyderabad,P2079,29.0,40,2.34,2.45,Store Delay
O53627,S139,Mumbai,P2223,28.0,40,6.77,5.29,Partner Late
O53628,S137,Mumbai,P2270,22.0,25,2.9,2.93,Store Delay
O53629,S110,Bangalore,P2114,26.0,22,1.23,1.12,
O53630,S101,Bangalore,P2214,18.0,26,7.41,6.32,Partner Late
O53631,S101,Bangalore,P2268,26.0,37,1.57,1.31,Traffic
O53632,S127,Bangalore,P2152,28.0,38,4.71,4.46,Traffic
O53633,S101,Bangalore,P2225,18.0,24,5.69,4.79,System Issue
O53634,S121,Hyderabad,P2087,29.0,28,4.04,3.89,
O53635,S118,Hyderabad,P2287,35.0,41,4.76,4.0,System Issue
O53636,S139,Mumbai,P2216,19.0,14,4.52,4.3,
O53637,S106,Delhi,P2084,37.0,33,2.05,2.0,
O53638,S126,Delhi,P2214,22.0,14,4.47,3.7,
O53639,S110,Bangalore,P2241,24.0,27,0.91,0.94,System Issue
O53640,S109,Delhi,P2248,18.0,10,7.68,8.19,
O53641,S115,Hyderabad,P2115,19.0,33,0.91,0.7,Partner Late
O53642,S111,Bangalore,P2227,23.0,28,1.12,1.18,Partner Late
O53643,S103,Bangalore,P2225,34.0,36,4.81,4.56,Traffic
O53644,S135,Bangalore,P2000,35.0,36,2.51,1.8,Store Delay
O53645,S106,Delhi,P2154,39.0,54,3.38,3.19,Partner Late
O53646,S130,Mumbai,P2051,39.0,35,5.38,4.23,
O53647,S108,Mumbai,P2007,23.0,31,5.8,5.58,Store Delay
O53648,S104,Hyderabad,P2204,17.0,15,1.24,1.09,
O53649,S112,Delhi,P2042,38.0,35,3.26,2.32,
O53650,S125,Mumbai,P2244,27.0,37,3.84,2.87,Store Delay
O53651,S109,Delhi,P2047,38.0,39,3.72,2.62,Store Delay
O53652,S105,Delhi,P2025,34.0,30,5.17,4.98,
O53653,S120,Delhi,P2174,39.0,59,3.4,3.53,Partner Late
O53654,S122,Mumbai,P2138,15.0,17,5.37,4.51,Traffic
O53655,S106,Delhi,P2223,30.0,28,2.1,2.0,
O53656,S138,Delhi,P2286,39.0,40,3.42,2.56,Traffic
O53657,S139,Mumbai,P2188,16.0,23,4.88,4.43,Traffic
O53658,S126,Delhi,P2140,23.0,21,5.15,4.53,
O53659,S113,Mumbai,P2135,36.0,46,6.02,4.38,Partner Late
O53660,S108,Mumbai,P2268,24.0,22,6.45,6.69,
O53661,S119,Mumbai,P2256,24.0,23,5.41,5.41,
O53662,S115,Hyderabad,P2069,31.0,17,6.58,6.51,
O53663,S119,Mumbai,P2136,17.0,29,2.98,2.97,Partner Late
O53664,S108,Mumbai,P2045,37.0,39,7.09,5.18,Store Delay
O53665,S100,Mumbai,P2066,30.0,35,4.69,4.58,Store Delay
O53666,S124,Hyderabad,P2010,26.0,24,7.72,6.74,
O53667,S114,Mumbai,P2188,36.0,37,6.94,5.51,Traffic
O53668,S103,Bangalore,P2211,26.0,33,6.2,4.86,Partner Late
O53669,S136,Bangalore,P2080,22.0,21,7.79,5.6,
O53670,S116,Mumbai,P2272,20.0,29,3.95,3.98,System Issue
O53671,S112,Delhi,P2237,22.0,41,7.31,5.42,Weather
O53672,S138,Delhi,P2219,36.0,39,5.11,5.21,Store Delay
O53673,S115,Hyderabad,P2029,37.0,47,5.19,4.06,Traffic
O53674,S125,Mumbai,P2199,39.0,31,0.73,0.73,
O53675,S101,Bangalore,P2298,17.0,11,7.41,7.66,
O53676,S131,Delhi,P2003,17.0,24,5.66,5.49,Store Delay
O53677,S105,Delhi,P2065,28.0,26,6.36,6.22,
O53678,S132,Delhi,P2059,25.0,29,0.7,0.56,Store Delay
O53679,S134,Delhi,P2281,18.0,16,4.91,4.5,
O53680,S125,Mumbai,P2083,28.0,34,2.52,2.26,Store Delay
O53681,S123,Delhi,P2174,16.0,22,1.05,1.09,Partner Late
O53682,S105,Delhi,P2233,35.0,30,6.11,5.03,
O53683,S118,Hyderabad,P2260,32.0,45,1.99,2.06,Traffic
O53684,S109,Delhi,P2103,39.0,49,7.03,5.83,Weather
O53685,S134,Delhi,P2004,28.0,36,1.58,1.41,
O53686,S104,Hyderabad,P2013,19.0,33,3.45,3.03,Traffic
O53687,S113,Mumbai,P2044,30.0,30,2.05,2.25,
O53688,S131,Delhi,P2163,24.0,24,2.22,2.19,
O53689,S102,Delhi,P2210,35.0,43,5.33,5.43,Store Delay
O53690,S105,Delhi,P2255,35.0,29,7.21,5.29,
O53691,S110,Bangalore,P2259,16.0,27,2.38,2.14,Store Delay
O53692,S123,Delhi,P2175,39.0,49,7.4,7.28,Weather
O53693,S133,Delhi,P2279,31.0,33,5.67,4.74,
O53694,S130,Mumbai,P2052,21.0,21,2.71,2.19,
O53695,S137,Mumbai,P2105,39.0,37,5.98,5.04,
O53696,S110,Bangalore,P2006,21.0,10,7.43,6.14,
O53697,S101,Bangalore,P2028,24.0,28,2.96,2.46,
O53698,S126,Delhi,P2057,17.0,18,1.02,0.85,Partner Late
O53699,S103,Bangalore,P2200,22.0,30,5.35,5.8,
O53700,S120,Delhi,P2213,16.0,15,2.24,2.06,
O53701,S127,Bangalore,P2035,28.0,26,7.65,7.61,
O53702,S101,Bangalore,P2143,15.0,16,5.93,4.76,Store Delay
O53703,S101,Bangalore,P2265,34.0,37,0.97,0.68,Partner Late
O53704,S102,Delhi,P2218,39.0,43,2.47,1.87,Store Delay
O53705,S127,Bangalore,P2286,15.0,17,0.68,0.56,Traffic
O53706,S117,Delhi,P2261,23.0,21,1.16,0.87,
O53707,S118,Hyderabad,P2245,15.0,17,3.82,3.9,Store Delay
O53708,S117,Delhi,P2153,31.0,51,1.46,1.27,Store Delay
O53709,S115,Hyderabad,P2007,23.0,35,4.21,3.37,Store Delay
O53710,S127,Bangalore,P2294,30.0,36,5.64,4.76,Weather
O53711,S139,Mumbai,P2282,17.0,14,0.55,0.48,
O53712,S100,Mumbai,P2151,21.0,38,4.8,3.99,Traffic
O53713,S114,Mumbai,P2131,31.0,38,1.47,1.24,Weather
O53714,S110,Bangalore,P2114,,16,2.05,1.67,
O53715,S104,Hyderabad,P2238,19.0,18,2.94,2.45,
O53716,S127,Bangalore,P2205,18.0,15,7.31,7.89,
O53717,S106,Delhi,P2030,36.0,38,6.28,5.89,Store Delay
O53718,S133,Delhi,P2024,31.0,27,7.61,6.04,
O53719,S128,Bangalore,P2001,30.0,46,1.05,1.07,Partner Late
O53720,S123,Delhi,P2241,20.0,19,0.98,0.88,
O53721,S103,Bangalore,P2268,16.0,19,5.78,5.03,Partner Late
O53722,S127,Bangalore,P2161,25.0,34,1.48,1.5,Traffic
O53723,S122,Mumbai,P2168,22.0,14,1.56,1.38,
O53724,S105,Delhi,P2196,21.0,19,6.08,4.56,
O53725,S108,Mumbai,P2168,36.0,45,1.5,1.29,
O53726,S101,Bangalore,P2022,21.0,19,8.0,8.27,
O53727,S129,Delhi,P2240,17.0,10,3.61,3.06,
O53728,S124,Hyderabad,P2195,15.0,21,5.65,4.7,Traffic
O53729,S119,Mumbai,P2098,22.0,31,5.31,4.35,Traffic
O53730,S132,Delhi,P2214,16.0,17,4.44,3.11,Partner Late
O53731,S114,Mumbai,P2170,38.0,40,2.13,1.93,Traffic
O53732,S128,Bangalore,P2083,27.0,30,6.06,5.03,Partner Late
O53733,S102,Delhi,P2125,24.0,21,1.55,1.39,
O53734,S133,Delhi,P2037,33.0,45,6.66,6.14,System Issue
O53735,S101,Bangalore,P2064,16.0,11,2.5,1.93,
O53736,S134,Delhi,P2238,17.0,13,2.8,2.87,
O53737,S138,Delhi,P2107,19.0,18,1.44,1.1,
O53738,S122,Mumbai,P2239,15.0,18,7.12,7.07,Store Delay
O53739,S119,Mumbai,P2156,19.0,19,4.75,4.48,
O53740,S107,Mumbai,P2002,18.0,20,2.74,2.95,Partner Late
O53741,S126,Delhi,P2021,16.0,-10,6.45,5.78,Traffic
O53742,S120,Delhi,P2250,17.0,42,6.39,4.57,Traffic
O53743,S134,Delhi,P2028,29.0,48,7.49,8.09,Weather
O53744,S121,Hyderabad,P2143,22.0,45,1.58,1.48,Traffic
O53745,S104,Hyderabad,P2006,29.0,42,7.04,7.54,Traffic
O53746,S107,Mumbai,P2068,36.0,43,3.88,3.6,Weather
O53747,S113,Mumbai,P2042,16.0,41,0.69,0.63,Store Delay
O53748,S129,Delhi,P2085,34.0,46,6.11,5.94,Partner Late
O53749,S104,Hyderabad,P2235,39.0,43,3.17,2.46,Traffic
O53750,S104,Hyderabad,P2127,26.0,45,6.06,5.38,Partner Late
O53751,S109,Delhi,P2185,34.0,38,7.68,7.06,Traffic
O53752,S124,Hyderabad,P2057,19.0,29,5.78,5.46,Weather
O53753,S111,Bangalore,P2118,31.0,31,0.58,0.6,
O53754,S133,Delhi,P2187,29.0,41,1.26,0.9,Store Delay
O53755,S137,Mumbai,P2293,18.0,27,7.66,6.31,Store Delay
O53756,S105,Delhi,P2183,19.0,28,3.35,2.77,Partner Late
O53757,S118,Hyderabad,P2296,31.0,34,7.93,7.5,System Issue
O53758,S119,Mumbai,P2288,21.0,26,3.54,3.36,Partner Late
O53759,S107,Mumbai,P2017,38.0,45,2.92,3.12,Store Delay
O53760,S105,Delhi,P2236,28.0,24,7.1,6.5,
O53761,S109,Delhi,P2103,35.0,32,4.74,3.59,
O53762,S133,Delhi,P2250,39.0,38,5.05,3.85,
O53763,S107,Mumbai,P2284,30.0,23,4.18,3.35,
O53764,S127,Bangalore,P2248,29.0,35,2.71,2.44,Store Delay
O53765,S116,Mumbai,P2077,28.0,37,3.06,2.25,Traffic
O53766,S124,Hyderabad,P2136,36.0,45,3.03,2.33,Partner Late
O53767,S132,Delhi,P2204,21.0,48,2.94,2.07,Traffic
O53768,S109,Delhi,P2148,25.0,24,1.31,1.26,
O53769,S124,Hyderabad,P2016,23.0,21,4.01,3.82,
O53770,S109,Delhi,P2299,21.0,43,5.77,5.66,Partner Late
O53771,S107,Mumbai,P2067,17.0,32,3.42,2.88,Weather
O53772,S102,Delhi,P2128,20.0,21,5.44,5.11,Store Delay
O53773,S130,Mumbai,P2030,29.0,24,6.0,5.63,
O53774,S118,Hyderabad,P2224,32.0,25,4.74,3.4,
O53775,S130,Mumbai,P2026,21.0,20,3.29,3.32,
O53776,S132,Delhi,P2133,18.0,13,1.37,1.33,
O53777,S109,Delhi,P2273,27.0,21,2.79,2.16,
O53778,S104,Hyderabad,P2103,21.0,42,5.28,4.56,Traffic
O53779,S122,Mumbai,P2105,35.0,37,1.26,1.25,Partner Late
O53780,S118,Hyderabad,P2009,32.0,31,7.65,5.87,
O53781,S108,Mumbai,P2283,37.0,43,5.22,3.97,Store Delay
O53782,S108,Mumbai,P2241,35.0,28,3.59,2.95,
O53783,S124,Hyderabad,P2151,20.0,17,3.25,2.91,
O53784,S128,Bangalore,P2163,22.0,20,1.48,1.54,
O53785,S124,Hyderabad,P2074,15.0,10,2.87,2.99,
O53786,S101,Bangalore,P2184,29.0,18,0.86,0.81,
O53787,S113,Mumbai,P2039,28.0,27,1.28,1.05,
O53788,S123,Delhi,P2181,35.0,38,6.95,5.31,System Issue
O53789,S100,Mumbai,P2217,31.0,45,1.69,1.86,Traffic
O53790,S104,Hyderabad,P2228,25.0,32,6.77,7.17,Traffic
O53791,S109,Delhi,P2084,30.0,34,1.71,1.24,System Issue
O53792,S116,Mumbai,P2090,39.0,53,6.29,5.75,Store Delay
O53793,S123,Delhi,P2168,26.0,26,1.27,1.34,
O53794,S117,Delhi,P2227,15.0,29,1.92,1.43,Store Delay
O53795,S121,Hyderabad,P2291,39.0,39,6.88,5.08,
O53796,S131,Delhi,P2057,27.0,26,6.94,5.93,
O53797,S128,Bangalore,P2119,20.0,32,4.4,4.04,
O53798,S112,Delhi,P2159,32.0,35,6.7,5.69,Store Delay
O53799,S114,Mumbai,P2082,17.0,23,3.61,3.64,Store Delay
O53800,S134,Delhi,P2129,35.0,39,5.05,5.01,Store Delay
O53801,S111,Bangalore,P2037,31.0,29,4.16,3.21,
O53802,S134,Delhi,P2131,25.0,24,5.89,5.04,
O53803,S114,Mumbai,P2109,27.0,20,4.74,4.54,
O53804,S116,Mumbai,P2272,27.0,42,5.24,5.45,Store Delay
O53805,S134,Delhi,P2053,27.0,32,4.67,3.84,Store Delay
O53806,S104,Hyderabad,P2057,36.0,40,4.27,4.61,Store Delay
O53807,S113,Mumbai,P2105,31.0,26,7.35,5.54,
O53808,S100,Mumbai,P2202,18.0,29,6.7,4.81,Partner Late
O53809,S132,Delhi,P2029,24.0,26,1.85,1.63,Traffic
O53810,S134,Delhi,P2294,31.0,36,7.11,5.75,Partner Late
O53811,S125,Mumbai,P2217,15.0,17,0.72,0.63,Store Delay
O53812,S115,Hyderabad,P2236,37.0,41,5.53,4.4,Traffic
O53813,S128,Bangalore,P2205,34.0,40,7.45,7.09,Traffic
O53814,S131,Delhi,P2123,18.0,28,7.94,8.34,Traffic
O53815,S130,Mumbai,P2094,15.0,43,5.7,5.64,Store Delay
O53816,S123,Delhi,P2131,20.0,28,3.31,2.8,Store Delay
O53817,S102,Delhi,P2291,24.0,18,3.33,2.92,
O53818,S131,Delhi,P2289,36.0,49,3.37,2.81,Traffic
O53819,S100,Mumbai,P2181,24.0,29,5.16,3.81,Weather
O53820,S137,Mumbai,P2029,15.0,16,2.68,2.67,Weather
O53821,S136,Bangalore,P2261,37.0,46,7.41,5.4,Traffic
O53822,S123,Delhi,P2298,29.0,34,1.44,1.16,Traffic
O53823,S109,Delhi,P2092,36.0,44,7.89,5.75,Partner Late
O53824,S107,Mumbai,P2077,17.0,25,1.97,1.43,Traffic
O53825,S139,Mumbai,P2030,30.0,32,6.44,4.53,
O53826,S122,Mumbai,P2081,17.0,16,1.08,1.13,
O53827,S128,Bangalore,P2203,35.0,34,4.86,4.56,
O53828,S128,Bangalore,P2143,19.0,25,2.18,1.8,Partner Late
O53829,S107,Mumbai,P2109,37.0,40,7.95,8.4,Store Delay
O53830,S102,Delhi,P2283,38.0,43,0.78,0.8,
O53831,S100,Mumbai,P2158,22.0,24,7.48,5.76,Traffic
O53832,S102,Delhi,P2024,38.0,54,6.72,4.95,Traffic
O53833,S103,Bangalore,P2084,17.0,16,3.18,3.43,
O53834,S117,Delhi,P2106,31.0,34,4.08,3.17,Traffic
O53835,S113,Mumbai,P2092,33.0,35,1.45,1.5,
O53836,S133,Delhi,P2206,23.0,14,6.41,6.2,
O53837,S136,Bangalore,P2281,21.0,29,5.67,4.86,Store Delay
O53838,S111,Bangalore,P2119,33.0,30,5.99,5.79,
O53839,S103,Bangalore,P2103,25.0,23,1.33,1.44,
O53840,S113,Mumbai,P2130,30.0,51,2.52,1.8,Store Delay
O53841,S114,Mumbai,P2197,22.0,24,5.22,4.3,Traffic
O53842,S102,Delhi,P2037,27.0,39,6.57,6.99,Weather
O53843,S115,Hyderabad,P2072,22.0,24,6.31,5.37,Partner Late
O53844,S113,Mumbai,P2287,28.0,26,7.65,6.62,
O53845,S104,Hyderabad,P2127,23.0,31,3.47,3.34,Traffic
O53846,S106,Delhi,P2040,15.0,22,1.54,1.62,Partner Late
O53847,S133,Delhi,P2074,22.0,30,7.15,5.79,System Issue
O53848,S124,Hyderabad,P2231,32.0,33,1.29,1.33,Store Delay
O53849,S138,Delhi,P2014,26.0,22,6.99,7.63,
O53850,S131,Delhi,P2172,29.0,39,7.3,5.89,Store Delay
O53851,S102,Delhi,P2162,38.0,37,2.96,3.07,
O53852,S106,Delhi,P2214,28.0,31,2.07,2.22,Weather
O53853,S132,Delhi,P2237,22.0,19,2.88,2.48,
O53854,S112,Delhi,P2055,27.0,36,3.18,2.72,Store Delay
O53855,S121,Hyderabad,P2255,16.0,23,6.12,5.25,Store Delay
O53856,S139,Mumbai,P2292,39.0,43,0.61,0.5,Traffic
O53857,S133,Delhi,P2162,19.0,25,6.32,5.14,Store Delay
O53858,S116,Mumbai,P2292,31.0,46,5.03,3.8,
O53859,S137,Mumbai,P2296,16.0,21,7.01,5.79,Weather
O53860,S139,Mumbai,P2016,22.0,38,3.22,3.45,Traffic
O53861,S136,Bangalore,P2172,27.0,32,2.68,2.22,Store Delay
O53862,S130,Mumbai,P2246,16.0,24,1.99,2.14,Store Delay
O53863,S113,Mumbai,P2025,17.0,23,0.53,0.58,System Issue
O53864,S114,Mumbai,P2264,31.0,38,4.74,3.94,Traffic
O53865,S135,Bangalore,P2167,29.0,20,7.77,5.85,
O53866,S133,Delhi,P2042,35.0,29,7.39,5.42,
O53867,S129,Delhi,P2018,27.0,29,3.34,2.94,Traffic
O53868,S129,Delhi,P2267,35.0,28,3.66,3.58,
O53869,S107,Mumbai,P2245,33.0,40,4.9,5.22,Store Delay
O53870,S102,Delhi,P2139,18.0,28,5.86,5.11,Traffic
O53871,S126,Delhi,P2142,32.0,33,4.58,4.41,Traffic
O53872,S136,Bangalore,P2262,25.0,26,3.09,2.91,Partner Late
O53873,S104,Hyderabad,P2278,21.0,21,7.22,5.12,
O53874,S124,Hyderabad,P2135,37.0,37,7.4,6.18,
O53875,S135,Bangalore,P2009,34.0,31,7.7,5.9,
O53876,S106,Delhi,P2108,15.0,10,5.04,4.47,
O53877,S111,Bangalore,P2186,29.0,35,4.99,5.38,Traffic
O53878,S123,Delhi,P2025,25.0,37,0.88,0.65,Traffic
O53879,S110,Bangalore,P2104,32.0,29,4.44,3.22,
O53880,S124,Hyderabad,P2230,20.0,16,5.74,5.91,
O53881,S123,Delhi,P2006,18.0,20,2.26,1.66,
O53882,S134,Delhi,P2149,34.0,31,4.8,4.68,
O53883,S130,Mumbai,P2113,24.0,29,3.93,3.87,Partner Late
O53884,S111,Bangalore,P2288,25.0,22,4.93,4.31,
O53885,S116,Mumbai,P2148,16.0,21,6.36,6.77,Partner Late
O53886,S109,Delhi,P2166,30.0,22,3.94,3.19,
O53887,S136,Bangalore,P2288,33.0,36,4.79,5.26,Store Delay
O53888,S134,Delhi,P2133,16.0,26,5.9,5.88,
O53889,S132,Delhi,P2113,23.0,23,3.1,2.79,
O53890,S108,Mumbai,P2257,32.0,28,6.06,4.77,
O53891,S126,Delhi,P2236,34.0,37,1.2,1.16,System Issue
O53892,S120,Delhi,P2298,39.0,38,3.1,2.6,
O53893,S112,Delhi,P2285,17.0,37,3.76,3.11,Traffic
O53894,S129,Delhi,P2017,19.0,36,2.69,2.67,Partner Late
O53895,S107,Mumbai,P2069,31.0,31,3.61,2.94,
O53896,S131,Delhi,P2048,38.0,40,1.95,2.08,Traffic
O53897,S136,Bangalore,P2206,37.0,33,2.26,2.02,
O53898,S123,Delhi,P2141,33.0,39,3.35,3.66,Partner Late
O53899,S100,Mumbai,P2281,25.0,25,2.12,2.01,
O53900,S103,Bangalore,P2245,20.0,11,2.13,2.23,
O53901,S110,Bangalore,P2235,33.0,34,4.61,3.43,Traffic
O53902,S126,Delhi,P2012,23.0,25,1.96,1.43,Partner Late
O53903,S133,Delhi,P2216,16.0,29,5.33,3.83,Store Delay
O53904,S135,Bangalore,P2039,18.0,12,7.68,7.49,
O53905,S116,Mumbai,P2273,29.0,19,4.77,3.71,
O53906,S107,Mumbai,P2034,34.0,44,3.34,3.67,System Issue
O53907,S112,Delhi,P2295,29.0,30,1.63,1.27,Weather
O53908,S104,Hyderabad,P2082,33.0,41,3.13,2.68,Partner Late
O53909,S128,Bangalore,P2094,18.0,17,3.98,2.82,
O53910,S139,Mumbai,P2070,30.0,31,2.4,2.26,Store Delay
O53911,S125,Mumbai,P2099,29.0,19,4.27,4.41,
O53912,S105,Delhi,P2220,35.0,41,2.12,1.49,Weather
O53913,S136,Bangalore,P2247,33.0,46,4.21,4.2,Store Delay
O53914,S126,Delhi,P2228,18.0,15,2.72,1.97,
O53915,S105,Delhi,P2039,22.0,20,1.72,1.88,
O53916,S105,Delhi,P2033,38.0,56,3.37,3.63,Store Delay
O53917,S124,Hyderabad,P2052,21.0,22,5.75,4.42,Store Delay
O53918,S104,Hyderabad,P2073,15.0,26,4.9,5.33,Traffic
O53919,S125,Mumbai,P2172,18.0,24,5.22,5.34,Traffic
O53920,S131,Delhi,P2110,30.0,49,3.06,3.05,Partner Late
O53921,S137,Mumbai,P2055,28.0,25,1.69,1.47,
O53922,S137,Mumbai,P2274,22.0,43,5.04,5.04,Partner Late
O53923,S101,Bangalore,P2182,35.0,46,7.05,6.35,Store Delay
O53924,S119,Mumbai,P2042,31.0,46,5.41,5.14,Partner Late
O53925,S131,Delhi,P2057,32.0,30,6.16,4.78,
O53926,S136,Bangalore,P2136,36.0,45,2.36,2.53,Weather
O53927,S112,Delhi,P2050,31.0,27,5.6,5.54,
O53928,S126,Delhi,P2287,17.0,27,3.32,3.42,Partner Late
O53929,S103,Bangalore,P2063,28.0,24,3.39,2.51,
O53930,S108,Mumbai,P2137,21.0,28,1.1,1.19,Weather
O53931,S101,Bangalore,P2218,35.0,36,4.73,3.76,Traffic
O53932,S108,Mumbai,P2117,28.0,42,2.94,2.68,Store Delay
O53933,S112,Delhi,P2147,34.0,35,1.47,1.44,Store Delay
O53934,S134,Delhi,P2107,20.0,22,4.95,3.7,Traffic
O53935,S111,Bangalore,P2070,35.0,47,2.58,2.13,Traffic
O53936,S126,Delhi,P2242,21.0,23,5.52,5.78,Partner Late
O53937,S123,Delhi,P2072,25.0,42,3.3,3.52,Store Delay
O53938,S108,Mumbai,P2005,23.0,26,6.37,6.13,Traffic
O53939,S124,Hyderabad,P2253,18.0,15,1.0,0.75,
O53940,S110,Bangalore,P2220,27.0,39,6.97,6.43,Partner Late
O53941,S104,Hyderabad,P2275,,38,5.56,5.34,Store Delay
O53942,S117,Delhi,P2087,37.0,38,6.86,5.82,Traffic
O53943,S103,Bangalore,P2132,20.0,31,2.66,2.7,Traffic
O53944,S126,Delhi,P2155,16.0,26,2.77,2.04,Partner Late
O53945,S110,Bangalore,P2124,21.0,13,3.19,3.27,
O53946,S111,Bangalore,P2085,20.0,33,7.8,5.91,Traffic
O53947,S127,Bangalore,P2222,17.0,17,6.77,7.34,
O53948,S122,Mumbai,P2284,17.0,27,1.47,1.06,Traffic
O53949,S109,Delhi,P2180,18.0,40,7.72,5.67,Partner Late
O53950,S138,Delhi,P2258,26.0,25,1.89,1.34,
O53951,S110,Bangalore,P2234,22.0,22,4.32,4.16,
O53952,S132,Delhi,P2085,25.0,45,6.02,5.81,Partner Late
O53953,S131,Delhi,P2190,25.0,20,7.21,7.76,
O53954,S123,Delhi,P2063,17.0,18,7.53,7.96,Traffic
O53955,S128,Bangalore,P2182,30.0,35,3.37,2.72,Partner Late
O53956,S102,Delhi,P2170,18.0,23,0.59,0.56,Traffic
O53957,S109,Delhi,P2029,30.0,33,4.55,4.19,Partner Late
O53958,S133,Delhi,P2091,17.0,18,2.8,2.45,Traffic
O53959,S104,Hyderabad,P2153,28.0,26,1.95,1.46,
O53960,S104,Hyderabad,P2247,37.0,43,5.56,4.09,Store Delay
O53961,S100,Mumbai,P2079,35.0,32,7.08,5.01,
O53962,S103,Bangalore,P2194,26.0,23,7.5,6.9,
O53963,S112,Delhi,P2012,31.0,38,5.36,4.19,Weather
O53964,S132,Delhi,P2257,20.0,17,6.84,6.91,
O53965,S131,Delhi,P2023,39.0,37,5.27,4.66,
O53966,S125,Mumbai,P2139,22.0,31,3.39,2.55,Traffic
O53967,S125,Mumbai,P2274,22.0,26,3.57,3.67,Store Delay
O53968,S131,Delhi,P2053,15.0,16,6.13,6.05,Partner Late
O53969,S108,Mumbai,P2270,39.0,46,3.7,3.08,System Issue
O53970,S115,Hyderabad,P2040,16.0,19,5.39,5.07,System Issue
O53971,S101,Bangalore,P2084,20.0,30,6.11,5.08,Traffic
O53972,S119,Mumbai,P2115,35.0,51,1.96,1.38,Partner Late
O53973,S120,Delhi,P2199,23.0,32,1.99,2.02,Partner Late
O53974,S115,Hyderabad,P2035,24.0,23,6.42,6.5,
O53975,S117,Delhi,P2025,26.0,54,5.21,3.77,Traffic
O53976,S138,Delhi,P2173,22.0,28,2.44,1.73,System Issue
O53977,S113,Mumbai,P2109,33.0,35,3.02,2.41,Traffic
O53978,S129,Delhi,P2077,20.0,20,0.83,0.83,
O53979,S129,Delhi,P2204,36.0,40,7.54,7.21,
O53980,S126,Delhi,P2078,16.0,23,4.59,3.52,Traffic
O53981,S105,Delhi,P2149,31.0,31,7.42,5.82,
O53982,S135,Bangalore,P2213,23.0,39,7.0,5.52,Store Delay
O53983,S101,Bangalore,P2026,24.0,34,1.66,1.81,
O53984,S123,Delhi,P2231,22.0,45,2.63,1.98,Traffic
O53985,S117,Delhi,P2138,39.0,58,6.53,4.89,Store Delay
O53986,S111,Bangalore,P2178,20.0,30,2.98,3.2,Store Delay
O53987,S100,Mumbai,P2125,18.0,20,7.79,7.88,Traffic
O53988,S112,Delhi,P2277,18.0,11,2.03,2.18,
O53989,S100,Mumbai,P2027,18.0,39,5.32,3.75,Traffic
O53990,S138,Delhi,P2060,26.0,21,6.03,5.45,
O53991,S138,Delhi,P2181,23.0,50,5.22,3.98,
O53992,S133,Delhi,P2194,31.0,24,2.44,2.49,
O53993,S116,Mumbai,P2131,34.0,37,7.16,6.39,Store Delay
O53994,S121,Hyderabad,P2262,39.0,37,7.64,7.38,
O53995,S123,Delhi,P2040,17.0,33,5.64,5.27,Traffic
O53996,S134,Delhi,P2024,21.0,26,5.52,4.93,Partner Late
O53997,S129,Delhi,P2063,31.0,34,6.7,6.74,Partner Late
O53998,S138,Delhi,P2275,21.0,24,4.24,4.26,Traffic
O53999,S133,Delhi,P2286,39.0,42,7.87,7.45,Traffic
O54000,S116,Mumbai,P2055,24.0,-10,4.82,4.38,Store Delay
O54001,S130,Mumbai,P2210,32.0,58,1.18,0.88,Partner Late
O54002,S115,Hyderabad,P2118,23.0,27,5.35,3.85,Store Delay
O54003,S100,Mumbai,P2021,39.0,49,6.91,4.91,Partner Late
O54004,S132,Delhi,P2100,22.0,42,5.54,4.52,Partner Late
O54005,S103,Bangalore,P2212,25.0,38,4.81,3.4,Store Delay
O54006,S105,Delhi,P2014,22.0,37,5.97,6.37,Traffic
O54007,S133,Delhi,P2122,36.0,39,4.29,4.38,System Issue
O54008,S136,Bangalore,P2257,18.0,21,3.01,3.06,Store Delay
O54009,S109,Delhi,P2289,18.0,23,4.31,4.09,Store Delay
O54010,S118,Hyderabad,P2056,38.0,33,4.85,4.84,
O54011,S119,Mumbai,P2252,24.0,21,6.15,5.06,
O54012,S102,Delhi,P2225,24.0,29,4.24,3.41,Weather
O54013,S130,Mumbai,P2071,37.0,23,4.65,3.48,
O54014,S128,Bangalore,P2084,,44,5.26,5.28,Store Delay
O54015,S139,Mumbai,P2123,16.0,17,3.64,3.44,Store Delay
O54016,S101,Bangalore,P2061,29.0,34,3.26,2.47,Traffic
O54017,S100,Mumbai,P2254,35.0,24,6.2,6.57,
O54018,S123,Delhi,P2018,20.0,19,5.05,4.6,
O54019,S138,Delhi,P2159,35.0,37,5.01,3.88,Weather
O54020,S127,Bangalore,P2266,38.0,39,3.06,3.13,Traffic
O54021,S127,Bangalore,P2064,22.0,25,4.17,4.59,
O54022,S130,Mumbai,P2291,18.0,35,3.13,2.54,Store Delay
O54023,S137,Mumbai,P2280,34.0,46,3.74,2.7,Partner Late
O54024,S114,Mumbai,P2137,33.0,44,6.52,7.01,Partner Late
O54025,S133,Delhi,P2272,25.0,33,7.47,7.51,Partner Late
O54026,S117,Delhi,P2071,27.0,44,0.81,0.71,Partner Late
O54027,S120,Delhi,P2106,21.0,28,3.31,2.87,Store Delay
O54028,S118,Hyderabad,P2145,19.0,32,3.7,2.88,Traffic
O54029,S125,Mumbai,P2125,38.0,48,1.98,1.73,Partner Late
O54030,S119,Mumbai,P2280,27.0,24,6.28,6.51,
O54031,S117,Delhi,P2245,35.0,27,3.0,2.4,
O54032,S119,Mumbai,P2103,24.0,27,2.37,1.87,Store Delay
O54033,S133,Delhi,P2041,28.0,31,0.99,0.95,Store Delay
O54034,S138,Delhi,P2066,23.0,35,3.6,2.87,Traffic
O54035,S133,Delhi,P2244,29.0,33,1.67,1.61,System Issue
O54036,S114,Mumbai,P2252,15.0,18,3.28,3.23,Weather
O54037,S119,Mumbai,P2019,27.0,35,5.27,4.37,Partner Late
O54038,S136,Bangalore,P2129,39.0,42,5.75,5.61,Traffic
O54039,S109,Delhi,P2108,17.0,20,2.02,1.52,Store Delay
O54040,S132,Delhi,P2026,36.0,49,6.64,5.08,Store Delay
O54041,S104,Hyderabad,P2085,31.0,34,2.6,2.72,Traffic
O54042,S128,Bangalore,P2189,22.0,35,2.66,2.27,System Issue
O54043,S136,Bangalore,P2091,21.0,23,5.2,5.48,Store Delay
O54044,S128,Bangalore,P2141,25.0,28,6.08,6.23,Traffic
O54045,S109,Delhi,P2236,27.0,41,2.34,1.78,
O54046,S124,Hyderabad,P2099,38.0,42,7.42,6.77,
O54047,S110,Bangalore,P2066,21.0,21,5.26,4.96,
O54048,S135,Bangalore,P2187,18.0,16,7.47,7.12,
O54049,S115,Hyderabad,P2169,26.0,36,7.02,5.6,Store Delay
O54050,S117,Delhi,P2193,21.0,27,5.24,3.98,
O54051,S118,Hyderabad,P2295,28.0,46,6.47,5.19,Traffic
O54052,S116,Mumbai,P2246,38.0,37,1.2,1.29,
O54053,S101,Bangalore,P2219,32.0,37,3.68,2.94,
O54054,S134,Delhi,P2072,19.0,27,4.14,2.93,Traffic
O54055,S134,Delhi,P2272,22.0,20,7.69,6.64,
O54056,S133,Delhi,P2195,35.0,42,2.0,1.53,Traffic
O54057,S110,Bangalore,P2193,17.0,12,1.28,1.26,
O54058,S120,Delhi,P2167,32.0,30,0.83,0.62,
O54059,S118,Hyderabad,P2122,29.0,24,7.03,6.55,
O54060,S130,Mumbai,P2057,28.0,29,7.37,7.65,Weather
O54061,S124,Hyderabad,P2221,24.0,18,3.98,3.7,
O54062,S100,Mumbai,P2160,16.0,18,0.76,0.56,Store Delay
O54063,S132,Delhi,P2150,30.0,39,4.01,4.0,Traffic
O54064,S100,Mumbai,P2193,17.0,12,5.64,4.63,
O54065,S110,Bangalore,P2094,37.0,42,5.27,5.07,Traffic
O54066,S104,Hyderabad,P2090,28.0,37,6.5,4.69,Store Delay
O54067,S105,Delhi,P2128,29.0,25,2.12,2.15,
O54068,S133,Delhi,P2199,33.0,54,5.23,4.69,Store Delay
O54069,S129,Delhi,P2128,37.0,49,0.68,0.71,Store Delay
O54070,S129,Delhi,P2074,27.0,30,1.35,1.13,Traffic
O54071,S132,Delhi,P2121,31.0,24,7.01,7.67,
O54072,S116,Mumbai,P2234,34.0,53,6.21,5.67,System Issue
O54073,S117,Delhi,P2232,30.0,30,4.37,4.68,
O54074,S110,Bangalore,P2168,32.0,42,7.56,5.52,Store Delay
O54075,S126,Delhi,P2069,20.0,18,5.16,3.9,
O54076,S110,Bangalore,P2033,36.0,33,4.09,2.92,
O54077,S134,Delhi,P2257,34.0,45,1.03,0.95,Store Delay
O54078,S118,Hyderabad,P2219,37.0,49,2.26,1.84,
O54079,S139,Mumbai,P2194,19.0,30,4.57,4.98,Partner Late
O54080,S124,Hyderabad,P2030,22.0,23,1.55,1.45,Partner Late
O54081,S122,Mumbai,P2214,30.0,41,5.98,6.54,Traffic
O54082,S126,Delhi,P2289,27.0,38,7.84,8.06,Partner Late
O54083,S119,Mumbai,P2206,23.0,24,6.41,6.84,Store Delay
O54084,S136,Bangalore,P2238,23.0,32,6.33,5.68,
O54085,S129,Delhi,P2278,37.0,37,3.64,3.76,
O54086,S125,Mumbai,P2142,23.0,28,3.52,2.94,Traffic
O54087,S138,Delhi,P2005,18.0,14,3.06,2.99,
O54088,S135,Bangalore,P2213,34.0,39,6.55,5.19,Partner Late
O54089,S119,Mumbai,P2292,25.0,26,5.58,4.89,Traffic
O54090,S118,Hyderabad,P2209,21.0,25,7.69,6.31,Store Delay
O54091,S106,Delhi,P2043,22.0,19,2.57,2.32,
O54092,S110,Bangalore,P2148,25.0,23,1.8,1.43,
O54093,S122,Mumbai,P2031,33.0,36,7.61,6.1,Weather
O54094,S109,Delhi,P2194,29.0,29,3.89,3.06,
O54095,S121,Hyderabad,P2158,20.0,10,7.28,6.61,
O54096,S118,Hyderabad,P2016,35.0,32,7.33,6.92,
O54097,S127,Bangalore,P2222,30.0,35,6.85,4.86,Partner Late
O54098,S128,Bangalore,P2253,31.0,26,5.69,4.04,
O54099,S118,Hyderabad,P2227,27.0,28,5.37,4.65,Store Delay
O54100,S109,Delhi,P2226,34.0,42,7.22,5.84,Store Delay
O54101,S107,Mumbai,P2154,21.0,19,3.41,3.42,
O54102,S121,Hyderabad,P2059,24.0,30,7.75,8.4,Partner Late
O54103,S109,Delhi,P2026,17.0,10,4.38,3.38,
O54104,S102,Delhi,P2242,16.0,12,7.74,5.91,
O54105,S107,Mumbai,P2255,23.0,22,1.16,0.86,
O54106,S135,Bangalore,P2228,32.0,35,6.1,5.07,Partner Late
O54107,S106,Delhi,P2185,30.0,32,7.07,7.15,Partner Late
O54108,S103,Bangalore,P2250,23.0,25,4.37,4.06,Traffic
O54109,S107,Mumbai,P2056,15.0,22,5.55,4.58,Traffic
O54110,S105,Delhi,P2016,31.0,54,5.65,5.09,Store Delay
O54111,S110,Bangalore,P2228,33.0,37,5.65,4.46,Store Delay
O54112,S121,Hyderabad,P2281,18.0,25,5.16,3.83,
O54113,S101,Bangalore,P2117,36.0,44,3.16,2.52,Traffic
O54114,S121,Hyderabad,P2263,32.0,40,7.56,7.61,Partner Late
O54115,S101,Bangalore,P2257,26.0,21,7.25,6.67,
O54116,S130,Mumbai,P2239,38.0,47,2.93,2.61,Partner Late
O54117,S113,Mumbai,P2224,32.0,28,6.64,6.2,
O54118,S128,Bangalore,P2240,15.0,10,1.91,1.91,
O54119,S108,Mumbai,P2067,38.0,45,3.65,3.89,Store Delay
O54120,S119,Mumbai,P2061,39.0,42,2.08,1.46,Traffic
O54121,S106,Delhi,P2133,36.0,37,0.75,0.6,Partner Late
O54122,S113,Mumbai,P2120,28.0,27,5.59,5.84,
O54123,S128,Bangalore,P2097,37.0,62,0.7,0.51,Store Delay
O54124,S124,Hyderabad,P2256,24.0,28,2.42,2.21,Store Delay
O54125,S111,Bangalore,P2213,16.0,22,6.54,5.87,Store Delay
O54126,S125,Mumbai,P2102,17.0,18,3.25,3.56,Traffic
O54127,S110,Bangalore,P2215,31.0,41,5.38,4.91,System Issue
O54128,S128,Bangalore,P2298,23.0,20,3.04,2.35,
O54129,S136,Bangalore,P2167,30.0,46,3.63,3.43,Weather
O54130,S113,Mumbai,P2036,39.0,50,2.67,2.57,Partner Late
O54131,S139,Mumbai,P2063,19.0,20,6.47,6.18,Weather
O54132,S109,Delhi,P2091,21.0,20,2.33,2.06,
O54133,S128,Bangalore,P2044,37.0,32,2.47,2.42,
O54134,S105,Delhi,P2156,18.0,18,5.68,5.89,
O54135,S102,Delhi,P2142,27.0,32,2.7,2.45,Traffic
O54136,S103,Bangalore,P2149,24.0,29,4.39,3.62,Store Delay
O54137,S127,Bangalore,P2208,24.0,28,0.66,0.53,Traffic
O54138,S110,Bangalore,P2180,15.0,15,0.6,0.46,
O54139,S105,Delhi,P2264,38.0,43,1.19,0.97,Store Delay
O54140,S137,Mumbai,P2033,18.0,17,2.0,1.43,
O54141,S120,Delhi,P2098,30.0,27,1.01,0.94,
O54142,S112,Delhi,P2082,,42,6.53,5.39,Traffic
O54143,S114,Mumbai,P2159,27.0,33,3.41,3.22,Store Delay
O54144,S106,Delhi,P2188,34.0,26,6.36,6.88,
O54145,S123,Delhi,P2067,31.0,33,2.66,2.91,Store Delay
O54146,S110,Bangalore,P2246,22.0,24,3.33,2.33,Traffic
O54147,S116,Mumbai,P2074,19.0,17,1.06,1.12,
O54148,S119,Mumbai,P2129,17.0,22,3.24,3.46,Partner Late
O54149,S115,Hyderabad,P2206,39.0,54,0.66,0.58,Partner Late
O54150,S119,Mumbai,P2092,30.0,29,2.97,2.12,
O54151,S131,Delhi,P2017,23.0,19,5.61,5.38,
O54152,S100,Mumbai,P2033,26.0,30,7.4,7.96,Partner Late
O54153,S129,Delhi,P2029,38.0,33,7.3,5.98,
O54154,S126,Delhi,P2243,34.0,55,4.74,4.53,Partner Late
O54155,S121,Hyderabad,P2098,38.0,33,0.8,0.65,
O54156,S106,Delhi,P2002,15.0,18,3.07,3.13,Traffic
O54157,S110,Bangalore,P2010,19.0,28,5.94,4.33,Traffic
O54158,S107,Mumbai,P2006,21.0,17,3.91,3.73,
O54159,S110,Bangalore,P2273,26.0,34,4.0,3.19,System Issue
O54160,S137,Mumbai,P2169,36.0,26,0.51,0.5,
O54161,S138,Delhi,P2017,23.0,34,4.49,3.46,Traffic
O54162,S118,Hyderabad,P2123,33.0,25,3.58,3.68,
O54163,S109,Delhi,P2267,37.0,33,7.49,7.97,
O54164,S134,Delhi,P2239,22.0,33,3.36,3.36,Partner Late
O54165,S138,Delhi,P2112,39.0,33,6.5,6.54,
O54166,S109,Delhi,P2114,15.0,18,4.95,4.36,Store Delay
O54167,S101,Bangalore,P2155,33.0,42,0.7,0.59,
O54168,S135,Bangalore,P2265,28.0,33,6.05,6.3,Store Delay
O54169,S128,Bangalore,P2226,21.0,20,3.32,3.13,
O54170,S139,Mumbai,P2144,18.0,18,7.92,8.22,
O54171,S111,Bangalore,P2244,34.0,34,4.06,4.39,
O54172,S135,Bangalore,P2257,26.0,28,0.86,0.81,Store Delay
O54173,S138,Delhi,P2003,23.0,26,4.93,3.83,
O54174,S102,Delhi,P2102,15.0,40,2.12,1.73,Store Delay
O54175,S133,Delhi,P2023,27.0,27,1.37,1.19,
O54176,S108,Mumbai,P2227,38.0,34,7.03,6.25,
O54177,S123,Delhi,P2266,32.0,41,3.54,3.39,Partner Late
O54178,S109,Delhi,P2088,19.0,35,4.04,3.35,Partner Late
O54179,S107,Mumbai,P2069,28.0,31,0.93,0.81,Partner Late
O54180,S103,Bangalore,P2086,25.0,29,0.56,0.5,Weather
O54181,S139,Mumbai,P2170,26.0,36,3.97,3.91,Traffic
O54182,S120,Delhi,P2250,29.0,25,3.23,3.38,
O54183,S119,Mumbai,P2218,27.0,27,1.71,1.41,
O54184,S119,Mumbai,P2123,31.0,24,6.98,5.68,
O54185,S110,Bangalore,P2272,17.0,28,2.43,2.23,Partner Late
O54186,S127,Bangalore,P2117,16.0,35,2.82,2.16,Traffic
O54187,S117,Delhi,P2023,21.0,25,0.89,0.85,Store Delay
O54188,S137,Mumbai,P2103,33.0,46,6.53,4.6,
O54189,S109,Delhi,P2230,26.0,30,7.31,7.63,
O54190,S120,Delhi,P2080,22.0,23,4.43,4.11,Partner Late
O54191,S132,Delhi,P2260,19.0,30,1.94,2.06,Partner Late
O54192,S116,Mumbai,P2129,31.0,38,2.5,2.58,System Issue
O54193,S100,Mumbai,P2211,38.0,50,4.38,4.13,Partner Late
O54194,S138,Delhi,P2048,28.0,32,3.35,2.76,System Issue
O54195,S134,Delhi,P2299,38.0,45,0.78,0.84,System Issue
O54196,S127,Bangalore,P2046,25.0,44,4.5,3.61,Store Delay
O54197,S128,Bangalore,P2158,18.0,37,2.35,1.89,System Issue
O54198,S128,Bangalore,P2296,37.0,40,1.74,1.33,Traffic
O54199,S111,Bangalore,P2292,18.0,15,1.72,1.45,
O54200,S137,Mumbai,P2154,22.0,36,5.89,6.08,
O54201,S109,Delhi,P2213,37.0,31,6.59,6.97,
O54202,S107,Mumbai,P2256,21.0,25,5.65,5.2,Store Delay
O54203,S122,Mumbai,P2125,15.0,19,7.01,7.34,Store Delay
O54204,S116,Mumbai,P2245,29.0,46,5.3,3.89,Traffic
O54205,S125,Mumbai,P2054,20.0,16,5.69,5.48,
O54206,S104,Hyderabad,P2280,24.0,27,7.82,6.73,Traffic
O54207,S124,Hyderabad,P2095,36.0,41,7.36,7.52,Traffic
O54208,S115,Hyderabad,P2096,28.0,37,5.22,5.47,Store Delay
O54209,S134,Delhi,P2244,35.0,35,0.87,0.8,
O54210,S137,Mumbai,P2191,17.0,34,1.66,1.54,Weather
O54211,S121,Hyderabad,P2024,22.0,33,2.96,2.3,Store Delay
O54212,S121,Hyderabad,P2113,21.0,23,5.02,3.76,Traffic
O54213,S120,Delhi,P2067,19.0,36,6.51,6.1,Partner Late
O54214,S137,Mumbai,P2246,17.0,21,7.85,5.96,Partner Late
O54215,S132,Delhi,P2139,32.0,27,1.7,1.22,
O54216,S100,Mumbai,P2259,18.0,34,3.08,3.26,Store Delay
O54217,S110,Bangalore,P2070,17.0,17,6.79,7.31,
O54218,S137,Mumbai,P2232,26.0,25,1.62,1.64,
O54219,S121,Hyderabad,P2007,27.0,50,2.12,1.99,Partner Late
O54220,S128,Bangalore,P2029,30.0,26,6.39,4.68,
O54221,S101,Bangalore,P2140,25.0,29,1.12,0.8,Store Delay
O54222,S135,Bangalore,P2019,17.0,30,7.75,6.73,System Issue
O54223,S137,Mumbai,P2120,16.0,18,7.05,6.13,Store Delay
O54224,S106,Delhi,P2229,26.0,23,7.78,6.65,
O54225,S120,Delhi,P2274,19.0,15,6.13,6.44,
O54226,S116,Mumbai,P2168,22.0,48,7.06,7.11,Partner Late
O54227,S136,Bangalore,P2160,29.0,30,2.32,1.8,Partner Late
O54228,S114,Mumbai,P2173,35.0,55,7.44,5.53,Traffic
O54229,S131,Delhi,P2019,25.0,29,5.07,4.83,System Issue
O54230,S112,Delhi,P2188,15.0,25,5.01,4.23,Weather
O54231,S122,Mumbai,P2093,29.0,26,4.01,3.84,
O54232,S109,Delhi,P2179,22.0,28,1.91,1.79,Store Delay
O54233,S122,Mumbai,P2107,20.0,20,0.84,0.81,
O54234,S135,Bangalore,P2159,18.0,17,7.45,5.44,
O54235,S102,Delhi,P2035,23.0,30,5.01,4.72,Traffic
O54236,S137,Mumbai,P2087,24.0,31,7.42,5.48,Partner Late
O54237,S103,Bangalore,P2046,22.0,18,3.08,2.74,
O54238,S125,Mumbai,P2235,33.0,44,1.41,1.05,Traffic
O54239,S129,Delhi,P2076,38.0,36,2.74,2.13,
O54240,S121,Hyderabad,P2028,29.0,33,4.84,3.47,Store Delay
O54241,S118,Hyderabad,P2187,18.0,30,5.53,5.76,Traffic
O54242,S135,Bangalore,P2039,36.0,43,4.5,4.39,Traffic
O54243,S103,Bangalore,P2188,29.0,37,2.72,2.01,Traffic
O54244,S121,Hyderabad,P2242,18.0,17,7.48,7.86,
O54245,S119,Mumbai,P2187,18.0,29,6.95,6.2,Partner Late
O54246,S130,Mumbai,P2134,19.0,29,6.35,6.72,Traffic
O54247,S131,Delhi,P2233,32.0,36,7.55,6.41,Store Delay
O54248,S124,Hyderabad,P2085,32.0,31,4.88,4.96,
O54249,S129,Delhi,P2111,24.0,10,0.63,0.65,
O54250,S100,Mumbai,P2171,38.0,58,4.2,3.46,Store Delay
O54251,S104,Hyderabad,P2205,26.0,29,2.8,2.22,Store Delay
O54252,S109,Delhi,P2106,27.0,23,4.15,4.45,
O54253,S112,Delhi,P2243,27.0,23,5.8,4.97,
O54254,S111,Bangalore,P2194,37.0,36,2.04,1.58,
O54255,S120,Delhi,P2098,29.0,30,2.26,1.95,Traffic
O54256,S113,Mumbai,P2033,23.0,29,3.0,2.81,Store Delay
O54257,S101,Bangalore,P2077,28.0,31,7.16,6.76,Store Delay
O54258,S106,Delhi,P2204,17.0,10,4.32,3.04,
O54259,S101,Bangalore,P2210,38.0,56,2.65,2.03,Weather
O54260,S127,Bangalore,P2199,19.0,14,0.64,0.59,
O54261,S125,Mumbai,P2248,15.0,22,7.39,8.03,Partner Late
O54262,S133,Delhi,P2262,33.0,45,6.29,5.19,Partner Late
O54263,S115,Hyderabad,P2037,27.0,43,2.6,2.22,Store Delay
O54264,S119,Mumbai,P2041,23.0,19,1.72,1.32,
O54265,S128,Bangalore,P2033,21.0,27,7.6,5.4,Store Delay
O54266,S110,Bangalore,P2135,30.0,35,2.72,2.32,Traffic
O54267,S127,Bangalore,P2069,22.0,43,7.84,8.26,Traffic
O54268,S115,Hyderabad,P2017,35.0,39,3.97,2.98,Partner Late
O54269,S119,Mumbai,P2075,33.0,25,6.95,7.5,
O54270,S118,Hyderabad,P2069,39.0,46,1.37,1.27,System Issue
O54271,S131,Delhi,P2161,21.0,23,6.4,4.8,Store Delay
O54272,S123,Delhi,P2179,23.0,42,5.97,5.23,Store Delay
O54273,S136,Bangalore,P2068,39.0,39,5.09,5.25,
O54274,S119,Mumbai,P2089,17.0,17,3.0,2.79,
O54275,S105,Delhi,P2240,22.0,32,2.69,2.76,Traffic
O54276,S101,Bangalore,P2042,36.0,46,2.86,3.11,Traffic
O54277,S118,Hyderabad,P2237,34.0,49,1.91,1.9,Traffic
O54278,S116,Mumbai,P2153,15.0,10,1.39,1.09,
O54279,S113,Mumbai,P2267,35.0,35,7.51,6.5,
O54280,S128,Bangalore,P2206,34.0,35,1.01,0.72,Traffic
O54281,S106,Delhi,P2139,24.0,25,1.56,1.5,Partner Late
O54282,S103,Bangalore,P2075,31.0,56,3.79,3.58,Store Delay
O54283,S101,Bangalore,P2086,24.0,32,6.73,5.04,Store Delay
O54284,S129,Delhi,P2055,25.0,27,6.77,7.32,Traffic
O54285,S102,Delhi,P2009,18.0,22,0.76,0.66,Store Delay
O54286,S106,Delhi,P2045,,37,1.09,1.13,Store Delay
O54287,S121,Hyderabad,P2220,37.0,53,5.36,5.13,Traffic
O54288,S125,Mumbai,P2277,24.0,37,6.23,6.33,Traffic
O54289,S118,Hyderabad,P2070,31.0,33,4.75,4.48,Store Delay
O54290,S118,Hyderabad,P2194,24.0,28,7.55,6.47,Traffic
O54291,S132,Delhi,P2116,38.0,57,6.81,6.07,Partner Late
O54292,S139,Mumbai,P2202,30.0,22,1.08,0.87,
O54293,S115,Hyderabad,P2132,22.0,33,5.67,5.73,Traffic
O54294,S134,Delhi,P2100,29.0,23,3.61,3.27,
O54295,S133,Delhi,P2120,28.0,30,7.02,5.4,Store Delay
O54296,S102,Delhi,P2251,31.0,31,0.6,0.57,
O54297,S126,Delhi,P2206,31.0,48,3.3,3.45,Weather
O54298,S116,Mumbai,P2090,30.0,28,5.62,4.56,
O54299,S115,Hyderabad,P2107,25.0,16,2.55,1.82,
O54300,S127,Bangalore,P2103,27.0,28,6.61,5.67,Traffic
O54301,S131,Delhi,P2044,18.0,27,1.28,1.25,Partner Late
O54302,S136,Bangalore,P2150,24.0,24,1.99,2.02,
O54303,S104,Hyderabad,P2093,25.0,30,2.89,2.88,
O54304,S114,Mumbai,P2136,17.0,27,7.7,6.1,Store Delay
O54305,S134,Delhi,P2206,26.0,42,3.41,3.59,Partner Late
O54306,S111,Bangalore,P2010,23.0,37,6.58,6.02,Partner Late
O54307,S135,Bangalore,P2110,24.0,47,7.23,6.73,Traffic
O54308,S112,Delhi,P2254,37.0,44,3.66,3.29,System Issue
O54309,S122,Mumbai,P2020,23.0,26,4.34,3.81,Partner Late
O54310,S102,Delhi,P2143,19.0,35,7.91,6.09,
O54311,S112,Delhi,P2284,20.0,16,1.61,1.27,
O54312,S120,Delhi,P2158,30.0,36,4.61,3.83,Partner Late
O54313,S115,Hyderabad,P2221,22.0,27,5.94,5.35,Partner Late
O54314,S137,Mumbai,P2087,22.0,25,4.08,3.03,Store Delay
O54315,S121,Hyderabad,P2097,22.0,31,5.76,5.33,System Issue
O54316,S123,Delhi,P2044,33.0,38,3.15,3.05,Traffic
O54317,S126,Delhi,P2042,38.0,47,4.29,3.89,Store Delay
O54318,S123,Delhi,P2195,29.0,34,0.71,0.64,Store Delay
O54319,S103,Bangalore,P2082,31.0,19,4.96,3.65,
O54320,S136,Bangalore,P2110,31.0,40,4.35,4.1,Traffic
O54321,S134,Delhi,P2235,17.0,14,3.48,3.13,
O54322,S139,Mumbai,P2236,33.0,46,4.64,3.93,
O54323,S116,Mumbai,P2241,39.0,42,1.4,1.53,Partner Late
O54324,S106,Delhi,P2245,23.0,26,5.97,5.37,Partner Late
O54325,S112,Delhi,P2112,38.0,32,4.48,4.63,
O54326,S119,Mumbai,P2104,20.0,33,5.85,5.88,System Issue
O54327,S127,Bangalore,P2252,17.0,14,2.58,2.17,
O54328,S133,Delhi,P2207,37.0,32,4.32,4.73,
O54329,S126,Delhi,P2267,23.0,40,4.17,3.03,Store Delay
O54330,S109,Delhi,P2298,34.0,37,2.99,2.97,Store Delay
O54331,S116,Mumbai,P2031,,41,4.97,5.11,System Issue
O54332,S127,Bangalore,P2262,33.0,26,7.61,6.52,
O54333,S109,Delhi,P2029,21.0,17,1.66,1.41,
O54334,S104,Hyderabad,P2060,21.0,22,2.95,3.18,Traffic
O54335,S124,Hyderabad,P2206,37.0,40,3.95,2.9,Store Delay
O54336,S134,Delhi,P2279,39.0,58,7.46,6.66,Store Delay
O54337,S116,Mumbai,P2280,20.0,46,0.9,0.73,
O54338,S100,Mumbai,P2058,35.0,35,5.12,4.62,
O54339,S126,Delhi,P2130,32.0,38,7.15,7.39,Traffic
O54340,S117,Delhi,P2206,21.0,32,0.97,0.99,Partner Late
O54341,S116,Mumbai,P2217,16.0,15,3.78,3.84,
O54342,S135,Bangalore,P2105,39.0,61,6.85,5.24,Partner Late
O54343,S130,Mumbai,P2296,17.0,21,0.87,0.86,Weather
O54344,S100,Mumbai,P2097,35.0,31,3.98,4.12,
O54345,S101,Bangalore,P2187,21.0,22,3.3,3.29,Weather
O54346,S111,Bangalore,P2075,22.0,45,6.0,4.55,Weather
O54347,S103,Bangalore,P2229,30.0,38,0.64,0.61,Partner Late
O54348,S135,Bangalore,P2014,18.0,25,1.27,1.32,Store Delay
O54349,S128,Bangalore,P2183,37.0,43,3.07,2.68,Traffic
O54350,S104,Hyderabad,P2239,34.0,67,4.72,3.81,Traffic
O54351,S115,Hyderabad,P2233,28.0,49,5.89,6.2,Partner Late
O54352,S126,Delhi,P2252,24.0,31,3.23,3.26,Traffic
O54353,S107,Mumbai,P2174,39.0,56,0.56,0.51,Store Delay
O54354,S125,Mumbai,P2246,38.0,25,4.47,3.14,
O54355,S106,Delhi,P2058,15.0,35,2.6,2.05,Store Delay
O54356,S137,Mumbai,P2211,30.0,33,0.81,0.66,Store Delay
O54357,S122,Mumbai,P2208,27.0,36,1.4,1.22,Traffic
O54358,S123,Delhi,P2243,34.0,35,2.35,2.19,Traffic
O54359,S118,Hyderabad,P2253,22.0,34,7.11,7.59,Store Delay
O54360,S102,Delhi,P2271,34.0,42,7.75,6.18,Store Delay
O54361,S131,Delhi,P2159,34.0,40,7.37,5.87,Store Delay
O54362,S115,Hyderabad,P2287,38.0,33,4.72,3.71,
O54363,S123,Delhi,P2257,24.0,31,4.15,3.9,Traffic
O54364,S133,Delhi,P2042,34.0,33,5.47,5.03,
O54365,S107,Mumbai,P2275,15.0,24,3.62,3.65,Traffic
O54366,S107,Mumbai,P2066,38.0,58,4.45,3.52,Traffic
O54367,S127,Bangalore,P2278,28.0,27,4.76,3.47,
O54368,S102,Delhi,P2044,25.0,36,2.71,2.47,Traffic
O54369,S100,Mumbai,P2167,28.0,48,5.53,5.06,Store Delay
O54370,S102,Delhi,P2135,36.0,29,4.58,4.55,
O54371,S102,Delhi,P2268,36.0,40,5.34,5.54,System Issue
O54372,S128,Bangalore,P2176,29.0,30,0.94,0.69,Traffic
O54373,S107,Mumbai,P2168,39.0,39,0.59,0.46,
O54374,S128,Bangalore,P2277,23.0,24,0.81,0.84,Traffic
O54375,S125,Mumbai,P2128,20.0,28,7.31,6.1,Store Delay
O54376,S112,Delhi,P2010,38.0,33,1.72,1.7,
O54377,S113,Mumbai,P2209,34.0,38,6.68,6.9,System Issue
O54378,S115,Hyderabad,P2178,15.0,12,4.28,4.14,
O54379,S126,Delhi,P2179,30.0,32,6.84,6.2,Traffic
O54380,S111,Bangalore,P2137,25.0,33,3.2,2.63,Partner Late
O54381,S132,Delhi,P2059,27.0,41,5.4,4.36,Store Delay
O54382,S126,Delhi,P2014,22.0,18,6.36,5.06,
O54383,S129,Delhi,P2210,31.0,36,5.22,5.6,Weather
O54384,S113,Mumbai,P2183,35.0,44,0.54,0.47,Traffic
O54385,S117,Delhi,P2275,15.0,39,2.32,1.72,
O54386,S127,Bangalore,P2159,26.0,26,1.05,0.97,
O54387,S109,Delhi,P2252,21.0,25,6.15,4.46,Traffic
O54388,S120,Delhi,P2057,38.0,39,5.41,5.19,Traffic
O54389,S103,Bangalore,P2086,37.0,40,1.17,0.95,Traffic
O54390,S114,Mumbai,P2057,19.0,41,2.98,3.18,Store Delay
O54391,S118,Hyderabad,P2045,22.0,18,5.47,5.95,
O54392,S130,Mumbai,P2082,30.0,32,4.41,3.47,Traffic
O54393,S135,Bangalore,P2289,32.0,31,1.04,1.14,
O54394,S121,Hyderabad,P2039,39.0,40,1.04,0.85,Store Delay
O54395,S115,Hyderabad,P2271,27.0,27,3.12,2.22,
O54396,S118,Hyderabad,P2160,30.0,42,1.35,1.02,Partner Late
O54397,S114,Mumbai,P2161,19.0,16,2.99,2.26,
O54398,S138,Delhi,P2077,35.0,33,6.44,5.71,
O54399,S110,Bangalore,P2053,36.0,47,4.15,4.13,Traffic
O54400,S135,Bangalore,P2016,25.0,40,7.13,7.53,Partner Late
O54401,S112,Delhi,P2037,26.0,43,2.05,1.98,Store Delay
O54402,S126,Delhi,P2028,36.0,37,6.82,6.3,Store Delay
O54403,S137,Mumbai,P2004,20.0,24,7.6,7.89,Store Delay
O54404,S110,Bangalore,P2242,33.0,38,6.6,7.04,Traffic
O54405,S118,Hyderabad,P2191,16.0,14,5.67,4.31,
O54406,S134,Delhi,P2042,25.0,33,1.07,1.08,Traffic
O54407,S109,Delhi,P2086,26.0,36,6.45,5.12,Partner Late
O54408,S115,Hyderabad,P2039,26.0,36,2.42,2.47,Traffic
O54409,S133,Delhi,P2265,31.0,28,3.33,3.28,
O54410,S138,Delhi,P2178,39.0,35,3.92,3.18,
O54411,S116,Mumbai,P2038,26.0,36,1.64,1.55,Partner Late
O54412,S131,Delhi,P2214,19.0,24,4.2,3.06,Store Delay
O54413,S113,Mumbai,P2129,18.0,18,2.51,1.88,
O54414,S135,Bangalore,P2054,32.0,38,4.23,4.02,Traffic
O54415,S117,Delhi,P2144,39.0,37,7.37,5.37,
O54416,S126,Delhi,P2248,23.0,22,5.96,5.31,
O54417,S111,Bangalore,P2099,19.0,47,6.56,6.79,Store Delay
O54418,S107,Mumbai,P2229,31.0,29,1.62,1.63,
O54419,S127,Bangalore,P2281,31.0,38,0.82,0.74,Traffic
O54420,S134,Delhi,P2019,26.0,30,1.06,0.84,Store Delay
O54421,S136,Bangalore,P2127,15.0,12,1.76,1.45,
O54422,S136,Bangalore,P2266,23.0,18,4.73,4.99,
O54423,S100,Mumbai,P2200,36.0,32,4.53,4.24,
O54424,S117,Delhi,P2106,38.0,43,4.13,3.17,
O54425,S118,Hyderabad,P2158,33.0,34,6.62,4.69,Traffic
O54426,S135,Bangalore,P2257,19.0,24,4.7,3.86,Partner Late
O54427,S130,Mumbai,P2006,17.0,20,6.61,5.6,Traffic
O54428,S101,Bangalore,P2223,34.0,34,6.44,4.67,
O54429,S126,Delhi,P2165,39.0,43,1.54,1.18,Store Delay
O54430,S103,Bangalore,P2004,19.0,24,4.07,3.78,Partner Late
O54431,S131,Delhi,P2119,25.0,14,5.64,4.14,
O54432,S106,Delhi,P2058,29.0,23,4.32,3.22,
O54433,S128,Bangalore,P2222,26.0,41,3.97,3.39,Traffic
O54434,S136,Bangalore,P2085,25.0,46,6.98,4.92,Traffic
O54435,S130,Mumbai,P2263,18.0,16,1.72,1.55,
O54436,S113,Mumbai,P2277,23.0,30,1.3,1.25,Store Delay
O54437,S111,Bangalore,P2055,25.0,32,7.69,6.21,Traffic
O54438,S116,Mumbai,P2050,35.0,31,4.17,4.48,
O54439,S124,Hyderabad,P2160,31.0,24,3.44,2.68,
O54440,S106,Delhi,P2168,35.0,51,4.87,3.85,Store Delay
O54441,S102,Delhi,P2292,25.0,28,0.8,0.77,Traffic
O54442,S131,Delhi,P2273,16.0,15,7.31,5.47,
O54443,S135,Bangalore,P2032,16.0,10,5.91,5.61,
O54444,S123,Delhi,P2150,35.0,37,4.24,3.63,Traffic
O54445,S122,Mumbai,P2082,17.0,28,2.46,1.84,Store Delay
O54446,S135,Bangalore,P2195,19.0,34,5.93,4.87,Traffic
O54447,S116,Mumbai,P2026,36.0,32,2.82,2.28,
O54448,S112,Delhi,P2077,28.0,38,4.56,4.63,Partner Late
O54449,S138,Delhi,P2095,17.0,30,1.0,0.96,Weather
O54450,S106,Delhi,P2267,26.0,23,1.18,1.24,
O54451,S104,Hyderabad,P2061,21.0,18,3.17,2.43,
O54452,S138,Delhi,P2169,25.0,32,0.96,0.96,Partner Late
O54453,S115,Hyderabad,P2173,32.0,55,7.69,7.5,Traffic
O54454,S138,Delhi,P2267,36.0,35,1.01,0.76,
O54455,S110,Bangalore,P2227,33.0,50,4.37,4.45,Partner Late
O54456,S106,Delhi,P2223,29.0,34,4.78,3.77,Traffic
O54457,S116,Mumbai,P2049,36.0,45,6.85,7.31,Traffic
O54458,S138,Delhi,P2212,23.0,24,2.34,1.92,Traffic
O54459,S129,Delhi,P2033,17.0,12,0.96,0.86,
O54460,S133,Delhi,P2174,30.0,42,7.07,5.24,Partner Late
O54461,S121,Hyderabad,P2261,36.0,43,6.46,5.86,Traffic
O54462,S134,Delhi,P2290,16.0,15,6.74,5.05,
O54463,S138,Delhi,P2202,22.0,24,1.12,1.07,Store Delay
O54464,S137,Mumbai,P2247,33.0,47,4.82,5.06,Store Delay
O54465,S126,Delhi,P2224,25.0,26,1.84,1.74,Partner Late
O54466,S124,Hyderabad,P2081,33.0,45,1.76,1.59,Traffic
O54467,S111,Bangalore,P2077,19.0,26,0.6,0.55,Traffic
O54468,S119,Mumbai,P2185,18.0,-10,3.3,3.24,Traffic
O54469,S101,Bangalore,P2012,27.0,31,4.88,4.07,Traffic
O54470,S111,Bangalore,P2273,23.0,23,4.01,3.41,
O54471,S133,Delhi,P2178,20.0,16,6.22,5.02,
O54472,S118,Hyderabad,P2114,17.0,13,7.29,5.34,
O54473,S110,Bangalore,P2204,28.0,35,2.43,1.93,Traffic
O54474,S125,Mumbai,P2254,39.0,42,4.39,4.28,System Issue
O54475,S124,Hyderabad,P2199,37.0,47,4.03,3.07,Store Delay
O54476,S121,Hyderabad,P2197,16.0,16,3.92,2.91,
O54477,S114,Mumbai,P2066,32.0,36,5.66,4.91,Traffic
O54478,S135,Bangalore,P2253,18.0,21,0.7,0.52,Partner Late
O54479,S118,Hyderabad,P2224,38.0,32,3.19,2.84,
O54480,S131,Delhi,P2148,24.0,22,6.57,4.89,
O54481,S134,Delhi,P2286,33.0,31,4.07,3.27,
O54482,S119,Mumbai,P2294,36.0,33,3.17,2.9,
O54483,S132,Delhi,P2285,20.0,23,0.88,0.63,Store Delay
O54484,S111,Bangalore,P2176,35.0,26,7.43,6.27,
O54485,S120,Delhi,P2160,19.0,21,0.62,0.61,Traffic
O54486,S139,Mumbai,P2106,16.0,35,6.98,6.23,Traffic
O54487,S119,Mumbai,P2285,32.0,-10,4.05,3.73,Weather
O54488,S136,Bangalore,P2192,34.0,31,2.24,2.36,
O54489,S123,Delhi,P2037,28.0,-10,1.99,1.44,Store Delay
O54490,S120,Delhi,P2076,27.0,39,7.81,8.15,Traffic
O54491,S130,Mumbai,P2110,17.0,25,1.02,0.86,Store Delay
O54492,S106,Delhi,P2229,34.0,47,3.8,3.53,Traffic
O54493,S139,Mumbai,P2133,19.0,41,1.62,1.62,Traffic
O54494,S125,Mumbai,P2102,29.0,45,2.07,2.26,Store Delay
O54495,S122,Mumbai,P2292,20.0,21,1.15,0.96,Traffic
O54496,S110,Bangalore,P2161,39.0,34,2.86,2.96,
O54497,S121,Hyderabad,P2137,32.0,23,0.63,0.61,
O54498,S138,Delhi,P2155,27.0,26,2.13,1.69,
O54499,S128,Bangalore,P2240,33.0,48,1.16,1.1,Traffic
O54500,S132,Delhi,P2121,29.0,23,6.78,7.22,
O54501,S124,Hyderabad,P2185,15.0,40,1.79,1.69,Store Delay
O54502,S105,Delhi,P2074,35.0,40,3.52,2.5,Partner Late
O54503,S114,Mumbai,P2177,18.0,39,5.79,5.72,Store Delay
O54504,S132,Delhi,P2156,28.0,27,1.55,1.16,
O54505,S115,Hyderabad,P2223,17.0,10,5.67,4.24,
O54506,S118,Hyderabad,P2063,29.0,42,0.88,0.67,Partner Late
O54507,S129,Delhi,P2241,18.0,25,1.12,1.05,Traffic
O54508,S118,Hyderabad,P2265,31.0,35,6.03,5.24,Traffic
O54509,S100,Mumbai,P2255,25.0,29,6.57,7.14,System Issue
O54510,S137,Mumbai,P2191,30.0,23,3.6,3.37,
O54511,S135,Bangalore,P2253,18.0,19,3.23,2.8,Partner Late
O54512,S111,Bangalore,P2056,31.0,40,7.41,6.01,Traffic
O54513,S114,Mumbai,P2175,19.0,18,5.03,4.94,
O54514,S120,Delhi,P2297,27.0,28,4.18,3.9,Partner Late
O54515,S109,Delhi,P2298,27.0,31,3.94,3.88,Weather
O54516,S110,Bangalore,P2037,27.0,22,2.35,2.43,
O54517,S135,Bangalore,P2238,35.0,30,6.95,4.89,
O54518,S123,Delhi,P2207,17.0,20,0.51,0.39,Store Delay
O54519,S103,Bangalore,P2221,24.0,24,1.02,0.84,
O54520,S135,Bangalore,P2115,35.0,37,1.46,1.5,Traffic
O54521,S119,Mumbai,P2003,22.0,30,2.01,1.78,Traffic
O54522,S130,Mumbai,P2107,19.0,21,6.12,5.33,Store Delay
O54523,S101,Bangalore,P2195,15.0,17,7.1,5.01,Store Delay
O54524,S110,Bangalore,P2286,37.0,37,4.13,3.96,
O54525,S124,Hyderabad,P2069,19.0,20,1.17,0.9,System Issue
O54526,S118,Hyderabad,P2293,27.0,28,3.69,2.93,Weather
O54527,S129,Delhi,P2214,33.0,45,1.04,0.97,Traffic
O54528,S139,Mumbai,P2034,28.0,40,7.32,7.76,Traffic
O54529,S107,Mumbai,P2267,28.0,31,7.65,5.51,Partner Late
O54530,S136,Bangalore,P2058,29.0,30,7.53,7.86,Store Delay
O54531,S132,Delhi,P2245,27.0,34,3.63,2.9,Store Delay
O54532,S119,Mumbai,P2208,27.0,26,2.33,1.64,
O54533,S123,Delhi,P2120,15.0,10,1.07,1.05,
O54534,S126,Delhi,P2195,36.0,28,5.92,5.52,
O54535,S100,Mumbai,P2039,16.0,17,1.33,1.17,Store Delay
O54536,S111,Bangalore,P2100,20.0,27,1.4,1.32,Partner Late
O54537,S131,Delhi,P2014,33.0,36,3.68,3.8,
O54538,S122,Mumbai,P2282,37.0,33,7.0,6.38,
O54539,S102,Delhi,P2192,20.0,26,4.96,4.82,Store Delay
O54540,S135,Bangalore,P2088,27.0,32,7.52,5.95,Store Delay
O54541,S138,Delhi,P2280,24.0,38,1.5,1.5,
O54542,S139,Mumbai,P2064,27.0,24,1.79,1.75,
O54543,S132,Delhi,P2024,38.0,40,2.01,1.41,Store Delay
O54544,S106,Delhi,P2134,16.0,26,4.52,4.53,
O54545,S125,Mumbai,P2099,24.0,36,6.96,6.5,Traffic
O54546,S122,Mumbai,P2055,24.0,30,5.94,5.34,Store Delay
O54547,S122,Mumbai,P2219,33.0,30,4.61,4.8,
O54548,S124,Hyderabad,P2076,29.0,34,3.9,4.15,Traffic
O54549,S102,Delhi,P2061,16.0,16,5.74,4.44,
O54550,S127,Bangalore,P2235,29.0,33,7.52,7.15,Traffic
O54551,S127,Bangalore,P2098,36.0,31,1.47,1.34,
O54552,S114,Mumbai,P2270,32.0,38,7.74,7.91,Traffic
O54553,S111,Bangalore,P2155,37.0,47,6.85,6.84,Traffic
O54554,S129,Delhi,P2175,31.0,35,3.53,3.79,Store Delay
O54555,S103,Bangalore,P2255,35.0,40,2.68,2.93,Store Delay
O54556,S117,Delhi,P2155,18.0,10,4.88,5.1,
O54557,S108,Mumbai,P2229,25.0,27,6.09,6.58,Partner Late
O54558,S109,Delhi,P2287,17.0,16,5.25,4.09,
O54559,S114,Mumbai,P2267,29.0,43,3.04,2.76,Partner Late
O54560,S136,Bangalore,P2179,27.0,25,2.37,1.7,
O54561,S103,Bangalore,P2125,33.0,40,1.19,1.04,Traffic
O54562,S134,Delhi,P2055,26.0,24,6.62,6.55,
O54563,S113,Mumbai,P2289,17.0,19,7.32,6.18,System Issue
O54564,S121,Hyderabad,P2045,27.0,31,2.28,1.88,Traffic
O54565,S113,Mumbai,P2124,35.0,55,3.9,3.92,Traffic
O54566,S127,Bangalore,P2178,25.0,37,2.14,1.73,Traffic
O54567,S119,Mumbai,P2231,24.0,23,3.08,3.18,
O54568,S118,Hyderabad,P2181,21.0,18,7.08,5.5,
O54569,S111,Bangalore,P2013,26.0,25,3.67,4.01,
O54570,S129,Delhi,P2158,23.0,24,3.75,3.11,Traffic
O54571,S116,Mumbai,P2184,18.0,19,1.01,0.9,Store Delay
O54572,S112,Delhi,P2234,32.0,35,2.49,2.02,
O54573,S120,Delhi,P2226,23.0,26,1.4,1.22,Traffic
O54574,S100,Mumbai,P2220,33.0,29,7.89,7.28,
O54575,S114,Mumbai,P2061,23.0,27,3.48,2.77,Store Delay
O54576,S115,Hyderabad,P2037,32.0,42,0.53,0.48,Store Delay
O54577,S120,Delhi,P2108,25.0,35,1.97,1.75,System Issue
O54578,S127,Bangalore,P2070,16.0,30,6.83,5.78,Traffic
O54579,S138,Delhi,P2016,24.0,42,1.42,1.16,Weather
O54580,S118,Hyderabad,P2287,38.0,50,2.12,2.18,System Issue
O54581,S132,Delhi,P2074,30.0,35,2.41,2.17,Store Delay
O54582,S109,Delhi,P2000,20.0,27,0.7,0.54,Partner Late
O54583,S110,Bangalore,P2066,32.0,39,2.41,2.51,System Issue
O54584,S138,Delhi,P2207,24.0,30,1.47,1.09,Traffic
O54585,S110,Bangalore,P2053,20.0,27,1.99,2.19,Partner Late
O54586,S122,Mumbai,P2290,20.0,33,4.35,4.41,Store Delay
O54587,S124,Hyderabad,P2121,23.0,16,4.97,4.56,
O54588,S125,Mumbai,P2098,38.0,37,6.62,6.01,
O54589,S112,Delhi,P2252,25.0,27,6.45,5.22,Partner Late
O54590,S111,Bangalore,P2286,37.0,53,3.59,3.25,Traffic
O54591,S118,Hyderabad,P2183,37.0,57,6.58,6.46,System Issue
O54592,S139,Mumbai,P2165,24.0,31,2.51,1.99,
O54593,S116,Mumbai,P2149,18.0,14,3.23,3.41,
O54594,S115,Hyderabad,P2074,15.0,41,7.02,5.84,Store Delay
O54595,S116,Mumbai,P2161,37.0,45,6.52,5.88,Traffic
O54596,S106,Delhi,P2278,29.0,25,7.15,6.74,
O54597,S101,Bangalore,P2133,27.0,30,1.64,1.47,Store Delay
O54598,S132,Delhi,P2131,39.0,50,2.07,1.56,Traffic
O54599,S133,Delhi,P2068,38.0,47,6.88,7.48,Partner Late
O54600,S109,Delhi,P2005,36.0,54,6.3,5.6,Traffic
O54601,S119,Mumbai,P2222,22.0,34,1.05,0.74,Store Delay
O54602,S132,Delhi,P2011,37.0,60,2.86,2.07,Store Delay
O54603,S105,Delhi,P2017,29.0,47,3.07,2.25,Traffic
O54604,S104,Hyderabad,P2091,29.0,34,2.57,1.8,Partner Late
O54605,S116,Mumbai,P2218,36.0,55,2.68,2.59,Partner Late
O54606,S139,Mumbai,P2287,38.0,35,5.38,5.24,
O54607,S103,Bangalore,P2188,38.0,31,4.86,4.53,
O54608,S104,Hyderabad,P2141,30.0,28,6.71,6.22,
O54609,S134,Delhi,P2282,28.0,27,1.31,1.33,
O54610,S112,Delhi,P2091,35.0,50,6.74,4.77,
O54611,S131,Delhi,P2144,18.0,14,6.57,7.13,
O54612,S131,Delhi,P2077,39.0,52,1.95,1.46,Partner Late
O54613,S113,Mumbai,P2034,21.0,37,7.63,5.9,Traffic
O54614,S114,Mumbai,P2197,17.0,21,6.49,6.06,System Issue
O54615,S109,Delhi,P2155,24.0,16,5.56,4.34,
O54616,S105,Delhi,P2282,22.0,28,1.18,1.1,Weather
O54617,S112,Delhi,P2148,16.0,17,6.07,6.31,Store Delay
O54618,S118,Hyderabad,P2114,30.0,36,3.61,3.36,Partner Late
O54619,S122,Mumbai,P2105,24.0,37,7.76,6.16,Traffic
O54620,S106,Delhi,P2204,35.0,38,0.88,0.72,Traffic
O54621,S128,Bangalore,P2268,34.0,36,0.93,1.01,Traffic
O54622,S131,Delhi,P2275,33.0,36,2.17,2.09,Partner Late
O54623,S109,Delhi,P2085,26.0,28,2.06,1.52,Weather
O54624,S136,Bangalore,P2142,27.0,33,3.83,3.11,Traffic
O54625,S131,Delhi,P2044,22.0,20,5.16,5.52,
O54626,S135,Bangalore,P2137,16.0,12,1.18,0.95,
O54627,S111,Bangalore,P2084,18.0,36,1.04,0.73,Traffic
O54628,S138,Delhi,P2141,26.0,41,4.91,4.84,Traffic
O54629,S113,Mumbai,P2284,26.0,22,2.87,2.01,
O54630,S132,Delhi,P2073,22.0,26,4.47,4.48,Partner Late
O54631,S112,Delhi,P2006,29.0,27,4.78,4.93,
O54632,S111,Bangalore,P2283,21.0,23,6.31,4.9,Store Delay
O54633,S130,Mumbai,P2276,24.0,46,2.82,2.43,Weather
O54634,S135,Bangalore,P2077,28.0,30,6.35,5.81,Store Delay
O54635,S106,Delhi,P2293,18.0,35,6.37,4.77,Store Delay
O54636,S124,Hyderabad,P2263,16.0,21,1.4,1.48,Weather
O54637,S137,Mumbai,P2294,32.0,39,2.25,2.39,Traffic
O54638,S139,Mumbai,P2006,32.0,37,3.06,2.52,Traffic
O54639,S110,Bangalore,P2185,28.0,25,6.94,5.58,
O54640,S125,Mumbai,P2126,32.0,43,4.42,4.13,Traffic
O54641,S100,Mumbai,P2193,24.0,29,1.43,1.54,Weather
O54642,S127,Bangalore,P2236,39.0,51,1.42,1.4,
O54643,S113,Mumbai,P2132,19.0,36,6.45,4.6,Traffic
O54644,S125,Mumbai,P2205,17.0,17,3.03,3.16,
O54645,S119,Mumbai,P2072,28.0,38,7.7,6.58,Store Delay
O54646,S126,Delhi,P2184,19.0,25,7.53,5.52,Store Delay
O54647,S113,Mumbai,P2252,25.0,22,6.18,4.42,
O54648,S100,Mumbai,P2103,27.0,29,7.68,8.3,Store Delay
O54649,S112,Delhi,P2235,37.0,40,7.92,6.07,Store Delay
O54650,S128,Bangalore,P2130,39.0,39,2.51,1.97,
O54651,S129,Delhi,P2299,19.0,14,7.92,7.95,
O54652,S100,Mumbai,P2277,25.0,32,0.54,0.52,Store Delay
O54653,S138,Delhi,P2208,28.0,29,3.37,3.56,Traffic
O54654,S101,Bangalore,P2231,39.0,34,5.67,5.73,
O54655,S106,Delhi,P2055,36.0,34,1.55,1.11,
O54656,S134,Delhi,P2022,35.0,32,4.25,3.93,
O54657,S131,Delhi,P2151,34.0,39,3.85,2.75,Traffic
O54658,S138,Delhi,P2278,17.0,26,4.07,4.3,Store Delay
O54659,S116,Mumbai,P2017,17.0,18,6.77,5.11,Traffic
O54660,S137,Mumbai,P2235,27.0,31,3.8,4.0,Partner Late
O54661,S129,Delhi,P2131,36.0,38,4.28,3.99,System Issue
O54662,S120,Delhi,P2008,34.0,34,1.32,0.95,
O54663,S130,Mumbai,P2090,29.0,54,4.03,2.86,Partner Late
O54664,S136,Bangalore,P2100,16.0,28,1.0,0.98,Traffic
O54665,S112,Delhi,P2127,21.0,27,4.03,3.31,
O54666,S111,Bangalore,P2063,24.0,20,3.08,2.67,
O54667,S114,Mumbai,P2156,24.0,25,2.76,1.94,Store Delay
O54668,S127,Bangalore,P2172,34.0,38,0.86,0.74,Weather
O54669,S114,Mumbai,P2050,33.0,39,6.74,5.81,Traffic
O54670,S121,Hyderabad,P2137,32.0,40,1.05,1.02,Traffic
O54671,S102,Delhi,P2268,16.0,23,3.46,3.03,Store Delay
O54672,S113,Mumbai,P2173,32.0,32,5.41,3.82,
O54673,S112,Delhi,P2095,19.0,15,2.73,2.89,
O54674,S114,Mumbai,P2263,36.0,34,1.86,1.97,
O54675,S121,Hyderabad,P2058,24.0,29,5.76,6.19,Partner Late
O54676,S115,Hyderabad,P2121,15.0,26,1.8,1.78,Traffic
O54677,S105,Delhi,P2134,33.0,46,5.46,5.66,Traffic
O54678,S112,Delhi,P2257,27.0,34,0.76,0.76,Traffic
O54679,S137,Mumbai,P2172,27.0,45,0.95,0.75,Traffic
O54680,S106,Delhi,P2089,31.0,29,4.86,3.6,
O54681,S114,Mumbai,P2244,34.0,57,6.7,5.96,Traffic
O54682,S111,Bangalore,P2033,23.0,35,2.26,1.68,Traffic
O54683,S111,Bangalore,P2121,30.0,43,7.67,5.79,Store Delay
O54684,S127,Bangalore,P2086,24.0,28,7.62,7.91,Traffic
O54685,S102,Delhi,P2142,22.0,21,7.12,6.46,
O54686,S111,Bangalore,P2068,34.0,47,3.66,3.95,Traffic
O54687,S138,Delhi,P2273,34.0,49,5.22,4.12,Store Delay
O54688,S125,Mumbai,P2114,15.0,10,3.27,2.44,
O54689,S114,Mumbai,P2028,16.0,20,3.81,3.45,Weather
O54690,S120,Delhi,P2112,28.0,25,2.69,2.39,
O54691,S107,Mumbai,P2170,22.0,38,7.67,7.81,Store Delay
O54692,S139,Mumbai,P2153,33.0,30,3.11,2.23,
O54693,S124,Hyderabad,P2189,33.0,48,4.13,3.25,Partner Late
O54694,S113,Mumbai,P2264,28.0,35,6.42,4.73,Traffic
O54695,S131,Delhi,P2042,29.0,30,4.91,4.44,Traffic
O54696,S113,Mumbai,P2286,34.0,44,5.2,5.47,Traffic
O54697,S104,Hyderabad,P2224,22.0,19,4.49,3.2,
O54698,S102,Delhi,P2228,21.0,23,2.66,2.16,Traffic
O54699,S128,Bangalore,P2199,27.0,39,1.28,1.31,Traffic
O54700,S115,Hyderabad,P2215,16.0,10,6.74,7.26,
O54701,S131,Delhi,P2274,15.0,22,4.48,4.53,Store Delay
O54702,S112,Delhi,P2263,24.0,13,3.66,2.95,
O54703,S128,Bangalore,P2101,23.0,19,3.18,2.65,
O54704,S104,Hyderabad,P2218,25.0,23,0.61,0.61,
O54705,S132,Delhi,P2282,28.0,23,1.98,2.09,
O54706,S113,Mumbai,P2198,20.0,42,5.06,3.6,Store Delay
O54707,S100,Mumbai,P2147,30.0,36,1.18,1.04,Traffic
O54708,S105,Delhi,P2216,27.0,20,6.22,6.66,
O54709,S132,Delhi,P2044,35.0,41,4.0,3.13,Partner Late
O54710,S123,Delhi,P2011,36.0,44,7.52,6.92,
O54711,S104,Hyderabad,P2132,33.0,33,3.96,3.95,
O54712,S105,Delhi,P2165,15.0,18,1.98,1.92,Partner Late
O54713,S109,Delhi,P2127,26.0,30,2.8,2.33,Traffic
O54714,S105,Delhi,P2207,36.0,37,5.42,5.0,Traffic
O54715,S110,Bangalore,P2228,28.0,29,2.78,2.54,Traffic
O54716,S103,Bangalore,P2014,39.0,36,3.11,3.14,
O54717,S117,Delhi,P2104,27.0,42,4.38,4.68,Traffic
O54718,S115,Hyderabad,P2119,,38,2.87,2.3,Store Delay
O54719,S115,Hyderabad,P2060,34.0,48,5.49,5.49,Partner Late
O54720,S123,Delhi,P2011,32.0,39,5.45,5.9,Partner Late
O54721,S113,Mumbai,P2038,30.0,28,1.64,1.54,
O54722,S108,Mumbai,P2232,17.0,15,6.69,6.88,
O54723,S106,Delhi,P2240,19.0,23,3.55,3.23,Traffic
O54724,S118,Hyderabad,P2030,23.0,23,0.57,0.52,
O54725,S109,Delhi,P2088,33.0,41,2.29,1.64,Store Delay
O54726,S129,Delhi,P2080,18.0,24,5.36,4.97,Weather
O54727,S136,Bangalore,P2054,36.0,39,4.62,4.68,Partner Late
O54728,S104,Hyderabad,P2277,29.0,31,5.77,4.72,Traffic
O54729,S101,Bangalore,P2050,26.0,31,6.51,6.29,Partner Late
O54730,S126,Delhi,P2290,29.0,25,7.1,7.14,
O54731,S115,Hyderabad,P2064,33.0,27,4.9,4.26,
O54732,S133,Delhi,P2209,36.0,44,1.18,1.04,
O54733,S124,Hyderabad,P2144,16.0,10,4.44,4.27,
O54734,S137,Mumbai,P2034,29.0,28,2.32,2.38,
O54735,S133,Delhi,P2117,32.0,58,4.72,4.14,Traffic
O54736,S132,Delhi,P2120,15.0,44,5.74,5.04,
O54737,S110,Bangalore,P2267,38.0,40,7.74,6.0,
O54738,S116,Mumbai,P2233,18.0,14,5.24,4.85,
O54739,S130,Mumbai,P2035,39.0,46,3.69,2.99,Store Delay
O54740,S102,Delhi,P2028,39.0,45,7.85,7.45,Partner Late
O54741,S120,Delhi,P2146,35.0,52,1.84,1.36,Traffic
O54742,S107,Mumbai,P2246,25.0,40,2.96,2.76,
O54743,S104,Hyderabad,P2207,23.0,27,4.76,4.23,Traffic
O54744,S121,Hyderabad,P2140,38.0,46,2.16,2.24,Traffic
O54745,S132,Delhi,P2179,16.0,25,1.47,1.2,Store Delay
O54746,S135,Bangalore,P2173,25.0,39,4.58,3.5,Store Delay
O54747,S111,Bangalore,P2136,31.0,38,1.74,1.27,Traffic
O54748,S137,Mumbai,P2002,31.0,31,1.41,1.47,
O54749,S109,Delhi,P2052,32.0,36,2.13,2.07,Weather
O54750,S107,Mumbai,P2199,24.0,21,4.66,3.75,
O54751,S123,Delhi,P2236,29.0,27,4.21,4.13,
O54752,S115,Hyderabad,P2241,37.0,49,2.42,1.82,Traffic
O54753,S122,Mumbai,P2011,23.0,43,4.31,4.09,Store Delay
O54754,S101,Bangalore,P2263,39.0,46,6.47,6.23,Traffic
O54755,S115,Hyderabad,P2179,32.0,41,4.1,3.68,Store Delay
O54756,S127,Bangalore,P2030,25.0,36,6.83,6.56,Partner Late
O54757,S115,Hyderabad,P2142,15.0,14,3.85,3.94,
O54758,S100,Mumbai,P2168,30.0,29,2.5,2.24,
O54759,S101,Bangalore,P2151,35.0,36,2.45,2.67,Traffic
O54760,S133,Delhi,P2122,15.0,27,3.06,3.05,Store Delay
O54761,S135,Bangalore,P2047,33.0,44,4.0,3.74,Store Delay
O54762,S134,Delhi,P2208,29.0,18,2.03,1.61,
O54763,S118,Hyderabad,P2197,24.0,25,5.53,4.71,Traffic
O54764,S125,Mumbai,P2110,16.0,19,6.66,6.42,Store Delay
O54765,S138,Delhi,P2165,19.0,20,0.82,0.83,Partner Late
O54766,S135,Bangalore,P2036,34.0,47,2.22,1.67,Partner Late
O54767,S112,Delhi,P2220,38.0,32,2.79,2.78,
O54768,S134,Delhi,P2168,21.0,14,7.95,7.67,
O54769,S128,Bangalore,P2190,20.0,21,7.06,6.09,Store Delay
O54770,S139,Mumbai,P2104,15.0,10,2.67,2.74,
O54771,S107,Mumbai,P2043,39.0,30,1.22,0.89,
O54772,S123,Delhi,P2207,37.0,52,1.53,1.18,Partner Late
O54773,S137,Mumbai,P2277,21.0,25,2.79,2.41,Store Delay
O54774,S110,Bangalore,P2015,22.0,26,6.69,5.6,Store Delay
O54775,S115,Hyderabad,P2145,21.0,25,1.84,1.41,Partner Late
O54776,S135,Bangalore,P2104,20.0,26,4.56,3.89,Traffic
O54777,S125,Mumbai,P2211,35.0,40,6.63,4.66,System Issue
O54778,S102,Delhi,P2213,17.0,17,3.72,3.07,
O54779,S139,Mumbai,P2150,18.0,20,3.39,3.49,Store Delay
O54780,S121,Hyderabad,P2039,22.0,28,1.22,0.89,Partner Late
O54781,S127,Bangalore,P2279,15.0,22,4.21,3.17,
O54782,S139,Mumbai,P2256,17.0,26,7.4,5.87,Traffic
O54783,S135,Bangalore,P2018,26.0,22,6.36,4.46,
O54784,S121,Hyderabad,P2190,19.0,15,3.72,2.67,
O54785,S116,Mumbai,P2274,25.0,33,3.77,4.0,Traffic
O54786,S122,Mumbai,P2071,33.0,37,6.64,4.72,Traffic
O54787,S139,Mumbai,P2047,25.0,51,1.57,1.7,Store Delay
O54788,S107,Mumbai,P2249,30.0,29,3.52,3.37,
O54789,S108,Mumbai,P2194,21.0,28,2.32,2.19,System Issue
O54790,S100,Mumbai,P2072,15.0,28,4.48,4.46,Traffic
O54791,S116,Mumbai,P2129,20.0,35,1.9,1.37,Partner Late
O54792,S103,Bangalore,P2215,20.0,25,6.46,6.0,Store Delay
O54793,S131,Delhi,P2023,25.0,27,6.29,5.51,Traffic
O54794,S131,Delhi,P2173,19.0,24,7.04,6.76,Traffic
O54795,S123,Delhi,P2165,24.0,24,3.39,3.03,
O54796,S104,Hyderabad,P2051,38.0,-10,5.36,5.69,Traffic
O54797,S133,Delhi,P2286,19.0,10,3.88,3.26,
O54798,S137,Mumbai,P2270,32.0,30,1.17,0.91,
O54799,S113,Mumbai,P2013,34.0,56,2.13,1.99,Store Delay
O54800,S106,Delhi,P2236,37.0,30,7.61,6.64,
O54801,S138,Delhi,P2192,23.0,38,4.22,3.47,Store Delay
O54802,S112,Delhi,P2274,36.0,39,4.7,4.11,Traffic
O54803,S125,Mumbai,P2036,19.0,26,2.06,2.2,
O54804,S113,Mumbai,P2099,31.0,45,6.25,5.04,Traffic
O54805,S129,Delhi,P2235,29.0,44,3.67,3.16,Weather
O54806,S138,Delhi,P2296,27.0,24,7.84,7.56,
O54807,S136,Bangalore,P2290,22.0,21,4.74,4.99,
O54808,S108,Mumbai,P2212,24.0,26,6.33,6.78,Traffic
O54809,S121,Hyderabad,P2092,18.0,17,6.41,6.41,
O54810,S101,Bangalore,P2087,29.0,-10,3.39,3.61,System Issue
O54811,S121,Hyderabad,P2111,19.0,26,7.66,5.62,Store Delay
O54812,S119,Mumbai,P2032,23.0,28,4.99,4.12,Traffic
O54813,S101,Bangalore,P2028,15.0,16,5.21,4.76,Traffic
O54814,S139,Mumbai,P2216,28.0,30,6.98,5.56,Traffic
O54815,S134,Delhi,P2243,37.0,36,6.89,7.37,
O54816,S123,Delhi,P2012,26.0,34,2.44,2.58,Store Delay
O54817,S124,Hyderabad,P2075,24.0,18,4.82,4.93,
O54818,S108,Mumbai,P2132,28.0,39,4.23,4.0,Store Delay
O54819,S108,Mumbai,P2254,20.0,37,5.06,5.2,Partner Late
O54820,S137,Mumbai,P2164,29.0,31,4.37,4.65,Store Delay
O54821,S125,Mumbai,P2068,36.0,50,5.96,6.0,Partner Late
O54822,S127,Bangalore,P2094,16.0,20,4.46,4.34,Partner Late
O54823,S123,Delhi,P2077,29.0,41,4.44,3.41,System Issue
O54824,S121,Hyderabad,P2148,37.0,38,3.63,2.59,Traffic
O54825,S119,Mumbai,P2131,27.0,38,1.13,1.07,Store Delay
O54826,S135,Bangalore,P2015,27.0,29,7.59,5.65,Traffic
O54827,S123,Delhi,P2129,38.0,29,3.51,2.53,
O54828,S112,Delhi,P2111,29.0,36,2.53,2.5,System Issue
O54829,S110,Bangalore,P2159,24.0,30,0.79,0.71,Partner Late
O54830,S116,Mumbai,P2083,39.0,42,1.08,1.0,Traffic
O54831,S106,Delhi,P2184,35.0,29,1.96,2.04,
O54832,S133,Delhi,P2122,24.0,28,3.29,3.12,Store Delay
O54833,S118,Hyderabad,P2018,24.0,31,3.06,2.8,Weather
O54834,S110,Bangalore,P2128,29.0,33,2.61,2.27,Weather
O54835,S103,Bangalore,P2041,25.0,32,1.53,1.65,Traffic
O54836,S102,Delhi,P2025,32.0,32,6.05,5.16,
O54837,S103,Bangalore,P2098,32.0,30,6.26,6.23,
O54838,S104,Hyderabad,P2258,26.0,33,6.66,5.51,Traffic
O54839,S112,Delhi,P2044,24.0,24,7.63,6.4,
O54840,S110,Bangalore,P2167,35.0,41,7.82,5.93,Traffic
O54841,S107,Mumbai,P2079,37.0,32,0.63,0.58,
O54842,S134,Delhi,P2235,18.0,23,3.35,2.88,Store Delay
O54843,S130,Mumbai,P2242,33.0,34,6.77,6.18,Partner Late
O54844,S126,Delhi,P2170,38.0,38,3.66,3.45,
O54845,S135,Bangalore,P2151,26.0,24,4.61,3.9,
O54846,S113,Mumbai,P2199,18.0,24,6.65,6.04,Traffic
O54847,S115,Hyderabad,P2291,35.0,57,6.12,4.51,Store Delay
O54848,S138,Delhi,P2042,31.0,36,0.68,0.65,
O54849,S100,Mumbai,P2299,25.0,35,4.8,3.74,Traffic
O54850,S102,Delhi,P2060,34.0,46,1.3,1.33,Store Delay
O54851,S139,Mumbai,P2255,22.0,17,5.97,6.23,
O54852,S132,Delhi,P2079,22.0,34,6.39,5.84,System Issue
O54853,S132,Delhi,P2251,24.0,42,0.74,0.76,Traffic
O54854,S117,Delhi,P2206,29.0,35,5.51,3.99,Partner Late
O54855,S109,Delhi,P2044,16.0,19,4.09,4.28,Partner Late
O54856,S109,Delhi,P2196,25.0,33,7.43,5.39,Traffic
O54857,S121,Hyderabad,P2117,15.0,21,1.94,1.5,
O54858,S128,Bangalore,P2207,27.0,29,3.85,3.17,Store Delay
O54859,S104,Hyderabad,P2114,30.0,44,1.91,1.92,Traffic
O54860,S127,Bangalore,P2036,28.0,36,7.1,6.86,Store Delay
O54861,S104,Hyderabad,P2079,28.0,41,3.67,3.02,Store Delay
O54862,S102,Delhi,P2110,21.0,31,3.16,2.58,Traffic
O54863,S126,Delhi,P2205,27.0,36,3.32,2.54,Traffic
O54864,S133,Delhi,P2166,22.0,39,1.05,1.1,Traffic
O54865,S106,Delhi,P2233,31.0,30,7.07,6.85,
O54866,S108,Mumbai,P2278,20.0,39,1.37,1.08,Traffic
O54867,S114,Mumbai,P2025,37.0,49,1.23,0.99,
O54868,S117,Delhi,P2233,25.0,33,6.94,6.4,Store Delay
O54869,S123,Delhi,P2251,36.0,33,5.38,5.25,
O54870,S134,Delhi,P2102,33.0,48,6.13,5.76,Traffic
O54871,S123,Delhi,P2261,36.0,32,7.46,8.05,
O54872,S106,Delhi,P2231,26.0,26,1.85,2.02,
O54873,S115,Hyderabad,P2083,21.0,25,6.05,6.19,Traffic
O54874,S121,Hyderabad,P2255,22.0,33,6.22,6.2,Traffic
O54875,S119,Mumbai,P2179,26.0,45,3.5,3.01,Traffic
O54876,S104,Hyderabad,P2175,17.0,23,2.15,2.28,Store Delay
O54877,S101,Bangalore,P2123,32.0,48,0.62,0.66,Weather
O54878,S106,Delhi,P2120,19.0,36,1.63,1.17,Weather
O54879,S137,Mumbai,P2100,29.0,17,1.46,1.45,
O54880,S118,Hyderabad,P2025,21.0,21,3.92,4.13,
O54881,S137,Mumbai,P2077,21.0,24,3.35,2.6,Store Delay
O54882,S126,Delhi,P2242,19.0,10,5.37,5.87,
O54883,S127,Bangalore,P2133,18.0,11,1.84,1.58,
O54884,S119,Mumbai,P2174,20.0,25,4.36,4.55,Store Delay
O54885,S103,Bangalore,P2176,29.0,27,4.94,3.85,
O54886,S130,Mumbai,P2084,25.0,17,0.99,0.72,
O54887,S108,Mumbai,P2049,19.0,22,6.75,5.56,Traffic
O54888,S102,Delhi,P2292,30.0,41,7.06,7.73,Traffic
O54889,S104,Hyderabad,P2138,32.0,41,6.34,4.73,Partner Late
O54890,S138,Delhi,P2005,26.0,23,6.09,4.93,
O54891,S129,Delhi,P2226,18.0,15,4.93,3.55,
O54892,S106,Delhi,P2281,29.0,33,5.17,5.33,Traffic
O54893,S116,Mumbai,P2111,31.0,28,4.05,4.39,
O54894,S115,Hyderabad,P2226,33.0,38,0.61,0.47,Store Delay
O54895,S118,Hyderabad,P2142,38.0,43,3.21,3.17,
O54896,S114,Mumbai,P2002,24.0,25,3.37,3.14,Store Delay
O54897,S127,Bangalore,P2278,20.0,34,7.14,5.28,
O54898,S136,Bangalore,P2204,29.0,36,7.94,6.13,Traffic
O54899,S108,Mumbai,P2054,17.0,37,1.38,1.43,Store Delay
O54900,S139,Mumbai,P2239,31.0,35,7.02,4.99,Traffic
O54901,S127,Bangalore,P2153,26.0,48,7.5,5.65,Traffic
O54902,S127,Bangalore,P2270,26.0,24,5.81,5.72,
O54903,S100,Mumbai,P2104,30.0,35,1.93,1.78,Traffic
O54904,S121,Hyderabad,P2292,23.0,35,5.3,3.94,Traffic
O54905,S109,Delhi,P2084,31.0,42,1.52,1.42,Store Delay
O54906,S112,Delhi,P2074,29.0,29,7.68,6.42,
O54907,S134,Delhi,P2098,31.0,40,5.51,5.97,Traffic
O54908,S119,Mumbai,P2005,35.0,45,5.53,5.88,Traffic
O54909,S101,Bangalore,P2075,33.0,33,3.21,2.31,
O54910,S111,Bangalore,P2084,38.0,37,7.07,5.92,
O54911,S134,Delhi,P2141,33.0,35,4.97,4.3,Traffic
O54912,S139,Mumbai,P2092,37.0,52,2.61,2.17,Traffic
O54913,S102,Delhi,P2044,35.0,40,0.71,0.58,Store Delay
O54914,S130,Mumbai,P2225,29.0,41,3.26,2.67,Traffic
O54915,S107,Mumbai,P2033,24.0,51,3.87,4.23,Store Delay
O54916,S106,Delhi,P2285,30.0,26,2.62,2.22,
O54917,S127,Bangalore,P2051,39.0,59,3.93,2.89,Store Delay
O54918,S115,Hyderabad,P2217,23.0,16,4.51,4.92,
O54919,S104,Hyderabad,P2263,39.0,35,0.52,0.55,
O54920,S133,Delhi,P2210,32.0,35,6.71,6.23,Store Delay
O54921,S106,Delhi,P2226,26.0,37,1.21,1.0,Store Delay
O54922,S119,Mumbai,P2007,35.0,55,3.94,4.15,Store Delay
O54923,S111,Bangalore,P2280,24.0,26,5.17,5.06,Traffic
O54924,S123,Delhi,P2238,,22,4.32,4.68,Partner Late
O54925,S117,Delhi,P2123,37.0,53,2.99,2.81,
O54926,S114,Mumbai,P2113,23.0,39,7.5,6.39,Partner Late
O54927,S136,Bangalore,P2170,28.0,30,5.63,5.71,Store Delay
O54928,S106,Delhi,P2114,19.0,24,1.95,1.66,Store Delay
O54929,S121,Hyderabad,P2240,25.0,25,2.71,2.06,
O54930,S113,Mumbai,P2124,15.0,12,7.65,7.88,
O54931,S128,Bangalore,P2104,28.0,46,7.17,6.14,
O54932,S106,Delhi,P2277,29.0,51,5.99,5.51,
O54933,S130,Mumbai,P2284,37.0,55,0.55,0.55,Store Delay
O54934,S111,Bangalore,P2036,39.0,34,5.91,4.9,
O54935,S123,Delhi,P2122,23.0,41,5.81,6.25,Store Delay
O54936,S121,Hyderabad,P2244,30.0,24,4.21,3.81,
O54937,S105,Delhi,P2103,27.0,23,3.67,3.97,
O54938,S118,Hyderabad,P2113,35.0,34,1.84,1.43,
O54939,S105,Delhi,P2263,23.0,18,4.71,3.59,
O54940,S102,Delhi,P2051,35.0,29,3.01,2.13,
O54941,S135,Bangalore,P2298,24.0,34,3.3,2.78,Traffic
O54942,S109,Delhi,P2061,17.0,22,0.75,0.57,Partner Late
O54943,S108,Mumbai,P2005,16.0,37,1.8,1.87,Store Delay
O54944,S108,Mumbai,P2074,16.0,19,2.86,2.83,Store Delay
O54945,S101,Bangalore,P2176,19.0,26,6.37,5.61,Traffic
O54946,S131,Delhi,P2138,22.0,36,5.31,4.06,Partner Late
O54947,S118,Hyderabad,P2232,30.0,33,7.83,6.0,Traffic
O54948,S102,Delhi,P2223,25.0,21,6.84,6.01,
O54949,S132,Delhi,P2288,39.0,40,3.17,2.89,Traffic
O54950,S104,Hyderabad,P2288,24.0,26,3.64,3.08,Traffic
O54951,S130,Mumbai,P2078,32.0,34,5.77,5.41,Partner Late
O54952,S136,Bangalore,P2274,22.0,22,1.44,1.11,
O54953,S118,Hyderabad,P2134,39.0,43,0.77,0.66,Weather
O54954,S122,Mumbai,P2064,19.0,25,0.73,0.52,
O54955,S119,Mumbai,P2237,16.0,33,0.7,0.61,
O54956,S102,Delhi,P2073,26.0,40,7.74,6.74,
O54957,S121,Hyderabad,P2042,29.0,31,6.63,4.9,Partner Late
O54958,S101,Bangalore,P2262,21.0,38,6.99,6.92,Partner Late
O54959,S128,Bangalore,P2188,27.0,29,0.51,0.51,Weather
O54960,S112,Delhi,P2074,15.0,24,4.17,3.95,Store Delay
O54961,S115,Hyderabad,P2034,16.0,24,3.04,2.74,Partner Late
O54962,S105,Delhi,P2081,35.0,37,1.83,1.85,Partner Late
O54963,S135,Bangalore,P2226,26.0,19,0.95,0.79,
O54964,S136,Bangalore,P2249,23.0,18,4.35,3.37,
O54965,S102,Delhi,P2023,37.0,44,1.12,0.89,System Issue
O54966,S138,Delhi,P2175,20.0,23,2.38,2.44,Store Delay
O54967,S107,Mumbai,P2256,17.0,24,2.32,2.41,Partner Late
O54968,S111,Bangalore,P2031,39.0,46,5.14,5.51,Traffic
O54969,S100,Mumbai,P2110,37.0,48,5.41,5.28,Traffic
O54970,S137,Mumbai,P2155,16.0,21,4.69,4.75,Store Delay
O54971,S112,Delhi,P2222,35.0,48,5.24,4.13,Partner Late
O54972,S122,Mumbai,P2290,16.0,10,6.11,6.34,
O54973,S120,Delhi,P2189,29.0,51,2.52,2.41,Partner Late
O54974,S121,Hyderabad,P2285,29.0,51,2.93,3.15,Traffic
O54975,S112,Delhi,P2034,29.0,35,2.98,2.13,Partner Late
O54976,S135,Bangalore,P2298,21.0,29,0.7,0.62,Traffic
O54977,S118,Hyderabad,P2076,37.0,67,2.79,2.77,Weather
O54978,S119,Mumbai,P2087,19.0,27,6.76,6.81,Traffic
O54979,S106,Delhi,P2164,33.0,34,7.1,7.32,Partner Late
O54980,S111,Bangalore,P2184,37.0,47,3.35,2.99,Store Delay
O54981,S110,Bangalore,P2124,33.0,36,5.11,3.95,Store Delay
O54982,S115,Hyderabad,P2248,34.0,34,7.06,6.83,
O54983,S124,Hyderabad,P2189,29.0,32,7.1,5.91,Store Delay
O54984,S126,Delhi,P2129,18.0,20,2.14,1.7,
O54985,S100,Mumbai,P2199,39.0,46,2.99,3.12,Store Delay
O54986,S118,Hyderabad,P2002,36.0,30,7.22,6.72,
O54987,S118,Hyderabad,P2225,29.0,38,0.93,0.81,Partner Late
O54988,S131,Delhi,P2191,38.0,45,6.78,7.34,Traffic
O54989,S122,Mumbai,P2092,34.0,31,7.22,7.39,
O54990,S106,Delhi,P2192,35.0,37,1.66,1.48,Store Delay
O54991,S123,Delhi,P2048,37.0,50,7.01,6.54,Partner Late
O54992,S118,Hyderabad,P2184,27.0,29,1.96,1.76,System Issue
O54993,S103,Bangalore,P2232,39.0,46,1.25,1.3,Store Delay
O54994,S119,Mumbai,P2131,29.0,31,0.93,0.75,Store Delay
O54995,S121,Hyderabad,P2046,26.0,41,4.18,4.54,Store Delay
O54996,S113,Mumbai,P2002,39.0,47,0.88,0.8,Traffic
O54997,S104,Hyderabad,P2256,17.0,33,1.87,1.86,Traffic
O54998,S131,Delhi,P2205,32.0,45,0.79,0.62,Store Delay
O54999,S106,Delhi,P2288,39.0,45,2.66,2.6,Partner Late
