order_id,partner_id,base_pay,incentive,earning,late_penalty,complaint_raised,complaint_reason
O50000,P2021,25,20,117.11,0,No,
O50001,P2272,40,20,97.91,0,No,
O50002,P2275,30,0,54.64,20,Yes,Late Delivery
O50003,P2169,25,10,93.56,0,No,
O50004,P2250,30,0,122.36,0,Yes,No Show
O50005,P2275,30,20,58.09,10,No,
O50006,P2244,40,0,63.24,0,No,
O50007,P2155,25,0,68.34,0,No,
O50008,P2052,30,0,59.07,0,Yes,Rude Behavior
O50009,P2250,30,50,135.47,0,Yes,Late Delivery
O50010,P2032,40,10,60.75,0,No,
O50011,P2277,30,0,65.81,20,No,
O50012,P2168,40,0,97.0,0,No,
O50013,P2242,25,10,95.93,0,No,
O50014,P2082,25,0,28.439999999999998,20,Yes,Rude Behavior
O50015,P2064,30,20,123.87,0,No,
O50016,P2153,35,0,104.45,0,No,
O50017,P2288,25,10,80.43,0,No,
O50018,P2287,25,20,71.62,10,No,
O50019,P2013,40,0,120.95,0,No,
O50020,P2159,25,10,64.78,20,No,
O50021,P2013,30,0,40.33,20,No,
O50022,P2010,40,10,63.099999999999994,10,No,
O50023,P2114,35,0,72.29,0,No,
O50024,P2108,30,0,53.36,0,No,
O50025,P2170,40,50,174.33,0,Yes,No Show
O50026,P2023,35,0,50.32,0,Yes,Late Delivery
O50027,P2292,35,10,79.61,20,No,
O50028,P2094,40,0,58.86,0,No,
O50029,P2000,25,0,58.53,10,No,
O50030,P2116,30,10,124.75,10,No,
O50031,P2292,40,10,61.16,0,No,
O50032,P2221,25,10,22.439999999999998,20,No,
O50033,P2005,40,10,119.44,0,No,
O50034,P2003,25,0,119.98,0,No,
O50035,P2006,35,10,72.12,20,Yes,Rude Behavior
O50036,P2121,30,0,58.879999999999995,10,No,
O50037,P2143,25,0,73.42,10,No,
O50038,P2292,35,0,63.78,20,No,
O50039,P2237,40,0,130.83,0,No,
O50040,P2214,40,10,92.52,0,No,
O50041,P2032,40,10,92.26,0,Yes,Late Delivery
O50042,P2213,40,20,85.6,0,Yes,Rude Behavior
O50043,P2086,25,10,70.17,0,No,
O50044,P2140,35,10,65.8,10,Yes,Rude Behavior
O50045,P2042,35,0,61.99,0,No,
O50046,P2154,30,0,123.35,20,No,
O50047,P2153,30,0,65.33,10,Yes,
O50048,P2021,25,0,,10,No,
O50049,P2189,30,50,111.14,0,No,
O50050,P2262,30,0,76.08,0,No,
O50051,P2270,35,20,130.99,0,No,
O50052,P2272,35,50,151.94,0,No,
O50053,P2162,30,50,,0,No,
O50054,P2232,30,0,79.07,0,No,
O50055,P2261,30,0,67.31,10,No,
O50056,P2115,25,20,95.03,0,No,
O50057,P2035,35,0,111.29,0,Yes,Late Delivery
O50058,P2083,25,10,60.510000000000005,20,No,
O50059,P2014,30,10,67.29,0,No,
O50060,P2133,25,10,97.75,0,No,
O50061,P2260,40,0,51.79,0,No,
O50062,P2216,30,20,70.43,10,No,
O50063,P2293,30,0,70.97,10,No,
O50064,P2065,40,0,113.18,10,No,
O50065,P2082,35,10,128.29,0,Yes,Rude Behavior
O50066,P2022,40,0,89.63,0,No,
O50067,P2036,35,0,106.76,0,Yes,Late Delivery
O50068,P2106,35,10,66.58,20,No,
O50069,P2249,30,20,111.12,20,Yes,Wrong Order
O50070,P2167,25,20,74.15,10,No,
O50071,P2268,25,0,81.45,0,No,
O50072,P2060,35,10,110.21,0,Yes,Late Delivery
O50073,P2270,30,10,50.19,0,No,
O50074,P2175,25,20,80.73,10,No,
O50075,P2270,35,20,96.62,0,No,
O50076,P2016,25,10,128.4,0,No,
O50077,P2083,35,20,103.77,0,No,
O50078,P2031,35,0,56.13,0,No,
O50079,P2264,30,10,117.27,0,No,
O50080,P2071,25,0,86.19,0,No,
O50081,P2146,35,50,131.54,0,No,
O50082,P2027,35,0,31.35,10,Yes,Late Delivery
O50083,P2188,30,0,85.86,0,Yes,
O50084,P2164,40,0,94.64,0,No,
O50085,P2100,25,0,27.590000000000003,20,No,
O50086,P2203,40,0,86.48,0,No,
O50087,P2031,30,0,62.11,0,Yes,Rude Behavior
O50088,P2204,40,10,139.92,0,No,
O50089,P2102,25,0,31.51,0,No,
O50090,P2004,40,0,104.61,0,No,
O50091,P2221,30,20,98.21,0,No,
O50092,P2061,30,10,86.99,0,No,
O50093,P2243,35,20,87.34,0,Yes,Wrong Order
O50094,P2111,30,20,92.49,20,No,
O50095,P2104,30,20,80.45,0,Yes,Late Delivery
O50096,P2189,25,0,67.35,0,No,
O50097,P2205,30,20,57.45,0,No,
O50098,P2203,25,0,51.33,0,Yes,No Show
O50099,P2275,30,0,73.96,10,No,
O50100,P2263,40,0,36.59,10,No,
O50101,P2011,40,10,97.41,20,No,
O50102,P2271,40,20,55.269999999999996,20,Yes,No Show
O50103,P2144,30,20,94.65,20,No,
O50104,P2280,40,20,86.18,0,Yes,Rude Behavior
O50105,P2180,40,0,56.43,0,No,
O50106,P2157,40,20,121.42,0,No,
O50107,P2016,35,0,85.05,0,No,
O50108,P2079,40,10,124.46,0,No,
O50109,P2001,30,10,64.24,0,No,
O50110,P2131,30,20,127.46,0,No,
O50111,P2261,30,0,88.79,0,No,
O50112,P2023,35,0,114.09,0,No,
O50113,P2276,25,0,69.47,10,Yes,Rude Behavior
O50114,P2263,25,10,43.07,10,No,
O50115,P2207,30,10,74.58,0,No,
O50116,P2134,40,0,76.65,0,No,
O50117,P2035,30,20,86.28,0,Yes,Late Delivery
O50118,P2290,25,50,96.34,0,No,
O50119,P2224,25,20,75.62,0,No,
O50120,P2067,35,0,96.82,20,No,
O50121,P2180,30,20,108.05,0,No,
O50122,P2235,40,20,122.0,0,No,
O50123,P2133,40,20,49.14,20,Yes,Late Delivery
O50124,P2061,40,0,96.32,10,No,
O50125,P2034,40,20,129.47,0,No,
O50126,P2144,25,0,57.0,0,No,
O50127,P2179,40,10,86.32,0,No,
O50128,P2102,40,10,85.61,0,No,
O50129,P2108,35,10,101.33,20,No,
O50130,P2242,25,20,67.98,0,No,
O50131,P2207,40,0,119.87,10,No,
O50132,P2046,30,50,132.17,0,Yes,Late Delivery
O50133,P2291,35,10,128.88,0,Yes,Wrong Order
O50134,P2260,40,10,65.32,0,No,
O50135,P2135,35,0,76.23,0,No,
O50136,P2172,40,10,103.92,10,No,
O50137,P2070,35,10,100.91,0,No,
O50138,P2012,25,20,126.15,0,No,
O50139,P2015,25,20,101.02,20,Yes,Rude Behavior
O50140,P2064,40,50,147.46,0,No,
O50141,P2119,30,10,109.06,0,No,
O50142,P2142,30,0,34.39,20,Yes,Rude Behavior
O50143,P2071,40,20,119.68,0,No,
O50144,P2216,40,50,98.93,0,No,
O50145,P2024,40,10,112.5,10,No,
O50146,P2196,30,50,104.61,20,No,
O50147,P2105,25,20,64.27,20,Yes,Rude Behavior
O50148,P2075,35,10,84.15,0,No,
O50149,P2156,25,20,85.43,0,No,
O50150,P2236,40,0,53.730000000000004,20,No,
O50151,P2101,25,0,93.31,10,No,
O50152,P2093,35,0,113.08,0,No,
O50153,P2001,35,0,68.67,0,No,
O50154,P2121,30,10,116.33,0,Yes,No Show
O50155,P2127,35,0,102.76,0,Yes,Wrong Order
O50156,P2149,40,20,93.03,20,No,
O50157,P2268,25,10,33.32,20,No,
O50158,P2289,40,0,131.41,0,No,
O50159,P2136,30,0,53.06,0,No,
O50160,P2014,30,0,140.6,0,No,
O50161,P2091,35,10,108.19,10,No,
O50162,P2101,30,0,85.87,20,No,
O50163,P2136,35,10,54.52,0,No,
O50164,P2153,25,0,22.36,20,No,
O50165,P2117,35,20,61.86,0,No,
O50166,P2235,40,0,29.520000000000003,20,No,
O50167,P2177,25,20,63.74,0,No,
O50168,P2043,35,0,115.25,0,No,
O50169,P2140,25,20,58.019999999999996,10,No,
O50170,P2067,30,10,81.05,0,No,
O50171,P2116,25,0,78.68,20,Yes,
O50172,P2030,35,10,63.5,0,No,
O50173,P2075,30,0,97.45,0,No,
O50174,P2110,25,10,64.16,0,No,
O50175,P2193,40,0,61.540000000000006,20,No,
O50176,P2063,35,0,80.33,0,No,
O50177,P2225,35,10,59.53,10,Yes,No Show
O50178,P2219,30,0,80.31,20,Yes,Late Delivery
O50179,P2015,25,0,79.2,20,No,
O50180,P2026,35,20,96.07,10,No,
O50181,P2195,30,0,76.08,0,Yes,Rude Behavior
O50182,P2217,25,0,131.69,0,Yes,Wrong Order
O50183,P2243,40,0,84.97,0,No,
O50184,P2273,35,50,121.16,20,No,
O50185,P2136,35,10,53.47,0,No,
O50186,P2167,25,50,138.52,0,Yes,Wrong Order
O50187,P2087,25,0,71.98,10,No,
O50188,P2077,30,0,68.39,0,No,
O50189,P2116,30,0,60.980000000000004,10,No,
O50190,P2145,25,10,49.35,0,No,
O50191,P2094,40,0,53.87,0,Yes,Rude Behavior
O50192,P2261,35,0,43.83,10,No,
O50193,P2292,25,20,74.81,20,No,
O50194,P2024,35,20,84.56,0,No,
O50195,P2019,40,20,117.05,0,Yes,
O50196,P2262,40,0,105.66,0,No,
O50197,P2069,25,0,37.59,10,No,
O50198,P2071,40,50,90.04,20,Yes,Rude Behavior
O50199,P2189,30,20,115.53,0,No,
O50200,P2218,35,10,116.96,0,No,
O50201,P2028,40,10,55.04,0,Yes,Late Delivery
O50202,P2222,25,10,45.04,0,No,
O50203,P2008,35,0,109.17,0,No,
O50204,P2284,40,10,103.73,20,Yes,No Show
O50205,P2097,35,10,160.19,0,No,
O50206,P2009,30,10,73.98,0,No,
O50207,P2264,35,10,99.5,0,Yes,Late Delivery
O50208,P2077,25,0,48.25,0,No,
O50209,P2060,35,20,101.15,10,No,
O50210,P2008,40,0,95.99,0,No,
O50211,P2147,35,10,97.75,0,Yes,No Show
O50212,P2044,35,0,63.93000000000001,10,No,
O50213,P2037,25,10,49.63,0,No,
O50214,P2141,30,50,99.43,0,No,
O50215,P2072,25,50,99.89,0,No,
O50216,P2214,40,10,70.88,0,Yes,Late Delivery
O50217,P2277,35,0,38.84,10,No,
O50218,P2234,25,50,69.53,20,Yes,Late Delivery
O50219,P2075,35,50,114.1,10,No,
O50220,P2214,40,0,62.120000000000005,20,No,
O50221,P2272,25,10,71.88,20,Yes,
O50222,P2156,40,0,89.61,0,No,
O50223,P2128,40,10,96.72,0,No,
O50224,P2030,25,10,126.04,0,No,
O50225,P2037,40,0,58.05,0,No,
O50226,P2116,35,20,74.01,0,No,
O50227,P2255,35,10,116.99,0,Yes,Rude Behavior
O50228,P2080,35,10,123.52,0,No,
O50229,P2247,35,10,69.23,0,No,
O50230,P2062,25,0,62.16,0,No,
O50231,P2278,25,50,113.08000000000001,20,No,
O50232,P2115,35,50,124.14,0,No,
O50233,P2217,35,0,65.36,10,Yes,
O50234,P2233,40,10,100.45,0,No,
O50235,P2207,35,20,111.38,0,No,
O50236,P2253,25,50,109.71,10,No,
O50237,P2289,25,0,42.64,0,No,
O50238,P2096,40,10,100.33,10,Yes,Late Delivery
O50239,P2057,35,0,46.900000000000006,20,No,
O50240,P2252,40,50,75.16,20,No,
O50241,P2135,30,10,77.01,20,No,
O50242,P2275,40,10,68.44,10,No,
O50243,P2026,25,0,36.08,0,No,
O50244,P2143,30,10,60.27,0,No,
O50245,P2103,25,0,37.52,10,No,
O50246,P2131,40,10,88.83,10,No,
O50247,P2173,35,10,94.92,0,No,
O50248,P2081,25,0,39.2,20,Yes,No Show
O50249,P2117,30,0,28.270000000000003,10,Yes,Rude Behavior
O50250,P2042,35,10,60.239999999999995,20,No,
O50251,P2246,40,20,116.87,0,No,
O50252,P2024,40,0,139.39,0,No,
O50253,P2110,30,0,136.3,0,No,
O50254,P2036,30,10,74.13,0,No,
O50255,P2082,25,0,56.88,0,No,
O50256,P2127,40,10,122.95,0,No,
O50257,P2040,40,20,127.98,0,No,
O50258,P2111,25,0,74.46,0,No,
O50259,P2048,35,0,65.54,0,No,
O50260,P2022,35,0,98.49,0,No,
O50261,P2200,40,10,55.89,10,No,
O50262,P2032,25,10,101.45,0,No,
O50263,P2134,40,0,54.47,20,No,
O50264,P2066,25,10,71.88,0,No,
O50265,P2048,25,50,112.86000000000001,20,No,
O50266,P2005,35,0,72.37,10,Yes,Rude Behavior
O50267,P2271,35,0,114.39,0,No,
O50268,P2272,35,10,62.849999999999994,10,No,
O50269,P2048,25,10,128.32,0,No,
O50270,P2152,25,0,86.52,20,No,
O50271,P2278,25,0,49.31,0,No,
O50272,P2297,35,0,62.629999999999995,20,Yes,Late Delivery
O50273,P2262,35,20,59.81,10,No,
O50274,P2227,30,20,105.07,0,No,
O50275,P2079,35,0,75.67,10,No,
O50276,P2168,35,0,142.69,0,No,
O50277,P2131,25,50,103.9,10,Yes,Late Delivery
O50278,P2174,35,20,152.74,10,No,
O50279,P2187,25,0,67.68,10,No,
O50280,P2046,30,20,54.06,10,No,
O50281,P2130,25,10,90.97,0,No,
O50282,P2240,30,50,87.73,0,Yes,Rude Behavior
O50283,P2210,25,20,33.55,20,No,
O50284,P2181,30,10,62.77,0,No,
O50285,P2103,25,10,54.99,0,No,
O50286,P2038,30,0,50.790000000000006,20,No,
O50287,P2118,25,0,81.99,0,Yes,Wrong Order
O50288,P2083,35,0,140.7,0,No,
O50289,P2272,40,50,184.09,0,No,
O50290,P2044,30,0,68.12,10,No,
O50291,P2034,30,10,56.89,0,No,
O50292,P2128,30,0,129.91,0,No,
O50293,P2096,25,10,44.33,0,No,
O50294,P2262,40,0,43.26,10,Yes,Late Delivery
O50295,P2147,30,0,77.11,0,No,
O50296,P2229,25,20,90.18,0,No,
O50297,P2222,30,10,58.97,0,No,
O50298,P2050,25,0,94.51,0,No,
O50299,P2052,25,0,48.15,0,No,
O50300,P2057,25,10,31.700000000000003,10,No,
O50301,P2108,40,10,84.31,0,No,
O50302,P2234,40,10,146.46,10,No,
O50303,P2004,30,10,104.29,0,No,
O50304,P2046,30,0,104.93,10,No,
O50305,P2044,25,0,47.980000000000004,20,No,
O50306,P2276,30,10,71.88,10,Yes,Rude Behavior
O50307,P2243,40,20,60.19,20,No,
O50308,P2214,25,20,60.790000000000006,10,No,
O50309,P2163,40,10,47.81999999999999,20,Yes,Rude Behavior
O50310,P2000,25,50,74.99,10,No,
O50311,P2238,35,10,42.71,20,No,
O50312,P2094,40,50,94.8,10,No,
O50313,P2031,25,0,83.43,0,No,
O50314,P2270,35,0,91.18,0,No,
O50315,P2017,30,0,67.84,0,No,
O50316,P2228,35,10,72.79,20,No,
O50317,P2132,35,20,123.85,10,No,
O50318,P2078,35,10,81.38,0,No,
O50319,P2205,40,10,108.28,0,No,
O50320,P2153,35,50,106.83,20,No,
O50321,P2197,35,10,102.7,10,No,
O50322,P2074,40,50,169.41,0,No,
O50323,P2274,35,20,63.43,0,No,
O50324,P2074,40,0,79.27,20,No,
O50325,P2153,35,20,74.15,0,Yes,Rude Behavior
O50326,P2209,30,50,150.26,0,No,
O50327,P2146,40,0,26.130000000000003,20,No,
O50328,P2252,25,50,108.72,0,Yes,Rude Behavior
O50329,P2264,40,10,91.24,10,No,
O50330,P2118,25,20,143.66,20,No,
O50331,P2101,35,0,61.9,0,Yes,Late Delivery
O50332,P2281,40,20,169.49,0,No,
O50333,P2268,30,50,75.39,20,No,
O50334,P2067,40,0,55.75,0,Yes,Late Delivery
O50335,P2074,40,10,131.51,0,No,
O50336,P2093,25,20,60.74,0,No,
O50337,P2080,35,0,109.71,10,No,
O50338,P2137,25,10,36.14,20,No,
O50339,P2163,35,0,45.72,0,No,
O50340,P2204,25,10,47.93,10,No,
O50341,P2025,25,0,80.92,0,No,
O50342,P2232,30,10,39.28,10,No,
O50343,P2256,30,10,74.59,20,No,
O50344,P2223,30,0,57.49,0,Yes,Rude Behavior
O50345,P2170,30,0,114.42,0,No,
O50346,P2025,25,0,36.84,10,No,
O50347,P2016,40,0,55.66,0,No,
O50348,P2071,30,0,39.98,0,Yes,No Show
O50349,P2096,35,0,49.92,10,No,
O50350,P2125,35,0,49.02,0,Yes,Late Delivery
O50351,P2065,30,10,85.43,0,No,
O50352,P2001,25,20,92.59,20,No,
O50353,P2298,35,50,95.75,20,No,
O50354,P2099,30,0,42.48,20,No,
O50355,P2138,30,0,107.45,10,No,
O50356,P2044,35,50,150.12,0,No,
O50357,P2180,30,0,38.15,0,No,
O50358,P2129,40,10,145.26,0,No,
O50359,P2138,25,20,72.55,10,No,
O50360,P2118,40,10,121.91,0,No,
O50361,P2019,30,20,71.57,0,No,
O50362,P2293,30,20,90.51,10,No,
O50363,P2094,35,50,93.0,0,No,
O50364,P2022,30,10,95.8,0,No,
O50365,P2239,30,20,154.63,10,No,
O50366,P2001,25,20,63.71,0,No,
O50367,P2161,25,10,79.17,20,No,
O50368,P2216,25,50,113.68,0,No,
O50369,P2114,35,20,159.39,0,No,
O50370,P2154,30,50,92.53,0,Yes,
O50371,P2041,30,0,40.42,0,No,
O50372,P2039,35,0,101.54,10,No,
O50373,P2210,25,0,61.54,0,No,
O50374,P2224,40,0,113.82,0,No,
O50375,P2109,25,20,91.72,10,No,
O50376,P2021,25,20,92.91,20,No,
O50377,P2203,30,50,87.62,0,No,
O50378,P2014,30,0,45.31,0,No,
O50379,P2285,40,0,72.11,10,No,
O50380,P2088,35,20,114.56,0,No,
O50381,P2271,thirty,20,123.06,10,No,
O50382,P2139,25,0,56.17,0,No,
O50383,P2115,35,10,133.38,0,Yes,Rude Behavior
O50384,P2020,30,10,86.85,10,No,
O50385,P2159,thirty,0,50.71,0,No,
O50386,P2273,25,20,106.84,0,No,
O50387,P2126,35,0,28.65,10,No,
O50388,P2082,25,50,138.13,0,No,
O50389,P2012,40,0,56.05,0,No,
O50390,P2089,25,20,140.48,0,Yes,Rude Behavior
O50391,P2083,35,10,91.2,0,No,
O50392,P2116,30,20,,0,No,
O50393,P2145,40,20,114.96,0,No,
O50394,P2019,35,0,102.95,0,No,
O50395,P2275,35,20,127.94,10,No,
O50396,P2075,35,10,58.56,0,No,
O50397,P2256,40,0,74.03,20,No,
O50398,P2062,25,0,41.52,20,No,
O50399,P2237,35,20,66.48,20,Yes,Late Delivery
O50400,P2259,30,10,64.72,0,No,
O50401,P2193,40,0,104.61,0,No,
O50402,P2080,25,20,66.79,0,No,
O50403,P2191,25,0,82.74,0,Yes,Late Delivery
O50404,P2230,40,0,36.08,20,No,
O50405,P2219,35,0,88.94,10,No,
O50406,P2085,40,50,153.33,10,No,
O50407,P2184,40,10,96.33,0,No,
O50408,P2142,35,20,119.78,20,No,
O50409,P2276,25,50,97.24,0,No,
O50410,P2127,35,50,170.28,0,Yes,Late Delivery
O50411,P2047,30,0,88.18,10,Yes,Wrong Order
O50412,P2140,40,10,140.68,0,No,
O50413,P2159,30,10,87.58,20,No,
O50414,P2028,30,10,89.81,0,Yes,Late Delivery
O50415,P2102,40,10,57.1,0,No,
O50416,P2216,35,10,115.35,0,Yes,No Show
O50417,P2093,35,10,108.87,0,No,
O50418,P2232,35,0,21.299999999999997,20,No,
O50419,P2212,35,10,105.88,0,No,
O50420,P2000,35,0,58.06999999999999,10,No,
O50421,P2152,25,0,54.58,0,No,
O50422,P2196,35,10,98.87,10,No,
O50423,P2115,35,20,143.82,0,No,
O50424,P2224,30,0,47.85,10,No,
O50425,P2005,40,0,57.33,10,No,
O50426,P2171,35,10,66.66,10,No,
O50427,P2279,35,20,68.86,0,No,
O50428,P2104,25,0,90.83,0,No,
O50429,P2242,35,10,68.36,0,No,
O50430,P2256,30,0,72.22,0,Yes,
O50431,P2284,40,50,138.22,0,No,
O50432,P2028,25,0,45.15,0,No,
O50433,P2030,40,0,110.94,0,No,
O50434,P2056,25,50,158.76,10,No,
O50435,P2027,35,0,51.45,0,No,
O50436,P2254,40,20,157.5,0,No,
O50437,P2180,40,0,89.62,0,Yes,Late Delivery
O50438,P2271,40,0,77.76,0,No,
O50439,P2165,35,20,97.3,0,Yes,Late Delivery
O50440,P2090,25,50,117.41,0,No,
O50441,P2200,35,20,88.89,0,No,
O50442,P2112,40,0,57.98,0,No,
O50443,P2080,40,50,134.22,20,No,
O50444,P2232,40,50,177.31,0,Yes,Wrong Order
O50445,P2076,35,10,95.72,0,No,
O50446,P2178,30,0,62.27,0,No,
O50447,P2014,25,20,94.56,20,No,
O50448,P2257,30,10,76.26,0,No,
O50449,P2099,25,0,61.34,0,No,
O50450,P2147,40,10,92.0,10,Yes,Wrong Order
O50451,P2128,30,0,49.63,0,No,
O50452,P2230,30,50,86.14,20,No,
O50453,P2123,40,10,69.64,10,No,
O50454,P2225,40,20,126.44,0,No,
O50455,P2187,40,0,53.05,20,No,
O50456,P2218,25,10,48.65,10,Yes,Wrong Order
O50457,P2090,40,10,87.74,20,No,
O50458,P2177,35,20,130.03,0,No,
O50459,P2213,25,20,54.02,0,Yes,No Show
O50460,P2215,40,20,159.03,0,Yes,Rude Behavior
O50461,P2260,30,0,95.83,0,No,
O50462,P2210,40,0,88.7,10,No,
O50463,P2005,40,0,91.98,0,No,
O50464,P2016,25,20,84.97,10,No,
O50465,P2043,thirty,0,88.67,10,No,
O50466,P2209,35,0,37.48,20,No,
O50467,P2137,25,20,89.16,0,No,
O50468,P2088,35,0,62.69,0,No,
O50469,P2090,25,20,29.71,20,Yes,Wrong Order
O50470,P2266,40,10,96.75,20,No,
O50471,P2138,35,20,115.84,0,No,
O50472,P2184,35,0,114.04,0,No,
O50473,P2082,30,0,83.65,0,Yes,Wrong Order
O50474,P2155,40,10,65.51,0,No,
O50475,P2186,40,0,86.27,0,No,
O50476,P2273,35,0,91.16,20,No,
O50477,P2206,35,10,67.65,10,Yes,Wrong Order
O50478,P2186,35,0,62.129999999999995,10,No,
O50479,P2028,40,0,76.0,0,No,
O50480,P2057,25,10,72.94,0,No,
O50481,P2211,30,20,102.26,0,No,
O50482,P2283,25,10,101.58,0,No,
O50483,P2095,35,0,47.49,0,No,
O50484,P2011,35,0,63.83,0,Yes,Late Delivery
O50485,P2265,30,0,110.19,0,No,
O50486,P2159,25,50,103.22,0,No,
O50487,P2071,30,50,108.9,0,Yes,Wrong Order
O50488,P2020,25,10,74.33,0,No,
O50489,P2166,35,0,42.45,0,Yes,Wrong Order
O50490,P2053,25,0,95.05,20,No,
O50491,P2090,25,0,83.64,0,No,
O50492,P2043,30,0,87.29,0,Yes,Rude Behavior
O50493,P2003,35,0,73.29,0,No,
O50494,P2264,25,20,78.76,0,No,
O50495,P2184,40,0,87.89,10,No,
O50496,P2072,25,10,129.98,10,No,
O50497,P2251,25,10,64.15,0,No,
O50498,P2173,25,0,95.86,0,No,
O50499,P2055,25,10,87.82,0,No,
O50500,P2152,25,10,43.45,0,No,
O50501,P2251,25,50,103.07,0,No,
O50502,P2066,40,50,130.91,0,No,
O50503,P2250,40,20,126.37,0,No,
O50504,P2174,40,10,121.11000000000001,10,No,
O50505,P2078,40,0,82.42,0,No,
O50506,P2278,30,0,50.27,10,No,
O50507,P2192,30,50,91.86,0,No,
O50508,P2138,30,20,157.34,0,Yes,Late Delivery
O50509,P2260,40,0,122.38,0,No,
O50510,P2223,25,0,111.63,20,No,
O50511,P2279,30,10,49.56,0,No,
O50512,P2124,25,0,77.48,10,No,
O50513,P2193,25,10,85.76,0,No,
O50514,P2193,40,50,156.41,0,No,
O50515,P2131,40,0,63.3,0,No,
O50516,P2233,25,20,110.25,0,No,
O50517,P2106,35,10,117.35,10,No,
O50518,P2135,25,0,54.91,10,No,
O50519,P2052,25,0,31.79,20,No,
O50520,P2048,30,20,86.81,0,Yes,Rude Behavior
O50521,P2273,40,20,131.05,0,No,
O50522,P2061,40,0,64.09,0,Yes,Late Delivery
O50523,P2106,25,20,55.14,0,Yes,Late Delivery
O50524,P2199,25,10,93.2,0,No,
O50525,P2188,30,10,36.09,10,No,
O50526,P2199,35,0,150.73,0,No,
O50527,P2146,40,0,104.23,0,No,
O50528,P2072,25,10,83.39,0,No,
O50529,P2115,40,50,139.48,10,No,
O50530,P2144,40,0,65.76,20,No,
O50531,P2153,40,50,139.93,0,No,
O50532,P2230,30,10,135.6,20,No,
O50533,P2101,40,10,104.68,0,No,
O50534,P2068,25,10,25.04,20,No,
O50535,P2149,25,0,54.77,0,No,
O50536,P2252,40,10,104.88,0,Yes,Wrong Order
O50537,P2012,35,0,38.24,10,Yes,Rude Behavior
O50538,P2227,40,10,119.59,20,No,
O50539,P2117,35,0,43.09,0,No,
O50540,P2152,30,0,49.86,0,No,
O50541,P2231,25,10,77.74,10,No,
O50542,P2298,35,0,104.31,20,Yes,Rude Behavior
O50543,P2010,30,0,80.95,0,No,
O50544,P2136,25,20,68.47,0,No,
O50545,P2209,40,0,80.26,10,No,
O50546,P2019,40,10,127.35,0,Yes,
O50547,P2119,25,50,126.8,0,No,
O50548,P2189,25,0,34.69,0,No,
O50549,P2240,25,0,40.28,10,No,
O50550,P2020,25,0,26.130000000000003,20,No,
O50551,P2252,35,10,76.59,0,No,
O50552,P2159,30,20,139.67,0,No,
O50553,P2226,30,0,97.4,0,No,
O50554,P2189,30,10,69.24,0,Yes,No Show
O50555,P2130,30,0,139.72,0,No,
O50556,P2001,25,0,81.6,10,No,
O50557,P2144,40,20,120.86000000000001,20,No,
O50558,P2245,40,0,66.73,10,No,
O50559,P2257,35,10,69.21,0,No,
O50560,P2133,25,0,13.54,20,No,
O50561,P2001,40,0,134.19,10,No,
O50562,P2268,30,0,84.14,0,No,
O50563,P2165,40,50,161.71,0,No,
O50564,P2145,40,0,127.25,0,Yes,Late Delivery
O50565,P2119,35,10,64.43,10,No,
O50566,P2173,40,0,47.760000000000005,20,No,
O50567,P2039,40,0,103.33,0,No,
O50568,P2008,30,0,40.11,0,Yes,Late Delivery
O50569,P2001,30,0,63.52,0,No,
O50570,P2201,30,10,48.29,0,No,
O50571,P2146,40,0,60.43000000000001,20,No,
O50572,P2051,25,50,153.83,0,Yes,
O50573,P2004,40,50,144.51,20,No,
O50574,P2114,35,0,96.5,0,Yes,Rude Behavior
O50575,P2093,40,0,78.17,0,No,
O50576,P2279,35,20,94.39,10,No,
O50577,P2136,40,0,93.28,10,No,
O50578,P2201,25,0,54.629999999999995,20,No,
O50579,P2029,40,0,81.22,0,No,
O50580,P2280,30,10,63.74,0,No,
O50581,P2029,40,10,102.1,0,No,
O50582,P2089,35,0,88.52,10,No,
O50583,P2244,35,20,109.65,10,No,
O50584,P2010,25,0,49.26,10,No,
O50585,P2169,40,0,62.31,0,No,
O50586,P2103,30,10,86.09,10,No,
O50587,P2114,40,0,149.05,0,No,
O50588,P2287,35,0,78.89,0,No,
O50589,P2010,40,20,99.41,0,No,
O50590,P2135,30,0,101.11,0,No,
O50591,P2243,40,50,172.53,0,Yes,Rude Behavior
O50592,P2242,25,10,131.84,0,No,
O50593,P2166,40,10,86.8,10,No,
O50594,P2150,40,50,123.63,0,No,
O50595,P2097,40,20,126.76,0,Yes,Wrong Order
O50596,P2217,25,0,61.24,0,No,
O50597,P2292,30,0,24.04,10,No,
O50598,P2065,35,10,70.15,20,No,
O50599,P2256,35,20,67.11,20,No,
O50600,P2010,40,10,127.81,0,No,
O50601,P2189,40,20,87.15,0,No,
O50602,P2144,25,0,63.31999999999999,10,No,
O50603,P2119,30,10,109.37,0,No,
O50604,P2021,35,0,36.37,10,No,
O50605,P2253,40,10,133.0,0,No,
O50606,P2103,40,0,55.61,0,No,
O50607,P2242,35,0,39.02,10,No,
O50608,P2120,30,50,98.05,0,No,
O50609,P2247,25,20,101.33,0,No,
O50610,P2195,25,0,74.54,0,No,
O50611,P2193,40,10,67.65,0,No,
O50612,P2094,25,20,70.79,0,No,
O50613,P2092,35,0,82.93,20,No,
O50614,P2267,30,0,61.11,0,Yes,Rude Behavior
O50615,P2263,35,50,147.74,0,No,
O50616,P2290,35,20,110.06,10,No,
O50617,P2039,25,0,115.81,0,No,
O50618,P2163,40,0,90.73,0,No,
O50619,P2097,30,0,69.24,20,No,
O50620,P2226,40,50,123.13999999999999,10,No,
O50621,P2152,30,50,91.37,0,No,
O50622,P2257,25,0,28.490000000000002,20,No,
O50623,P2204,40,20,111.41,0,Yes,Late Delivery
O50624,P2022,35,0,68.4,0,No,
O50625,P2115,35,0,50.58,10,Yes,Late Delivery
O50626,P2169,35,10,118.88999999999999,10,No,
O50627,P2167,40,10,115.47,0,Yes,Rude Behavior
O50628,P2095,30,10,115.55,0,No,
O50629,P2056,35,20,101.3,0,No,
O50630,P2032,25,0,106.42,20,No,
O50631,P2167,40,10,121.43,0,No,
O50632,P2124,35,0,64.24,0,Yes,Rude Behavior
O50633,P2202,40,10,105.12,0,No,
O50634,P2279,35,0,101.82,0,No,
O50635,P2154,25,10,48.4,0,No,
O50636,P2072,25,0,61.37,0,No,
O50637,P2203,25,20,31.700000000000003,20,No,
O50638,P2106,35,50,163.65,10,No,
O50639,P2024,35,10,60.040000000000006,20,No,
O50640,P2187,40,10,73.37,0,No,
O50641,P2186,35,10,72.0,20,No,
O50642,P2130,25,50,106.64,10,No,
O50643,P2007,30,0,98.49,0,No,
O50644,P2169,30,10,135.31,10,No,
O50645,P2108,35,0,75.77,0,Yes,Wrong Order
O50646,P2293,40,50,134.55,0,No,
O50647,P2234,25,10,114.29,0,No,
O50648,P2054,35,50,157.94,0,No,
O50649,P2256,30,10,57.79,0,No,
O50650,P2214,30,0,53.98,0,No,
O50651,P2021,30,50,135.74,0,No,
O50652,P2221,25,0,65.04,0,No,
O50653,P2242,25,0,91.88,0,No,
O50654,P2039,40,10,77.26,10,Yes,Wrong Order
O50655,P2291,25,10,77.35,0,Yes,Rude Behavior
O50656,P2195,35,10,95.07,20,No,
O50657,P2270,30,0,53.78,0,Yes,Late Delivery
O50658,P2141,30,50,109.25,10,Yes,Late Delivery
O50659,P2272,40,0,54.1,0,No,
O50660,P2003,25,10,118.37,0,No,
O50661,P2228,25,0,78.76,10,No,
O50662,P2129,40,10,95.99,0,No,
O50663,P2288,25,10,52.07,0,No,
O50664,P2061,35,10,56.58,10,No,
O50665,P2096,35,10,106.76,10,Yes,Late Delivery
O50666,P2168,thirty,0,108.71,0,No,
O50667,P2293,25,50,130.09,20,Yes,Late Delivery
O50668,P2162,25,20,60.870000000000005,10,No,
O50669,P2137,25,0,74.77,10,Yes,
O50670,P2241,40,50,86.61,20,No,
O50671,P2020,25,10,120.55,0,Yes,Late Delivery
O50672,P2289,25,10,80.45,0,Yes,
O50673,P2048,35,0,74.25,0,No,
O50674,P2053,25,10,47.97,0,No,
O50675,P2157,35,0,111.37,20,Yes,Rude Behavior
O50676,P2210,25,10,90.46,10,No,
O50677,P2296,35,0,47.16,0,No,
O50678,P2278,40,0,116.6,10,No,
O50679,P2039,25,0,35.57,20,No,
O50680,P2086,25,20,46.41,20,No,
O50681,P2092,35,50,,0,No,
O50682,P2139,40,10,89.55,20,No,
O50683,P2077,35,10,92.0,10,No,
O50684,P2117,35,0,91.84,0,No,
O50685,P2095,40,50,104.85,10,No,
O50686,P2225,35,50,124.68,10,Yes,Wrong Order
O50687,P2257,30,20,70.92,20,No,
O50688,P2116,25,20,133.01,0,No,
O50689,P2245,30,20,128.3,0,No,
O50690,P2007,30,10,67.56,0,No,
O50691,P2075,35,10,126.85,0,No,
O50692,P2012,25,0,48.34,0,Yes,Wrong Order
O50693,P2286,25,10,57.519999999999996,10,No,
O50694,P2003,30,0,50.69,20,No,
O50695,P2170,30,0,48.45,0,Yes,Wrong Order
O50696,P2082,40,10,112.5,0,No,
O50697,P2275,30,10,73.35,10,No,
O50698,P2034,25,20,116.33,0,No,
O50699,P2122,40,0,66.87,0,No,
O50700,P2298,30,20,105.04,0,No,
O50701,P2208,25,10,50.17,10,Yes,Late Delivery
O50702,P2147,35,20,110.71,0,Yes,Late Delivery
O50703,P2206,30,10,88.58,0,Yes,No Show
O50704,P2004,25,20,64.49,0,No,
O50705,P2085,40,10,105.69,0,No,
O50706,P2071,25,10,42.92,10,No,
O50707,P2199,40,0,61.55,0,No,
O50708,P2091,30,10,76.91,10,Yes,Rude Behavior
O50709,P2063,40,0,98.44,0,No,
O50710,P2041,30,50,85.92,0,Yes,Rude Behavior
O50711,P2031,25,0,81.59,0,No,
O50712,P2223,35,10,77.46,10,No,
O50713,P2022,25,0,66.53,10,Yes,Late Delivery
O50714,P2208,25,20,115.47,0,No,
O50715,P2012,35,0,47.14,10,No,
O50716,P2021,35,0,64.36,20,No,
O50717,P2023,30,20,45.69,10,No,
O50718,P2055,30,0,133.12,0,No,
O50719,P2135,35,10,55.91,0,No,
O50720,P2115,35,20,67.85,0,No,
O50721,P2003,30,20,97.45,0,No,
O50722,P2080,25,10,23.619999999999997,20,Yes,Late Delivery
O50723,P2008,35,0,87.99,20,No,
O50724,P2231,35,0,104.75,10,No,
O50725,P2137,40,10,96.5,0,No,
O50726,P2047,30,0,122.75,0,No,
O50727,P2128,25,10,110.11,0,No,
O50728,P2213,40,10,65.69,0,No,
O50729,P2153,25,0,103.14,10,No,
O50730,P2124,30,0,56.27,0,No,
O50731,P2264,35,0,50.28,0,No,
O50732,P2123,35,10,70.64,20,No,
O50733,P2179,30,10,47.45,0,No,
O50734,P2276,40,20,107.01,0,No,
O50735,P2158,35,0,60.05,10,No,
O50736,P2143,40,0,92.42,0,No,
O50737,P2297,35,10,119.81,0,Yes,Late Delivery
O50738,P2015,35,0,59.34,10,Yes,No Show
O50739,P2284,30,20,38.7,20,No,
O50740,P2098,25,10,121.03,10,Yes,Wrong Order
O50741,P2058,25,10,94.71,0,No,
O50742,P2166,40,20,91.47,20,Yes,Late Delivery
O50743,P2143,40,10,64.45,10,No,
O50744,P2281,30,0,78.35,0,No,
O50745,P2058,30,50,111.35,0,No,
O50746,P2275,25,50,101.56,10,No,
O50747,P2259,40,20,132.06,0,No,
O50748,P2250,25,0,40.41,10,No,
O50749,P2064,25,20,122.63,0,Yes,Late Delivery
O50750,P2204,25,20,86.67,0,No,
O50751,P2093,40,10,83.4,0,No,
O50752,P2248,25,0,131.62,0,Yes,Rude Behavior
O50753,P2246,40,20,105.06,10,No,
O50754,P2030,35,0,49.77,10,No,
O50755,P2023,30,0,70.59,10,No,
O50756,P2269,30,0,36.39,0,No,
O50757,P2263,40,0,38.9,20,Yes,Late Delivery
O50758,P2291,25,10,118.78,10,No,
O50759,P2136,40,50,134.4,10,No,
O50760,P2249,40,50,151.33,10,No,
O50761,P2157,30,0,149.21,0,No,
O50762,P2273,30,10,107.47,0,No,
O50763,P2003,40,10,110.63,0,No,
O50764,P2105,25,10,110.43,0,No,
O50765,P2196,25,10,74.03,10,Yes,Late Delivery
O50766,P2258,35,0,61.05,20,No,
O50767,P2288,25,0,98.45,0,No,
O50768,P2128,35,10,92.74,10,No,
O50769,P2171,35,0,100.61,0,No,
O50770,P2120,25,20,120.77,0,No,
O50771,P2280,30,0,119.13,0,No,
O50772,P2133,30,10,50.290000000000006,20,No,
O50773,P2294,30,20,117.83,0,No,
O50774,P2079,30,0,79.42,10,No,
O50775,P2199,30,10,127.44,0,Yes,Wrong Order
O50776,P2116,25,10,94.8,0,No,
O50777,P2053,35,20,121.13,10,No,
O50778,P2051,40,20,104.48,20,No,
O50779,P2068,35,20,96.48,0,No,
O50780,P2290,25,10,107.05,10,Yes,No Show
O50781,P2165,25,10,65.34,0,No,
O50782,P2005,25,10,57.38,0,No,
O50783,P2176,25,0,76.15,0,No,
O50784,P2260,40,0,121.61,0,No,
O50785,P2100,35,20,139.43,0,No,
O50786,P2171,35,50,114.79,0,No,
O50787,P2295,30,20,103.66,0,No,
O50788,P2261,25,0,56.43,0,No,
O50789,P2219,30,20,104.69,0,No,
O50790,P2169,30,20,121.84,10,No,
O50791,P2092,30,0,99.38,0,No,
O50792,P2102,40,0,75.98,0,No,
O50793,P2130,25,50,125.34,0,No,
O50794,P2068,35,50,156.13,0,No,
O50795,P2120,35,0,77.47,0,No,
O50796,P2214,30,0,116.29,0,No,
O50797,P2234,35,0,48.32,0,No,
O50798,P2164,35,50,83.5,20,No,
O50799,P2236,35,0,50.48,0,No,
O50800,P2147,25,20,96.1,0,No,
O50801,P2284,30,20,61.25,20,No,
O50802,P2200,30,0,73.77,0,No,
O50803,P2267,35,0,66.45,0,No,
O50804,P2015,35,10,96.44,0,No,
O50805,P2245,25,10,118.18,0,No,
O50806,P2201,35,10,76.42,10,Yes,Wrong Order
O50807,P2054,30,0,46.78,0,No,
O50808,P2149,35,10,59.959999999999994,20,No,
O50809,P2237,40,10,51.379999999999995,20,No,
O50810,P2174,25,0,37.14,0,No,
O50811,P2107,40,20,74.51,0,No,
O50812,P2225,30,50,140.61,0,No,
O50813,P2295,30,20,94.6,0,No,
O50814,P2211,30,20,122.1,0,No,
O50815,P2158,30,0,44.11,0,Yes,Rude Behavior
O50816,P2165,40,0,28.17,20,Yes,No Show
O50817,P2190,40,0,64.64,10,No,
O50818,P2246,30,0,67.38,20,No,
O50819,P2264,40,20,118.42,0,No,
O50820,P2120,40,10,63.82,0,No,
O50821,P2041,35,10,92.87,20,Yes,Rude Behavior
O50822,P2166,30,20,64.57,0,No,
O50823,P2178,30,0,74.19,0,No,
O50824,P2228,25,20,83.06,0,No,
O50825,P2272,25,20,55.709999999999994,10,No,
O50826,P2018,25,0,68.83,0,Yes,Late Delivery
O50827,P2233,40,50,153.69,0,No,
O50828,P2112,30,0,126.19,0,Yes,Wrong Order
O50829,P2094,35,20,79.23,0,No,
O50830,P2043,30,10,82.58,0,No,
O50831,P2053,40,20,113.05,0,No,
O50832,P2212,25,0,90.3,0,No,
O50833,P2242,35,0,61.64,0,No,
O50834,P2003,35,50,150.83,10,No,
O50835,P2042,30,20,107.3,0,No,
O50836,P2212,30,0,103.57,20,Yes,Late Delivery
O50837,P2286,25,0,119.89,0,Yes,Late Delivery
O50838,P2100,35,10,125.71,0,No,
O50839,P2104,35,10,77.9,0,No,
O50840,P2053,35,0,72.01,10,No,
O50841,P2092,40,10,80.03,0,No,
O50842,P2208,35,10,132.45,0,No,
O50843,P2142,35,0,62.76,0,No,
O50844,P2258,25,20,43.07,10,No,
O50845,P2211,30,20,138.14,10,No,
O50846,P2142,40,20,100.87,0,No,
O50847,P2025,35,0,120.47,0,No,
O50848,P2186,40,10,97.8,0,No,
O50849,P2168,25,10,53.29,0,Yes,Wrong Order
O50850,P2058,25,20,62.41,0,No,
O50851,P2286,30,20,104.44,10,No,
O50852,P2006,30,0,71.75,10,No,
O50853,P2199,30,0,76.52,10,Yes,Late Delivery
O50854,P2000,30,0,37.8,0,No,
O50855,P2299,30,20,63.33,0,No,
O50856,P2290,25,10,46.95,10,No,
O50857,P2233,40,10,102.99,0,No,
O50858,P2231,40,0,91.45,0,Yes,Late Delivery
O50859,P2054,35,0,82.98,0,Yes,Rude Behavior
O50860,P2265,35,0,37.21,10,No,
O50861,P2267,35,50,104.5,10,No,
O50862,P2107,40,0,66.4,0,No,
O50863,P2092,40,10,99.29,0,No,
O50864,P2263,30,50,141.91,0,Yes,Late Delivery
O50865,P2204,40,20,138.04,0,No,
O50866,P2003,40,10,70.12,0,No,
O50867,P2024,40,0,65.22,10,Yes,No Show
O50868,P2259,30,50,168.24,0,Yes,Wrong Order
O50869,P2050,35,0,121.1,0,No,
O50870,P2029,25,10,45.46,0,No,
O50871,P2131,30,0,88.16,0,No,
O50872,P2057,35,0,101.04,10,No,
O50873,P2006,40,10,67.7,0,No,
O50874,P2008,35,50,135.84,10,No,
O50875,P2275,30,20,58.53,0,Yes,Rude Behavior
O50876,P2203,35,0,103.95,10,No,
O50877,P2051,40,10,57.14,10,No,
O50878,P2056,25,0,93.28,0,Yes,Late Delivery
O50879,P2005,40,20,110.66,10,No,
O50880,P2055,30,50,130.89,0,No,
O50881,P2112,25,10,52.29,10,No,
O50882,P2222,40,20,84.98,10,No,
O50883,P2285,35,10,153.98,10,Yes,Rude Behavior
O50884,P2108,30,0,47.34,0,No,
O50885,P2034,25,10,93.84,0,No,
O50886,P2060,40,0,52.53,20,Yes,Rude Behavior
O50887,P2079,25,10,87.25,0,No,
O50888,P2075,25,20,71.29,10,No,
O50889,P2233,30,10,144.82,0,No,
O50890,P2135,25,10,57.11,0,No,
O50891,P2196,40,10,68.79,0,Yes,Late Delivery
O50892,P2156,30,10,72.24,0,No,
O50893,P2139,25,10,61.24,0,No,
O50894,P2023,30,0,65.09,0,No,
O50895,P2222,40,0,59.33,10,Yes,Rude Behavior
O50896,P2150,30,0,44.87,0,No,
O50897,P2270,35,50,142.7,0,No,
O50898,P2176,40,0,83.12,0,No,
O50899,P2203,35,20,90.51,10,No,
O50900,P2081,35,20,88.97,0,No,
O50901,P2051,25,10,61.5,20,No,
O50902,P2299,30,0,116.05,0,No,
O50903,P2252,25,50,140.58,0,No,
O50904,P2003,40,0,94.38,0,Yes,Late Delivery
O50905,P2161,30,10,146.18,0,Yes,Wrong Order
O50906,P2025,25,0,45.93,0,No,
O50907,P2108,25,10,115.94,0,Yes,Wrong Order
O50908,P2095,30,10,52.3,0,No,
O50909,P2170,40,10,83.86,0,No,
O50910,P2274,35,0,105.53,0,No,
O50911,P2200,25,10,60.89,10,No,
O50912,P2265,35,0,44.74,0,No,
O50913,P2178,35,20,132.06,0,No,
O50914,P2082,25,10,141.17,0,No,
O50915,P2174,25,10,83.57,0,No,
O50916,P2116,40,10,61.34,0,No,
O50917,P2241,25,50,100.22,0,No,
O50918,P2144,35,0,104.61,0,No,
O50919,P2218,35,10,93.15,10,No,
O50920,P2254,35,0,37.99,10,No,
O50921,P2190,35,0,104.21,0,No,
O50922,P2255,35,50,213.02,0,No,
O50923,P2181,40,10,66.52,10,Yes,Late Delivery
O50924,P2200,40,0,94.94,0,No,
O50925,P2053,35,10,107.03,0,No,
O50926,P2100,40,0,75.15,0,No,
O50927,P2241,40,50,109.61,10,No,
O50928,P2018,30,20,87.73,0,No,
O50929,P2140,40,0,91.4,0,No,
O50930,P2025,25,0,46.91,0,No,
O50931,P2197,30,0,95.73,0,No,
O50932,P2073,35,50,92.88,0,No,
O50933,P2023,40,10,100.93,0,No,
O50934,P2130,35,0,44.68000000000001,20,No,
O50935,P2249,25,0,78.38,0,No,
O50936,P2280,30,10,82.32,20,No,
O50937,P2118,30,0,67.48,20,No,
O50938,P2012,30,10,78.46,0,No,
O50939,P2028,30,10,85.42,0,No,
O50940,P2231,40,0,75.93,0,No,
O50941,P2031,25,0,51.56,0,No,
O50942,P2033,30,10,102.12,0,No,
O50943,P2099,30,10,140.91,0,No,
O50944,P2123,25,0,73.51,10,Yes,Wrong Order
O50945,P2267,30,50,74.01,10,No,
O50946,P2114,35,10,100.27,0,No,
O50947,P2071,25,20,73.83,0,No,
O50948,P2279,25,50,159.81,0,Yes,No Show
O50949,P2117,40,20,171.29,0,No,
O50950,P2158,35,0,131.92,0,No,
O50951,P2285,35,0,56.81999999999999,20,No,
O50952,P2116,30,20,103.32,0,No,
O50953,P2259,40,20,76.76,0,No,
O50954,P2195,30,50,114.16,0,No,
O50955,P2274,30,50,88.51,0,Yes,Rude Behavior
O50956,P2002,25,10,69.9,10,Yes,Late Delivery
O50957,P2108,35,0,54.89,20,No,
O50958,P2256,35,0,103.88,0,No,
O50959,P2068,35,0,82.79,0,No,
O50960,P2113,40,10,89.77,20,No,
O50961,P2101,40,10,132.28,0,No,
O50962,P2004,35,0,62.78,20,No,
O50963,P2281,30,10,90.6,0,No,
O50964,P2009,30,0,36.25,0,Yes,Late Delivery
O50965,P2063,35,20,171.25,0,No,
O50966,P2012,25,10,87.75,0,No,
O50967,P2227,35,0,60.53,10,Yes,No Show
O50968,P2272,40,0,75.22,0,No,
O50969,P2139,30,0,91.13,0,No,
O50970,P2097,35,0,103.5,0,No,
O50971,P2039,40,0,71.33,0,No,
O50972,P2013,40,10,101.38,0,No,
O50973,P2043,35,20,135.26,0,Yes,Rude Behavior
O50974,P2186,25,10,37.89,10,No,
O50975,P2207,40,0,92.18,10,No,
O50976,P2001,25,0,29.200000000000003,10,No,
O50977,P2027,40,20,123.73,0,Yes,Late Delivery
O50978,P2288,25,0,92.84,0,Yes,No Show
O50979,P2082,25,10,87.11,0,Yes,Late Delivery
O50980,P2048,25,50,126.5,0,No,
O50981,P2054,25,0,92.27,0,Yes,Wrong Order
O50982,P2031,35,0,81.87,0,No,
O50983,P2131,30,0,77.8,0,No,
O50984,P2088,35,0,51.8,0,No,
O50985,P2264,30,20,125.32,20,Yes,
O50986,P2091,30,0,39.84,0,No,
O50987,P2019,35,50,101.96,0,No,
O50988,P2105,40,10,73.14,0,No,
O50989,P2105,25,10,37.77,10,No,
O50990,P2234,40,50,113.02,0,Yes,Late Delivery
O50991,P2243,40,0,65.32,20,Yes,No Show
O50992,P2251,30,20,107.71,0,No,
O50993,P2054,35,10,97.4,0,Yes,Late Delivery
O50994,P2192,40,10,60.42,0,No,
O50995,P2112,40,50,132.31,10,No,
O50996,P2098,40,50,85.65,20,No,
O50997,P2256,35,50,144.73,20,No,
O50998,P2099,30,0,85.69,0,No,
O50999,P2109,35,10,54.56,10,No,
O51000,P2055,35,10,78.1,0,No,
O51001,P2200,35,0,88.8,0,No,
O51002,P2278,30,0,57.43,0,Yes,Wrong Order
O51003,P2204,40,0,84.25,20,No,
O51004,P2287,40,0,45.75,0,No,
O51005,P2195,40,20,132.06,0,No,
O51006,P2218,35,50,104.91,0,No,
O51007,P2020,30,0,66.99,0,No,
O51008,P2050,30,10,80.31,0,No,
O51009,P2204,40,0,91.71,10,No,
O51010,P2238,30,10,85.12,0,No,
O51011,P2043,35,20,167.92,0,No,
O51012,P2273,35,20,86.41,0,No,
O51013,P2016,30,20,69.15,0,No,
O51014,P2058,25,0,79.73,0,No,
O51015,P2075,25,0,18.22,20,No,
O51016,P2294,30,0,116.5,0,Yes,No Show
O51017,P2238,40,20,90.82,10,Yes,Rude Behavior
O51018,P2234,30,10,62.45,0,Yes,Rude Behavior
O51019,P2183,40,20,67.0,0,No,
O51020,P2016,40,20,80.13,0,Yes,Late Delivery
O51021,P2196,35,10,59.7,0,Yes,Wrong Order
O51022,P2184,35,0,73.21,0,Yes,Late Delivery
O51023,P2005,40,20,85.57,10,No,
O51024,P2139,30,0,96.34,0,No,
O51025,P2123,30,0,71.3,10,Yes,Late Delivery
O51026,P2236,25,50,106.99,0,Yes,Rude Behavior
O51027,P2121,25,0,45.72,10,No,
O51028,P2275,40,0,74.2,0,No,
O51029,P2262,35,0,89.71,0,No,
O51030,P2182,25,50,140.02,10,No,
O51031,P2225,25,0,53.44,10,No,
O51032,P2272,35,0,53.2,0,Yes,Wrong Order
O51033,P2111,40,50,110.1,0,No,
O51034,P2004,25,0,53.14,0,No,
O51035,P2126,30,20,62.980000000000004,10,No,
O51036,P2193,25,10,41.7,20,No,
O51037,P2271,40,10,55.81,20,No,
O51038,P2251,40,0,48.42,0,Yes,Late Delivery
O51039,P2069,40,0,100.04,0,No,
O51040,P2041,40,0,124.13,0,Yes,No Show
O51041,P2167,25,0,51.870000000000005,20,No,
O51042,P2073,40,0,51.89,0,No,
O51043,P2289,25,20,76.36,0,No,
O51044,P2053,25,50,104.88,10,No,
O51045,P2080,30,20,65.81,20,No,
O51046,P2125,30,0,99.77,10,No,
O51047,P2198,35,0,94.52,0,No,
O51048,P2132,40,20,93.91,10,No,
O51049,P2018,35,20,107.9,0,No,
O51050,P2204,30,10,121.22,0,No,
O51051,P2005,40,20,113.97,0,No,
O51052,P2039,25,50,159.39,0,No,
O51053,P2152,30,0,89.8,20,No,
O51054,P2240,40,20,148.65,0,Yes,Rude Behavior
O51055,P2084,40,10,69.11,10,No,
O51056,P2237,25,50,141.08,0,No,
O51057,P2231,25,0,57.06999999999999,10,No,
O51058,P2223,30,0,61.620000000000005,10,Yes,Wrong Order
O51059,P2119,35,20,133.22,0,Yes,Late Delivery
O51060,P2120,35,10,100.92,0,No,
O51061,P2190,25,20,69.79,20,No,
O51062,P2229,35,20,84.44,0,No,
O51063,P2235,40,0,92.36,10,No,
O51064,P2186,25,10,73.54,0,No,
O51065,P2065,35,10,151.81,0,No,
O51066,P2277,30,10,104.9,0,No,
O51067,P2117,35,0,87.98,10,No,
O51068,P2019,35,0,91.71,0,No,
O51069,P2155,30,10,54.0,0,No,
O51070,P2091,25,0,81.72,20,No,
O51071,P2072,30,20,100.11,0,No,
O51072,P2100,35,0,54.69,0,Yes,Late Delivery
O51073,P2145,35,20,61.34,20,Yes,Late Delivery
O51074,P2079,25,10,56.18,0,No,
O51075,P2281,25,0,34.74,0,No,
O51076,P2148,35,10,45.26,10,No,
O51077,P2055,40,0,70.55,0,No,
O51078,P2057,25,50,87.21,0,No,
O51079,P2003,35,0,43.88,10,No,
O51080,P2268,35,10,59.56,20,No,
O51081,P2045,25,20,131.54,0,No,
O51082,P2280,35,20,75.24,0,No,
O51083,P2104,25,50,86.9,20,No,
O51084,P2229,40,10,111.56,0,No,
O51085,P2237,35,0,51.82,10,No,
O51086,P2025,40,0,109.96,10,No,
O51087,P2129,40,20,147.24,0,No,
O51088,P2065,35,0,92.69,20,No,
O51089,P2088,30,0,84.61,0,No,
O51090,P2032,35,0,129.86,0,No,
O51091,P2024,40,20,148.41,20,No,
O51092,P2206,35,0,90.49,0,No,
O51093,P2255,35,0,83.32,0,No,
O51094,P2088,40,10,55.489999999999995,20,Yes,Rude Behavior
O51095,P2099,35,10,60.95,20,Yes,Rude Behavior
O51096,P2206,35,50,110.01,0,No,
O51097,P2139,35,10,82.88,0,No,
O51098,P2158,25,0,54.75,0,No,
O51099,P2255,35,10,53.88,0,No,
O51100,P2203,25,20,66.94,0,No,
O51101,P2272,25,0,92.25,0,Yes,Rude Behavior
O51102,P2183,25,10,92.32,0,No,
O51103,P2198,40,0,62.31,0,No,
O51104,P2026,35,20,97.96,20,No,
O51105,P2183,30,10,117.48,10,Yes,Wrong Order
O51106,P2277,25,0,48.66,0,No,
O51107,P2199,30,10,64.22,10,No,
O51108,P2061,30,10,53.94,0,No,
O51109,P2023,25,20,72.25,20,No,
O51110,P2118,30,10,108.96000000000001,20,No,
O51111,P2060,25,20,96.43,10,No,
O51112,P2296,25,0,32.69,0,No,
O51113,P2249,25,0,54.6,0,No,
O51114,P2167,35,10,102.05,10,No,
O51115,P2170,25,0,38.13,0,No,
O51116,P2242,25,0,56.08,10,No,
O51117,P2064,25,20,78.66,10,No,
O51118,P2126,35,20,131.6,0,No,
O51119,P2166,40,0,48.09,0,No,
O51120,P2142,40,0,58.49,0,Yes,Late Delivery
O51121,P2145,30,50,146.89,0,No,
O51122,P2026,25,0,70.16,0,No,
O51123,P2051,25,0,39.93,20,No,
O51124,P2131,35,50,95.03,0,No,
O51125,P2269,35,50,109.32,20,No,
O51126,P2008,40,0,104.43,20,Yes,Late Delivery
O51127,P2025,30,10,130.88,20,No,
O51128,P2263,35,50,118.28,0,No,
O51129,P2206,25,10,65.01,0,Yes,Late Delivery
O51130,P2062,30,0,60.290000000000006,10,No,
O51131,P2213,25,10,48.36,20,No,
O51132,P2222,35,20,84.81,0,No,
O51133,P2080,40,0,84.56,10,No,
O51134,P2034,35,10,124.87,0,No,
O51135,P2242,30,0,129.58,0,No,
O51136,P2157,40,0,57.61,0,No,
O51137,P2290,25,0,32.89,0,No,
O51138,P2031,30,0,16.729999999999997,20,No,
O51139,P2290,40,0,85.74,0,No,
O51140,P2215,30,50,124.29,0,No,
O51141,P2253,25,0,66.03,0,No,
O51142,P2281,30,10,76.5,0,No,
O51143,P2079,35,0,39.22,10,No,
O51144,P2272,35,10,96.36,0,No,
O51145,P2284,25,0,31.07,20,No,
O51146,P2067,35,20,112.48,10,No,
O51147,P2186,30,50,185.2,0,No,
O51148,P2148,40,0,125.22999999999999,10,No,
O51149,P2034,30,0,85.45,0,No,
O51150,P2166,40,50,103.83,0,Yes,Wrong Order
O51151,P2202,35,0,59.44,0,Yes,Rude Behavior
O51152,P2031,25,10,55.22,20,No,
O51153,P2268,25,0,42.42,0,No,
O51154,P2040,35,10,68.6,0,Yes,Rude Behavior
O51155,P2252,40,10,91.94,0,Yes,Late Delivery
O51156,P2175,35,0,62.14,10,No,
O51157,P2124,35,50,143.03,10,No,
O51158,P2107,40,0,58.05,0,No,
O51159,P2232,25,0,91.03,0,No,
O51160,P2199,40,0,58.64,0,No,
O51161,P2172,40,10,91.97,10,No,
O51162,P2206,40,10,52.25,10,No,
O51163,P2108,25,0,95.0,10,No,
O51164,P2295,35,0,40.21,10,No,
O51165,P2160,25,0,85.7,0,No,
O51166,P2270,35,10,99.86,0,No,
O51167,P2204,30,0,94.05,10,No,
O51168,P2200,35,10,137.67,0,No,
O51169,P2019,35,0,71.99,20,No,
O51170,P2077,25,20,63.41,0,No,
O51171,P2056,30,20,101.85,0,No,
O51172,P2017,25,10,44.08,0,No,
O51173,P2085,40,10,58.84,20,No,
O51174,P2146,40,20,160.47,10,No,
O51175,P2174,25,0,100.12,20,No,
O51176,P2155,25,10,37.47,10,No,
O51177,P2195,30,10,108.91,0,No,
O51178,P2286,25,0,73.06,0,No,
O51179,P2007,30,50,120.11000000000001,10,No,
O51180,P2265,40,0,,10,No,
O51181,P2148,25,50,80.86,0,Yes,
O51182,P2001,25,0,75.19,0,No,
O51183,P2204,40,20,108.66,0,No,
O51184,P2075,25,0,106.85,0,No,
O51185,P2267,25,20,122.13,0,Yes,Wrong Order
O51186,P2007,40,10,87.56,0,No,
O51187,P2070,35,10,148.75,0,No,
O51188,P2108,35,10,35.26,20,Yes,Wrong Order
O51189,P2034,35,0,103.51,0,No,
O51190,P2219,35,0,113.16,0,No,
O51191,P2227,35,0,23.65,20,Yes,Wrong Order
O51192,P2197,40,0,79.7,10,No,
O51193,P2095,35,10,64.77,0,No,
O51194,P2135,25,0,41.53,10,No,
O51195,P2070,35,10,57.55,0,No,
O51196,P2130,30,20,38.75,20,No,
O51197,P2191,35,0,,0,No,
O51198,P2116,25,0,93.13,0,No,
O51199,P2140,35,10,70.34,10,Yes,Late Delivery
O51200,P2181,30,20,97.42,0,No,
O51201,P2028,30,20,133.77,0,No,
O51202,P2298,40,0,56.85,0,No,
O51203,P2079,40,10,64.36,20,No,
O51204,P2112,25,10,111.59,0,No,
O51205,P2218,40,20,136.03,20,No,
O51206,P2061,30,20,92.72,10,Yes,Wrong Order
O51207,P2212,40,50,110.94,0,No,
O51208,P2035,40,50,148.31,0,No,
O51209,P2153,25,20,121.34,20,No,
O51210,P2207,40,20,80.35,10,No,
O51211,P2286,35,0,98.84,0,Yes,No Show
O51212,P2026,40,0,62.71,0,No,
O51213,P2202,40,10,75.39,0,No,
O51214,P2106,40,0,112.63999999999999,20,No,
O51215,P2288,25,50,84.74,0,No,
O51216,P2000,25,20,90.41,0,No,
O51217,P2090,30,10,91.21,10,No,
O51218,P2203,25,10,94.03,10,No,
O51219,P2096,35,0,35.97,10,No,
O51220,P2056,35,20,68.55,10,No,
O51221,P2069,25,20,53.370000000000005,20,No,
O51222,P2139,25,20,71.17,0,Yes,Rude Behavior
O51223,P2092,25,0,79.68,0,No,
O51224,P2017,25,20,102.64,0,No,
O51225,P2286,30,10,94.19,0,No,
O51226,P2224,30,0,85.47,20,No,
O51227,P2191,35,50,166.26,0,No,
O51228,P2134,30,0,44.63,0,No,
O51229,P2183,40,0,84.93,0,No,
O51230,P2166,25,0,40.67,0,No,
O51231,P2238,25,50,132.34,20,Yes,Late Delivery
O51232,P2194,30,0,69.63,0,No,
O51233,P2189,40,0,129.93,0,Yes,No Show
O51234,P2013,35,10,105.97,0,No,
O51235,P2178,35,0,31.25,10,No,
O51236,P2236,30,0,92.44,0,No,
O51237,P2174,40,0,34.18,20,No,
O51238,P2131,25,20,102.18,20,No,
O51239,P2243,30,20,135.66,0,No,
O51240,P2184,40,50,81.81,20,No,
O51241,P2026,40,0,113.94,0,No,
O51242,P2089,30,10,89.83,0,Yes,
O51243,P2286,35,20,133.55,0,Yes,Rude Behavior
O51244,P2042,40,0,77.43,0,No,
O51245,P2223,30,10,107.24,0,No,
O51246,P2251,35,20,106.1,0,No,
O51247,P2287,30,0,60.38,0,Yes,Wrong Order
O51248,P2298,30,10,88.07,0,No,
O51249,P2259,40,0,97.69,0,No,
O51250,P2078,35,20,90.76,0,No,
O51251,P2057,40,10,68.86,0,No,
O51252,P2193,40,0,150.65,0,No,
O51253,P2253,25,10,73.22,0,No,
O51254,P2136,35,50,79.38,20,No,
O51255,P2076,35,50,141.03,0,No,
O51256,P2069,40,0,96.15,20,No,
O51257,P2107,40,0,48.26,10,No,
O51258,P2216,25,0,60.33,10,No,
O51259,P2161,30,20,74.91,20,No,
O51260,P2222,40,0,52.45,10,Yes,Late Delivery
O51261,P2274,30,0,39.76,10,No,
O51262,P2083,25,0,34.27,0,No,
O51263,P2008,30,10,113.65,0,No,
O51264,P2270,35,20,89.4,0,No,
O51265,P2258,25,0,27.82,10,No,
O51266,P2095,30,10,47.16,10,Yes,No Show
O51267,P2116,40,50,177.11,0,No,
O51268,P2049,25,20,109.68,0,No,
O51269,P2134,25,10,104.86,0,No,
O51270,P2195,30,0,78.93,0,Yes,Rude Behavior
O51271,P2124,35,0,99.18,10,No,
O51272,P2186,35,10,104.45,10,No,
O51273,P2218,30,0,57.43,0,No,
O51274,P2074,40,0,53.42,0,No,
O51275,P2103,25,10,95.09,0,No,
O51276,P2175,25,0,73.55,0,No,
O51277,P2299,25,20,99.63,0,No,
O51278,P2184,30,10,94.21,10,No,
O51279,P2043,25,0,61.63,0,Yes,Rude Behavior
O51280,P2062,35,10,139.46,0,No,
O51281,P2297,30,20,110.16,0,No,
O51282,P2151,25,50,153.42,0,No,
O51283,P2289,40,10,131.45,0,No,
O51284,P2119,25,0,86.94,0,No,
O51285,P2249,25,0,100.37,0,No,
O51286,P2111,30,10,67.37,0,Yes,Late Delivery
O51287,P2226,40,0,51.74,0,No,
O51288,P2226,25,50,167.75,0,No,
O51289,P2111,40,0,40.68,10,No,
O51290,P2286,25,10,,0,No,
O51291,P2156,30,10,49.21,0,No,
O51292,P2122,30,20,96.58,0,No,
O51293,P2117,35,10,163.92,0,Yes,Wrong Order
O51294,P2276,40,10,61.03,0,No,
O51295,P2263,35,50,168.14,0,No,
O51296,P2136,35,0,64.33,0,No,
O51297,P2051,30,0,53.04,10,No,
O51298,P2133,25,20,115.58,0,No,
O51299,P2285,40,20,115.47,0,Yes,Late Delivery
O51300,P2280,35,0,53.28,0,No,
O51301,P2110,30,20,153.82,0,No,
O51302,P2219,40,0,101.36,0,No,
O51303,P2292,25,10,59.769999999999996,10,No,
O51304,P2102,25,10,107.87,0,No,
O51305,P2110,40,50,129.31,0,Yes,Wrong Order
O51306,P2218,40,0,42.07,20,No,
O51307,P2290,25,50,92.39,10,No,
O51308,P2072,40,10,95.99,20,No,
O51309,P2261,25,10,68.85,10,No,
O51310,P2126,30,10,114.15,0,No,
O51311,P2263,25,10,96.43,20,No,
O51312,P2287,25,20,89.04,0,No,
O51313,P2129,35,0,110.15,0,No,
O51314,P2244,25,0,44.46,0,No,
O51315,P2135,25,0,27.35,20,No,
O51316,P2237,35,50,125.92,0,Yes,Late Delivery
O51317,P2193,40,10,126.59,0,Yes,No Show
O51318,P2216,40,10,62.17,0,No,
O51319,P2155,40,10,117.98,10,No,
O51320,P2157,35,0,105.41,10,No,
O51321,P2174,25,50,71.64,10,No,
O51322,P2296,25,20,99.3,20,No,
O51323,P2247,35,0,51.86,0,No,
O51324,P2185,30,10,81.21,10,Yes,Wrong Order
O51325,P2276,35,0,79.16,0,Yes,Rude Behavior
O51326,P2099,35,0,80.16,0,No,
O51327,P2066,35,0,77.95,0,No,
O51328,P2019,40,10,,20,No,
O51329,P2029,30,0,61.239999999999995,20,Yes,
O51330,P2057,40,20,102.77,0,Yes,Wrong Order
O51331,P2010,35,50,89.23,0,No,
O51332,P2155,30,20,114.1,0,No,
O51333,P2068,35,10,153.88,0,No,
O51334,P2052,35,10,98.43,0,No,
O51335,P2153,25,0,45.65,0,No,
O51336,P2085,30,20,84.43,0,No,
O51337,P2017,40,20,74.63,0,Yes,Late Delivery
O51338,P2278,35,10,74.27,10,No,
O51339,P2257,25,0,27.619999999999997,20,No,
O51340,P2277,40,20,124.64,0,No,
O51341,P2195,30,10,56.22,10,No,
O51342,P2069,30,50,95.75,0,Yes,Rude Behavior
O51343,P2240,30,50,122.21,0,No,
O51344,P2011,25,20,70.07,0,No,
O51345,P2298,30,10,51.63,10,No,
O51346,P2193,30,50,188.16,0,No,
O51347,P2177,25,0,98.81,0,No,
O51348,P2243,35,0,40.42,20,No,
O51349,P2203,40,0,95.86,10,No,
O51350,P2179,40,20,74.82,10,No,
O51351,P2147,25,0,40.17,0,Yes,Rude Behavior
O51352,P2073,30,0,107.69,0,No,
O51353,P2191,30,10,93.43,0,Yes,Late Delivery
O51354,P2113,30,10,103.15,0,No,
O51355,P2135,25,0,74.43,20,No,
O51356,P2214,35,50,114.68,10,No,
O51357,P2011,40,50,92.84,20,No,
O51358,P2055,35,0,88.36,0,Yes,Rude Behavior
O51359,P2020,30,50,123.07,0,Yes,Rude Behavior
O51360,P2004,40,0,118.62,0,No,
O51361,P2074,25,0,46.38,0,No,
O51362,P2194,25,0,104.11,20,No,
O51363,P2129,40,0,85.44,0,No,
O51364,P2214,35,10,45.59,10,No,
O51365,P2257,40,20,98.51,20,No,
O51366,P2058,30,0,112.4,0,No,
O51367,P2252,35,20,73.21,10,No,
O51368,P2160,30,10,80.53,0,No,
O51369,P2247,40,10,111.65,0,No,
O51370,P2271,30,0,51.2,0,No,
O51371,P2197,35,10,82.76,20,No,
O51372,P2233,25,10,119.17,0,No,
O51373,P2014,25,0,81.75,10,Yes,Rude Behavior
O51374,P2251,35,50,141.84,20,No,
O51375,P2236,35,10,108.97,0,No,
O51376,P2184,40,0,101.41,0,No,
O51377,P2261,35,20,115.65,0,No,
O51378,P2041,35,10,93.38,0,No,
O51379,P2242,35,0,145.07,0,Yes,Rude Behavior
O51380,P2226,25,20,83.46,10,No,
O51381,P2233,35,20,69.01,0,No,
O51382,P2260,25,10,47.89,20,No,
O51383,P2224,30,10,69.28,0,No,
O51384,P2255,40,0,128.04,0,No,
O51385,P2187,25,50,148.93,10,Yes,Late Delivery
O51386,P2117,40,0,126.28,0,No,
O51387,P2163,30,50,97.91,0,No,
O51388,P2059,25,50,80.56,0,No,
O51389,P2089,30,0,49.06,10,No,
O51390,P2087,25,0,118.21,0,No,
O51391,P2076,35,0,118.11,0,No,
O51392,P2207,25,50,133.38,10,Yes,Late Delivery
O51393,P2115,25,10,41.79,0,No,
O51394,P2086,35,20,72.4,0,No,
O51395,P2245,35,10,59.93000000000001,20,No,
O51396,P2081,35,0,58.010000000000005,10,Yes,No Show
O51397,P2176,35,20,78.49,20,No,
O51398,P2239,40,0,123.86,0,No,
O51399,P2075,35,0,53.43,10,No,
O51400,P2234,40,10,90.97,0,Yes,Rude Behavior
O51401,P2142,25,0,75.65,0,No,
O51402,P2181,40,10,69.23,10,No,
O51403,P2202,40,20,81.95,10,No,
O51404,P2156,25,0,59.290000000000006,10,No,
O51405,P2167,30,0,66.18,10,Yes,Late Delivery
O51406,P2215,35,50,156.22,20,Yes,Rude Behavior
O51407,P2132,35,50,110.98,0,No,
O51408,P2141,25,20,123.30000000000001,20,No,
O51409,P2236,25,0,92.6,0,No,
O51410,P2224,40,50,146.11,20,No,
O51411,P2006,35,20,103.81,10,Yes,Late Delivery
O51412,P2220,25,10,100.23,0,No,
O51413,P2230,25,20,70.9,10,No,
O51414,P2197,25,20,92.9,20,No,
O51415,P2000,40,0,144.11,0,No,
O51416,P2076,25,0,71.07,0,Yes,Late Delivery
O51417,P2143,40,0,61.03,20,No,
O51418,P2199,30,50,124.68,0,No,
O51419,P2178,40,10,81.22,0,No,
O51420,P2250,30,0,59.16,0,No,
O51421,P2050,35,50,152.85,0,Yes,Rude Behavior
O51422,P2070,30,0,43.6,0,Yes,Wrong Order
O51423,P2095,35,0,25.189999999999998,20,No,
O51424,P2151,30,10,72.4,0,No,
O51425,P2184,25,10,131.31,0,No,
O51426,P2105,35,0,63.38,0,No,
O51427,P2203,25,20,58.5,0,No,
O51428,P2128,30,20,125.43,20,No,
O51429,P2100,40,20,86.52,0,No,
O51430,P2280,25,0,61.57,0,Yes,Late Delivery
O51431,P2251,40,50,131.75,0,No,
O51432,P2032,35,20,132.92,0,Yes,Late Delivery
O51433,P2102,35,50,179.28,0,Yes,Late Delivery
O51434,P2118,35,0,43.0,0,No,
O51435,P2035,25,10,108.75,0,No,
O51436,P2275,40,10,93.96,0,No,
O51437,P2025,25,0,35.35,0,No,
O51438,P2044,30,0,70.06,20,No,
O51439,P2152,30,10,105.63,10,No,
O51440,P2135,40,10,117.44999999999999,20,No,
O51441,P2270,30,0,98.7,0,No,
O51442,P2285,30,0,47.510000000000005,20,No,
O51443,P2162,30,10,36.89,20,No,
O51444,P2206,35,50,98.04,0,No,
O51445,P2252,35,10,76.99,0,No,
O51446,P2075,40,10,168.37,0,No,
O51447,P2205,40,0,56.379999999999995,10,No,
O51448,P2147,40,0,160.58,0,No,
O51449,P2054,25,10,71.99,0,No,
O51450,P2243,25,20,137.05,0,No,
O51451,P2188,35,20,127.07,10,No,
O51452,P2096,40,0,78.65,0,No,
O51453,P2231,25,0,80.73,0,No,
O51454,P2268,40,10,67.07,0,No,
O51455,P2042,25,0,57.22,20,Yes,Late Delivery
O51456,P2209,30,50,162.9,0,No,
O51457,P2217,35,50,133.25,10,No,
O51458,P2131,35,0,115.44,0,No,
O51459,P2298,35,20,134.44,0,No,
O51460,P2221,30,0,63.39,10,Yes,Rude Behavior
O51461,P2197,30,20,81.26,10,No,
O51462,P2077,35,50,122.7,0,No,
O51463,P2102,25,0,71.34,10,Yes,Late Delivery
O51464,P2068,35,0,122.08,0,No,
O51465,P2085,30,10,65.09,20,No,
O51466,P2176,35,0,60.72,0,No,
O51467,P2024,25,10,93.86,10,No,
O51468,P2228,30,0,93.78,0,No,
O51469,P2229,35,10,122.03999999999999,20,Yes,No Show
O51470,P2025,40,0,53.84,0,No,
O51471,P2223,25,20,83.8,0,No,
O51472,P2105,35,0,105.58,0,No,
O51473,P2128,35,10,123.88,0,No,
O51474,P2171,40,0,75.83,20,No,
O51475,P2232,25,10,,20,No,
O51476,P2179,30,20,146.47,0,No,
O51477,P2000,30,0,43.12,0,No,
O51478,P2205,30,20,101.95,10,No,
O51479,P2097,25,0,88.67,0,No,
O51480,P2174,35,0,65.89,10,Yes,Rude Behavior
O51481,P2103,35,50,143.34,0,No,
O51482,P2197,30,0,54.26,0,Yes,Late Delivery
O51483,P2117,25,50,115.89,0,No,
O51484,P2269,40,20,91.61,0,No,
O51485,P2096,25,0,82.32,0,Yes,Late Delivery
O51486,P2146,35,0,86.15,0,No,
O51487,P2099,30,10,132.03,0,No,
O51488,P2041,30,0,113.02,0,No,
O51489,P2147,25,10,55.81999999999999,20,No,
O51490,P2049,40,0,71.85,0,No,
O51491,P2006,25,0,91.06,20,No,
O51492,P2143,35,0,52.05,0,No,
O51493,P2215,35,20,78.96,20,No,
O51494,P2020,35,10,94.01,10,No,
O51495,P2098,35,0,60.67,0,No,
O51496,P2156,40,0,117.41,0,No,
O51497,P2039,30,0,86.19,0,Yes,Late Delivery
O51498,P2027,35,0,32.25,10,No,
O51499,P2055,40,10,72.13,20,No,
O51500,P2188,35,10,88.9,20,No,
O51501,P2013,35,0,54.099999999999994,10,No,
O51502,P2243,25,20,124.22,10,No,
O51503,P2110,40,20,133.69,20,Yes,Wrong Order
O51504,P2132,25,20,58.11,0,No,
O51505,P2150,25,0,91.57,0,No,
O51506,P2058,30,50,125.28,0,No,
O51507,P2147,35,20,97.21,10,No,
O51508,P2214,40,10,69.8,10,No,
O51509,P2224,35,10,74.96,0,No,
O51510,P2204,40,10,108.13,0,No,
O51511,P2054,40,50,133.2,0,Yes,Late Delivery
O51512,P2220,30,20,87.93,10,Yes,Late Delivery
O51513,P2286,25,50,88.35,20,Yes,Rude Behavior
O51514,P2206,35,10,125.32,0,No,
O51515,P2284,30,10,61.07,0,No,
O51516,P2142,25,10,102.16,10,No,
O51517,P2232,30,20,95.24,10,Yes,Late Delivery
O51518,P2105,40,50,123.19,10,No,
O51519,P2026,25,0,80.12,0,No,
O51520,P2099,35,10,52.53,10,No,
O51521,P2159,35,0,106.03,0,No,
O51522,P2076,40,0,103.38,0,Yes,Rude Behavior
O51523,P2121,25,0,78.32,0,Yes,No Show
O51524,P2142,40,10,87.54,0,Yes,Late Delivery
O51525,P2214,25,0,35.01,0,No,
O51526,P2001,35,50,140.76,0,No,
O51527,P2202,25,50,124.99,0,No,
O51528,P2126,40,20,152.45,10,No,
O51529,P2014,40,20,75.93,0,No,
O51530,P2011,30,0,50.44,0,No,
O51531,P2263,35,20,143.59,0,No,
O51532,P2096,30,10,142.63,0,Yes,Late Delivery
O51533,P2058,40,0,40.36,20,No,
O51534,P2242,25,10,71.48,0,No,
O51535,P2260,25,0,40.22,0,No,
O51536,P2224,35,0,72.89,0,No,
O51537,P2071,35,0,103.35,0,No,
O51538,P2263,30,10,53.56,0,Yes,
O51539,P2246,35,10,51.53,0,No,
O51540,P2158,35,10,118.09,0,No,
O51541,P2185,40,50,116.56,0,No,
O51542,P2202,35,0,86.35,0,No,
O51543,P2270,25,0,96.68,0,No,
O51544,P2157,35,0,140.75,0,No,
O51545,P2228,40,0,124.38999999999999,20,No,
O51546,P2228,25,0,79.14,0,No,
O51547,P2124,30,10,68.82,0,No,
O51548,P2187,40,10,65.42,10,No,
O51549,P2061,25,20,141.95,0,No,
O51550,P2280,30,10,82.42,0,No,
O51551,P2269,35,10,85.55,0,No,
O51552,P2091,40,0,97.78,0,No,
O51553,P2047,40,20,127.15,0,No,
O51554,P2091,40,10,86.73,0,No,
O51555,P2292,30,0,87.83,0,No,
O51556,P2258,40,0,104.87,0,No,
O51557,P2224,25,10,85.13,0,No,
O51558,P2104,25,10,91.2,0,No,
O51559,P2077,35,10,102.82,0,No,
O51560,P2236,25,0,111.66,0,No,
O51561,P2019,40,0,137.11,0,No,
O51562,P2097,40,10,140.04,0,No,
O51563,P2233,35,0,126.94999999999999,10,No,
O51564,P2219,40,20,119.43,0,No,
O51565,P2180,25,10,46.9,0,No,
O51566,P2248,35,10,67.93,20,No,
O51567,P2173,25,0,78.61,0,No,
O51568,P2206,35,0,63.760000000000005,20,No,
O51569,P2042,30,10,97.65,0,No,
O51570,P2065,40,10,109.58000000000001,20,No,
O51571,P2225,30,10,80.95,0,No,
O51572,P2206,30,20,76.08,10,Yes,Late Delivery
O51573,P2201,30,0,130.78,10,No,
O51574,P2040,40,20,71.06,10,No,
O51575,P2000,30,10,153.41,0,No,
O51576,P2093,40,10,88.52,0,No,
O51577,P2102,25,0,58.06,0,No,
O51578,P2192,40,10,150.63,0,No,
O51579,P2122,25,0,72.03,0,No,
O51580,P2288,30,0,36.88,0,No,
O51581,P2242,35,10,85.74,0,Yes,No Show
O51582,P2018,35,0,50.19,0,No,
O51583,P2224,35,10,129.98,0,No,
O51584,P2113,40,10,135.57,0,No,
O51585,P2136,30,20,74.69,0,No,
O51586,P2193,25,10,57.42,10,No,
O51587,P2075,35,20,108.94,0,No,
O51588,P2115,35,50,99.75,10,No,
O51589,P2053,40,20,62.39,20,No,
O51590,P2032,25,10,54.92,20,Yes,Wrong Order
O51591,P2027,25,50,111.83,0,No,
O51592,P2091,35,10,63.519999999999996,10,No,
O51593,P2265,40,10,111.94,0,No,
O51594,P2293,40,20,94.98,20,No,
O51595,P2147,40,10,84.91,0,No,
O51596,P2173,35,20,74.12,0,Yes,Wrong Order
O51597,P2000,thirty,0,85.3,10,No,
O51598,P2196,30,20,139.69,0,No,
O51599,P2149,35,20,90.47,0,No,
O51600,P2165,40,0,143.54,10,No,
O51601,P2219,35,20,101.69,10,No,
O51602,P2298,40,20,166.24,0,No,
O51603,P2188,40,0,60.620000000000005,20,No,
O51604,P2193,35,0,117.98,0,Yes,Wrong Order
O51605,P2098,40,10,144.11,0,No,
O51606,P2143,35,0,53.65,0,No,
O51607,P2216,35,10,66.34,0,No,
O51608,P2075,25,10,46.18,0,No,
O51609,P2046,35,10,48.84,10,Yes,Late Delivery
O51610,P2298,35,10,75.21,10,No,
O51611,P2030,35,0,74.23,0,No,
O51612,P2118,30,20,99.59,0,No,
O51613,P2256,35,0,117.94,0,No,
O51614,P2298,35,0,52.22,0,No,
O51615,P2065,40,50,88.39,10,No,
O51616,P2136,35,20,65.38,0,No,
O51617,P2231,30,20,61.959999999999994,10,No,
O51618,P2021,30,20,124.73,0,Yes,Rude Behavior
O51619,P2095,25,0,77.54,0,No,
O51620,P2082,30,20,77.81,0,No,
O51621,P2142,40,20,85.56,0,No,
O51622,P2145,25,10,121.4,0,No,
O51623,P2096,40,10,99.35,0,Yes,Rude Behavior
O51624,P2208,35,0,68.6,0,Yes,Rude Behavior
O51625,P2043,25,10,57.6,0,Yes,Late Delivery
O51626,P2249,30,10,95.45,0,No,
O51627,P2264,25,0,31.77,0,Yes,Late Delivery
O51628,P2186,35,0,139.4,0,No,
O51629,P2106,30,0,128.92,0,No,
O51630,P2243,25,10,56.72,0,No,
O51631,P2128,40,10,120.83,0,No,
O51632,P2100,40,0,46.47,20,No,
O51633,P2272,40,0,117.99,0,No,
O51634,P2263,40,0,70.37,10,No,
O51635,P2240,40,10,37.31,20,No,
O51636,P2048,35,10,106.61,0,No,
O51637,P2023,40,0,35.65,10,No,
O51638,P2240,25,10,112.9,0,No,
O51639,P2090,40,0,97.37,20,No,
O51640,P2050,30,20,97.42,10,No,
O51641,P2084,40,50,106.88,0,Yes,Wrong Order
O51642,P2126,25,10,44.34,0,No,
O51643,P2125,40,50,144.89,0,No,
O51644,P2068,40,10,88.53,20,No,
O51645,P2260,30,10,66.63,0,Yes,Late Delivery
O51646,P2161,25,0,114.82,0,No,
O51647,P2040,25,50,143.27,20,No,
O51648,P2234,30,0,41.38,10,No,
O51649,P2157,40,20,118.43,0,No,
O51650,P2227,35,0,59.84,20,No,
O51651,P2190,30,0,29.810000000000002,10,No,
O51652,P2023,25,10,90.3,10,No,
O51653,P2088,30,10,43.81,10,No,
O51654,P2097,40,0,112.18,20,No,
O51655,P2180,25,0,33.21,0,No,
O51656,P2294,25,0,114.07,0,No,
O51657,P2138,35,0,113.97,0,No,
O51658,P2291,25,20,71.38,0,Yes,Late Delivery
O51659,P2102,35,10,98.65,0,No,
O51660,P2078,40,10,58.49,0,No,
O51661,P2146,25,20,126.5,0,No,
O51662,P2029,40,20,123.49,0,No,
O51663,P2176,30,0,113.96000000000001,20,Yes,No Show
O51664,P2173,30,0,102.13,10,No,
O51665,P2060,40,0,56.05,10,No,
O51666,P2057,30,0,104.09,10,Yes,Wrong Order
O51667,P2057,35,20,85.78,0,No,
O51668,P2077,35,0,52.25,20,No,
O51669,P2077,25,0,33.71,10,No,
O51670,P2178,25,10,68.15,20,No,
O51671,P2193,30,10,108.34,0,No,
O51672,P2070,25,10,78.76,0,No,
O51673,P2164,40,10,135.76,0,Yes,Late Delivery
O51674,P2155,40,50,92.69,10,Yes,Late Delivery
O51675,P2181,35,10,57.87,0,No,
O51676,P2025,40,0,93.15,0,No,
O51677,P2101,25,10,55.13,0,Yes,Wrong Order
O51678,P2246,40,0,97.71,0,No,
O51679,P2193,40,50,127.58000000000001,10,Yes,Late Delivery
O51680,P2144,40,0,94.23,0,No,
O51681,P2180,30,20,81.71,0,Yes,Late Delivery
O51682,P2125,25,10,77.99,0,No,
O51683,P2049,40,20,61.760000000000005,10,No,
O51684,P2285,40,0,50.89,0,No,
O51685,P2207,40,10,76.27,0,No,
O51686,P2029,30,0,76.09,0,No,
O51687,P2101,25,0,93.92,0,No,
O51688,P2225,35,20,108.96,0,No,
O51689,P2224,40,0,101.13,0,No,
O51690,P2229,40,0,88.47,0,No,
O51691,P2211,30,10,47.85,10,No,
O51692,P2217,30,0,39.35,0,No,
O51693,P2251,25,20,102.68,0,No,
O51694,P2035,25,0,37.35,0,No,
O51695,P2040,25,10,95.62,0,No,
O51696,P2048,25,0,95.63,20,Yes,Late Delivery
O51697,P2038,30,10,32.11,20,No,
O51698,P2038,40,10,113.28,0,No,
O51699,P2242,30,20,86.71,0,Yes,No Show
O51700,P2110,35,20,78.75,0,No,
O51701,P2120,25,50,156.26,0,No,
O51702,P2019,35,10,86.19,10,Yes,Late Delivery
O51703,P2051,30,20,119.04,0,No,
O51704,P2150,30,0,100.09,0,No,
O51705,P2279,25,10,97.01,0,No,
O51706,P2042,25,20,131.69,0,No,
O51707,P2216,30,0,15.439999999999998,20,No,
O51708,P2037,40,0,107.47,10,Yes,Late Delivery
O51709,P2186,40,0,51.1,0,Yes,Late Delivery
O51710,P2116,25,0,134.25,0,No,
O51711,P2240,35,0,76.03,20,No,
O51712,P2091,40,0,55.94,20,No,
O51713,P2036,25,0,72.97,10,No,
O51714,P2073,25,10,45.73,0,No,
O51715,P2169,30,0,89.62,0,No,
O51716,P2010,35,0,60.06999999999999,10,Yes,Wrong Order
O51717,P2002,25,50,87.13,0,Yes,
O51718,P2236,40,50,144.37,10,No,
O51719,P2225,25,20,80.02,10,No,
O51720,P2153,35,0,56.08,0,No,
O51721,P2059,25,10,50.08,0,No,
O51722,P2130,35,10,51.46,10,Yes,Late Delivery
O51723,P2133,35,20,99.63,0,No,
O51724,P2077,30,10,124.76,0,No,
O51725,P2269,40,0,95.54,10,No,
O51726,P2159,35,20,107.33,20,Yes,Wrong Order
O51727,P2192,40,0,96.58,0,No,
O51728,P2284,30,10,63.04,0,No,
O51729,P2066,40,0,53.66,20,No,
O51730,P2161,25,10,115.41,0,No,
O51731,P2121,35,0,124.52,0,Yes,Late Delivery
O51732,P2263,30,10,91.45,0,Yes,Late Delivery
O51733,P2073,35,20,156.76,0,No,
O51734,P2203,25,10,84.92,0,Yes,Rude Behavior
O51735,P2006,30,10,114.36000000000001,20,No,
O51736,P2026,35,0,121.5,10,Yes,Late Delivery
O51737,P2218,30,50,86.93,0,No,
O51738,P2224,40,0,91.0,0,No,
O51739,P2276,25,20,81.17,0,Yes,Wrong Order
O51740,P2165,30,0,85.96,0,No,
O51741,P2186,25,0,57.36,10,No,
O51742,P2029,40,20,78.49,10,No,
O51743,P2066,30,20,76.33,0,No,
O51744,P2142,35,0,96.56,0,No,
O51745,P2035,30,50,115.57,10,No,
O51746,P2250,35,20,82.65,0,No,
O51747,P2234,30,0,106.27,10,No,
O51748,P2188,35,0,96.29,10,Yes,Late Delivery
O51749,P2136,35,10,52.8,0,No,
O51750,P2026,30,0,85.39,0,No,
O51751,P2163,40,10,114.39,0,No,
O51752,P2053,40,20,127.88,10,No,
O51753,P2299,30,0,129.2,0,Yes,Rude Behavior
O51754,P2252,40,0,132.82,0,No,
O51755,P2031,40,10,133.16,20,No,
O51756,P2035,35,50,131.02,0,No,
O51757,P2194,30,0,114.84,0,No,
O51758,P2214,40,20,72.3,10,No,
O51759,P2161,30,10,50.84,0,No,
O51760,P2297,30,0,126.82,0,Yes,Late Delivery
O51761,P2004,40,20,117.35,20,No,
O51762,P2143,35,0,66.1,10,No,
O51763,P2215,35,0,119.47,0,No,
O51764,P2228,40,10,54.459999999999994,10,Yes,
O51765,P2129,25,0,23.04,10,No,
O51766,P2060,35,20,103.73,0,No,
O51767,P2118,30,10,123.28,0,No,
O51768,P2012,25,10,93.31,0,No,
O51769,P2205,25,0,53.67,10,No,
O51770,P2191,30,0,80.77,0,Yes,Wrong Order
O51771,P2114,35,0,128.94,0,Yes,Rude Behavior
O51772,P2203,25,10,58.76,0,No,
O51773,P2283,30,0,131.41,0,No,
O51774,P2189,25,0,16.479999999999997,20,No,
O51775,P2028,35,10,58.58,0,No,
O51776,P2267,25,0,61.66,0,No,
O51777,P2114,30,0,37.6,0,No,
O51778,P2109,25,20,63.620000000000005,20,No,
O51779,P2229,25,20,102.45,0,No,
O51780,P2271,40,0,52.28,0,No,
O51781,P2110,30,20,170.49,0,No,
O51782,P2100,40,20,70.36,0,No,
O51783,P2089,25,0,70.79,0,Yes,Late Delivery
O51784,P2123,40,0,54.040000000000006,20,No,
O51785,P2078,25,10,88.63,0,No,
O51786,P2257,35,10,80.51,0,No,
O51787,P2018,35,0,71.14,10,No,
O51788,P2114,40,20,160.04,0,No,
O51789,P2196,25,0,107.24,10,No,
O51790,P2193,40,10,89.65,20,No,
O51791,P2058,40,0,94.6,10,No,
O51792,P2246,25,10,108.18,10,No,
O51793,P2256,25,0,20.990000000000002,20,No,
O51794,P2279,30,0,80.25,0,No,
O51795,P2000,30,50,104.46,0,Yes,Rude Behavior
O51796,P2172,35,0,92.06,10,Yes,Rude Behavior
O51797,P2249,thirty,10,50.99,10,No,
O51798,P2130,35,10,122.89,0,No,
O51799,P2037,25,20,54.0,0,No,
O51800,P2042,25,0,47.67,20,No,
O51801,P2100,40,0,66.97,10,No,
O51802,P2065,30,20,60.519999999999996,10,No,
O51803,P2088,35,10,80.51,0,Yes,Wrong Order
O51804,P2252,35,0,57.18000000000001,20,Yes,No Show
O51805,P2146,35,20,95.14,0,Yes,Late Delivery
O51806,P2093,35,50,165.63,0,No,
O51807,P2276,35,10,56.68,0,No,
O51808,P2148,30,10,113.47,10,No,
O51809,P2080,35,50,131.83,10,No,
O51810,P2010,40,0,119.18,0,No,
O51811,P2287,35,10,45.45,10,Yes,Late Delivery
O51812,P2185,25,0,35.73,0,Yes,Late Delivery
O51813,P2146,25,50,84.54,0,No,
O51814,P2146,30,50,104.3,0,No,
O51815,P2121,30,10,100.38,10,Yes,Late Delivery
O51816,P2215,30,10,68.88,10,Yes,Wrong Order
O51817,P2129,25,50,125.09,10,Yes,Rude Behavior
O51818,P2010,40,50,109.62,20,No,
O51819,P2245,35,0,58.99,0,No,
O51820,P2134,30,50,149.34,10,No,
O51821,P2199,30,0,76.86,0,No,
O51822,P2020,40,0,48.22,20,No,
O51823,P2240,25,0,95.38,0,No,
O51824,P2208,25,0,75.58,0,No,
O51825,P2173,40,0,96.83,10,Yes,Late Delivery
O51826,P2212,40,10,124.68,0,No,
O51827,P2195,30,0,22.979999999999997,20,No,
O51828,P2247,25,0,68.92,0,No,
O51829,P2201,25,20,59.42,10,Yes,Rude Behavior
O51830,P2292,25,10,135.71,0,No,
O51831,P2150,35,20,62.54,0,No,
O51832,P2250,25,0,24.96,10,No,
O51833,P2205,40,20,88.08,10,No,
O51834,P2273,40,0,143.49,0,Yes,Late Delivery
O51835,P2234,35,0,117.36,0,Yes,Rude Behavior
O51836,P2044,30,10,123.94999999999999,10,No,
O51837,P2104,35,50,112.69,20,No,
O51838,P2113,25,10,53.150000000000006,20,No,
O51839,P2205,35,50,121.25999999999999,20,No,
O51840,P2146,40,0,113.05,0,No,
O51841,P2193,35,20,78.46,0,No,
O51842,P2040,40,0,92.94,0,No,
O51843,P2168,35,20,137.68,0,No,
O51844,P2113,35,10,90.72,0,No,
O51845,P2225,35,20,161.86,0,No,
O51846,P2172,35,0,51.95,0,No,
O51847,P2133,30,10,51.42,0,Yes,Wrong Order
O51848,P2123,40,10,140.92,10,No,
O51849,P2268,25,10,72.67,0,No,
O51850,P2035,40,10,100.9,0,No,
O51851,P2177,25,0,72.82,0,No,
O51852,P2069,25,0,57.6,0,No,
O51853,P2073,25,10,82.64,0,No,
O51854,P2158,30,10,103.53,0,No,
O51855,P2083,35,20,119.84,0,No,
O51856,P2282,35,10,69.7,0,Yes,Late Delivery
O51857,P2255,35,0,102.38,0,No,
O51858,P2038,35,10,95.9,10,No,
O51859,P2113,40,10,62.32,0,No,
O51860,P2163,40,10,123.88999999999999,20,No,
O51861,P2160,35,20,72.65,10,No,
O51862,P2073,40,0,91.79,0,Yes,Rude Behavior
O51863,P2215,35,50,166.96,0,No,
O51864,P2200,25,0,62.66,0,No,
O51865,P2143,30,50,100.24,0,No,
O51866,P2083,35,0,36.24,10,No,
O51867,P2290,35,20,120.15,0,No,
O51868,P2265,25,50,117.62,10,No,
O51869,P2211,35,0,52.55,10,No,
O51870,P2193,40,20,110.37,0,No,
O51871,P2173,25,20,110.9,0,No,
O51872,P2161,35,10,132.55,0,No,
O51873,P2024,25,20,96.46,0,No,
O51874,P2167,25,10,76.43,0,No,
O51875,P2213,40,50,97.82,0,No,
O51876,P2036,25,0,101.51,0,Yes,Rude Behavior
O51877,P2045,25,10,71.07,0,No,
O51878,P2071,30,10,76.46,0,Yes,Wrong Order
O51879,P2116,40,0,75.14,0,No,
O51880,P2175,35,0,101.6,20,No,
O51881,P2172,25,10,55.44,0,Yes,
O51882,P2117,35,0,90.53,10,No,
O51883,P2118,40,20,101.7,0,No,
O51884,P2217,30,20,76.47,10,No,
O51885,P2168,30,20,55.98,0,No,
O51886,P2096,25,0,54.82,0,No,
O51887,P2127,25,0,40.27,0,No,
O51888,P2143,40,0,139.77,0,No,
O51889,P2167,40,50,89.25,20,Yes,Late Delivery
O51890,P2217,25,10,101.41,0,Yes,Rude Behavior
O51891,P2239,35,20,79.64,10,No,
O51892,P2148,35,10,87.0,0,No,
O51893,P2107,40,0,101.14,0,No,
O51894,P2108,25,50,126.85,10,No,
O51895,P2289,40,10,82.43,0,Yes,
O51896,P2137,35,0,85.01,20,No,
O51897,P2293,25,10,86.22,20,No,
O51898,P2157,40,20,60.94,20,No,
O51899,P2179,30,10,48.57,0,Yes,Wrong Order
O51900,P2118,35,0,36.53,20,No,
O51901,P2071,30,10,50.68,0,No,
O51902,P2036,35,10,119.09,0,No,
O51903,P2079,40,50,128.5,0,No,
O51904,P2268,40,10,128.65,20,No,
O51905,P2014,40,10,87.2,10,No,
O51906,P2055,25,10,101.09,0,No,
O51907,P2005,40,0,89.41,0,No,
O51908,P2283,35,10,110.16,0,No,
O51909,P2053,40,0,98.28,0,No,
O51910,P2073,40,0,72.59,0,No,
O51911,P2118,30,20,139.52,0,No,
O51912,P2212,35,20,127.75999999999999,10,No,
O51913,P2086,35,20,82.21,0,No,
O51914,P2234,35,10,92.47,20,No,
O51915,P2202,25,10,57.48,0,No,
O51916,P2280,30,0,64.18,0,No,
O51917,P2188,25,0,72.59,0,No,
O51918,P2054,40,0,25.520000000000003,20,No,
O51919,P2176,35,20,61.62,0,No,
O51920,P2076,30,0,42.71,0,No,
O51921,P2015,30,0,98.09,10,No,
O51922,P2061,25,20,72.79,20,No,
O51923,P2288,25,0,38.78,0,No,
O51924,P2083,25,10,94.92,0,No,
O51925,P2222,35,10,108.21,10,No,
O51926,P2164,30,10,50.37,0,Yes,Wrong Order
O51927,P2034,35,0,76.28,0,No,
O51928,P2229,35,0,114.38,0,No,
O51929,P2234,30,10,59.42,0,Yes,Rude Behavior
O51930,P2197,40,0,147.29,0,No,
O51931,P2210,30,0,64.83,20,No,
O51932,P2255,35,0,33.49,10,No,
O51933,P2035,35,0,115.9,20,No,
O51934,P2112,35,10,55.11,0,No,
O51935,P2123,35,10,129.14,10,No,
O51936,P2191,35,50,122.83000000000001,10,Yes,Late Delivery
O51937,P2199,25,20,61.79,0,No,
O51938,P2156,25,0,69.55,20,No,
O51939,P2004,40,10,60.43000000000001,10,Yes,Rude Behavior
O51940,P2146,40,0,41.02,20,No,
O51941,P2007,25,0,99.33,0,No,
O51942,P2265,25,0,100.11,10,Yes,Rude Behavior
O51943,P2244,25,0,67.34,10,Yes,Rude Behavior
O51944,P2079,40,50,121.06,0,No,
O51945,P2034,30,0,65.2,0,No,
O51946,P2068,25,20,75.75,0,No,
O51947,P2158,30,10,77.69,10,No,
O51948,P2000,35,50,152.8,10,No,
O51949,P2020,40,0,120.8,0,No,
O51950,P2287,30,0,64.29,0,No,
O51951,P2123,40,0,71.92,0,Yes,Late Delivery
O51952,P2012,40,0,55.02,0,No,
O51953,P2101,30,50,115.06,0,No,
O51954,P2124,40,10,101.48,0,No,
O51955,P2157,35,50,151.74,10,No,
O51956,P2193,35,10,92.43,10,No,
O51957,P2090,35,20,120.88999999999999,10,No,
O51958,P2002,25,0,88.36,0,No,
O51959,P2173,35,0,50.45,0,No,
O51960,P2166,25,50,169.43,0,No,
O51961,P2219,30,0,71.08,0,No,
O51962,P2198,35,10,131.5,0,Yes,Rude Behavior
O51963,P2295,35,10,78.57,0,No,
O51964,P2110,30,0,73.45,10,No,
O51965,P2211,25,0,84.18,0,Yes,Rude Behavior
O51966,P2137,40,20,157.0,10,Yes,Late Delivery
O51967,P2152,40,10,100.55,10,No,
O51968,P2184,25,10,104.52,0,No,
O51969,P2060,35,10,36.7,20,No,
O51970,P2244,30,10,87.02,0,No,
O51971,P2227,35,20,93.65,0,No,
O51972,P2004,30,0,39.91,0,No,
O51973,P2217,40,50,79.73,20,No,
O51974,P2220,30,0,89.43,0,No,
O51975,P2110,30,10,82.92,0,No,
O51976,P2164,40,20,128.7,0,No,
O51977,P2109,25,0,131.55,0,No,
O51978,P2226,35,10,125.5,0,Yes,Wrong Order
O51979,P2225,35,10,125.14,0,No,
O51980,P2150,35,0,80.84,20,No,
O51981,P2067,30,50,133.67,0,No,
O51982,P2270,40,10,,10,No,
O51983,P2283,30,10,102.37,0,No,
O51984,P2197,30,0,89.59,0,No,
O51985,P2276,30,10,48.96,0,No,
O51986,P2069,30,10,117.56,0,No,
O51987,P2204,40,50,116.45,0,No,
O51988,P2284,40,10,60.92,0,No,
O51989,P2122,40,0,78.67,0,No,
O51990,P2280,40,50,93.78,20,No,
O51991,P2176,40,20,,10,No,
O51992,P2237,40,0,56.2,0,No,
O51993,P2091,30,0,76.07,0,No,
O51994,P2278,40,10,110.75,10,Yes,Wrong Order
O51995,P2152,40,0,66.66,0,Yes,No Show
O51996,P2250,35,20,66.26,0,No,
O51997,P2043,30,0,72.61,0,No,
O51998,P2178,35,0,45.84,10,No,
O51999,P2058,35,10,112.87,0,No,
O52000,P2039,40,10,85.61,0,No,
O52001,P2192,35,10,80.73,10,Yes,No Show
O52002,P2298,25,0,95.93,0,No,
O52003,P2251,30,20,124.38,10,No,
O52004,P2148,30,0,104.44,0,No,
O52005,P2147,30,20,132.42,10,No,
O52006,P2263,40,0,85.19,20,No,
O52007,P2231,25,10,68.67,0,Yes,Rude Behavior
O52008,P2221,30,10,108.4,0,No,
O52009,P2081,40,10,105.86,10,No,
O52010,P2258,35,20,77.44,10,No,
O52011,P2241,35,0,43.17,10,No,
O52012,P2128,25,20,69.2,0,No,
O52013,P2223,40,20,99.2,0,Yes,Late Delivery
O52014,P2116,40,0,47.37,10,No,
O52015,P2251,40,0,119.24,0,No,
O52016,P2027,35,10,132.07,20,No,
O52017,P2106,30,10,76.3,20,Yes,Late Delivery
O52018,P2281,35,0,106.33,10,No,
O52019,P2257,25,20,108.06,10,No,
O52020,P2091,30,20,106.87,0,No,
O52021,P2127,40,50,139.6,0,Yes,Rude Behavior
O52022,P2133,30,10,117.48,0,No,
O52023,P2290,40,20,89.72,0,No,
O52024,P2077,30,0,67.08,10,No,
O52025,P2128,25,0,135.65,0,Yes,Rude Behavior
O52026,P2298,25,20,124.37,10,No,
O52027,P2055,35,0,107.6,20,No,
O52028,P2099,40,10,82.64,0,No,
O52029,P2061,30,0,43.15,0,No,
O52030,P2281,40,20,105.23,0,No,
O52031,P2229,25,50,113.55,0,No,
O52032,P2277,30,20,38.16,20,No,
O52033,P2007,25,20,77.36,0,Yes,Late Delivery
O52034,P2077,25,20,122.16,0,No,
O52035,P2192,35,0,131.14,0,No,
O52036,P2094,40,0,93.32,20,No,
O52037,P2057,30,20,120.89,0,No,
O52038,P2266,25,0,58.13,0,Yes,Wrong Order
O52039,P2065,25,10,106.98,20,No,
O52040,P2292,30,20,87.64,0,No,
O52041,P2117,40,0,73.68,0,No,
O52042,P2177,30,10,88.9,0,No,
O52043,P2151,30,0,133.56,0,No,
O52044,P2256,30,20,143.91,10,No,
O52045,P2020,25,20,129.28,0,No,
O52046,P2193,30,20,88.46,0,No,
O52047,P2108,25,0,71.76,10,No,
O52048,P2006,25,0,83.42,0,No,
O52049,P2110,30,10,89.94,0,Yes,Late Delivery
O52050,P2295,35,10,55.53,0,No,
O52051,P2213,30,50,113.89,10,No,
O52052,P2107,25,20,96.13,20,Yes,Rude Behavior
O52053,P2240,35,20,103.43,0,No,
O52054,P2270,25,20,54.56,0,No,
O52055,P2009,35,0,46.54,0,No,
O52056,P2111,30,10,90.04,0,No,
O52057,P2011,30,10,73.33,0,Yes,Late Delivery
O52058,P2252,35,0,110.04,0,No,
O52059,P2266,40,0,127.82,10,No,
O52060,P2253,30,10,104.27,0,No,
O52061,P2164,25,50,120.21,0,Yes,
O52062,P2209,35,10,89.94,10,No,
O52063,P2065,30,20,42.03,20,No,
O52064,P2001,35,10,97.16,0,Yes,Late Delivery
O52065,P2192,40,0,80.82,20,No,
O52066,P2165,25,20,58.5,0,Yes,Rude Behavior
O52067,P2297,40,20,127.93,0,No,
O52068,P2062,35,10,141.97,0,No,
O52069,P2064,30,10,75.88,0,No,
O52070,P2061,25,10,84.17,0,No,
O52071,P2247,35,0,40.59,0,No,
O52072,P2215,30,10,79.42,10,No,
O52073,P2010,25,10,84.12,0,No,
O52074,P2102,25,10,71.72,0,No,
O52075,P2144,35,10,115.04,0,No,
O52076,P2255,30,50,104.6,0,No,
O52077,P2231,25,10,56.61,0,No,
O52078,P2118,35,20,64.17,10,No,
O52079,P2239,40,0,49.72,0,No,
O52080,P2148,30,10,73.02,20,No,
O52081,P2129,40,20,105.17,0,No,
O52082,P2270,40,20,101.11,10,No,
O52083,P2279,35,0,74.66,0,No,
O52084,P2009,40,0,109.44999999999999,20,No,
O52085,P2092,25,10,89.53,0,Yes,Late Delivery
O52086,P2118,35,0,106.29,0,Yes,Rude Behavior
O52087,P2085,40,0,84.19,0,No,
O52088,P2258,35,20,64.44,0,No,
O52089,P2226,30,10,109.69,0,No,
O52090,P2052,30,10,92.87,0,No,
O52091,P2032,35,0,60.75,10,No,
O52092,P2123,30,50,133.56,0,No,
O52093,P2250,25,0,72.92,10,No,
O52094,P2038,30,0,70.76,0,Yes,No Show
O52095,P2150,40,50,120.61,0,No,
O52096,P2207,25,20,98.93,20,No,
O52097,P2017,30,10,126.05000000000001,10,No,
O52098,P2175,35,10,101.91,0,No,
O52099,P2213,35,10,88.1,0,No,
O52100,P2201,30,10,55.709999999999994,10,No,
O52101,P2207,35,0,85.86,0,Yes,Wrong Order
O52102,P2249,40,10,66.09,0,No,
O52103,P2071,35,0,99.64,20,Yes,Rude Behavior
O52104,P2283,35,0,28.89,20,No,
O52105,P2170,25,10,38.55,10,No,
O52106,P2169,25,0,71.05,20,No,
O52107,P2284,40,0,65.77,0,No,
O52108,P2141,25,10,87.86,10,No,
O52109,P2162,25,10,86.75,0,No,
O52110,P2184,35,0,96.12,0,Yes,Wrong Order
O52111,P2147,30,10,74.31,20,Yes,No Show
O52112,P2082,25,10,78.02,0,No,
O52113,P2171,30,50,103.2,20,No,
O52114,P2124,30,20,97.86,0,No,
O52115,P2040,40,10,120.75,0,Yes,Late Delivery
O52116,P2171,30,0,68.74,0,Yes,Rude Behavior
O52117,P2174,30,0,77.61,0,Yes,Late Delivery
O52118,P2187,30,10,121.53,0,No,
O52119,P2016,25,50,90.0,10,No,
O52120,P2037,30,50,99.94,0,No,
O52121,P2126,40,20,122.92,0,No,
O52122,P2183,35,10,143.7,0,No,
O52123,P2126,30,0,32.29,20,No,
O52124,P2257,40,0,93.84,0,No,
O52125,P2033,35,50,149.75,0,Yes,Late Delivery
O52126,P2008,40,10,157.65,0,No,
O52127,P2166,35,0,60.5,0,No,
O52128,P2244,35,20,101.55,0,No,
O52129,P2034,25,10,93.92,0,Yes,Late Delivery
O52130,P2247,40,20,137.2,0,No,
O52131,P2094,30,0,35.84,20,No,
O52132,P2028,25,10,49.6,10,No,
O52133,P2078,40,50,115.59,0,No,
O52134,P2002,35,10,63.74,0,No,
O52135,P2231,35,10,82.9,10,No,
O52136,P2046,40,50,141.56,0,No,
O52137,P2273,30,0,28.009999999999998,10,No,
O52138,P2067,40,0,67.19,10,No,
O52139,P2257,30,0,39.56,0,No,
O52140,P2139,25,10,42.05,0,No,
O52141,P2233,25,0,22.689999999999998,10,No,
O52142,P2228,35,20,107.39,10,No,
O52143,P2073,25,0,103.33,10,No,
O52144,P2079,40,20,72.69,10,No,
O52145,P2290,25,0,87.02,0,No,
O52146,P2274,35,0,119.93,0,Yes,Late Delivery
O52147,P2002,40,20,106.26,0,No,
O52148,P2022,35,0,68.51,0,Yes,Wrong Order
O52149,P2144,30,50,147.23,0,No,
O52150,P2207,30,10,76.96,0,No,
O52151,P2028,25,0,40.34,10,No,
O52152,P2251,40,20,95.35,0,No,
O52153,P2117,25,0,126.32,0,No,
O52154,P2256,40,50,110.3,10,No,
O52155,P2192,30,0,65.57,0,No,
O52156,P2065,35,50,162.06,0,No,
O52157,P2186,40,20,70.98,0,No,
O52158,P2080,35,10,127.24,0,No,
O52159,P2227,40,0,110.22,10,No,
O52160,P2186,30,20,114.54,10,Yes,Wrong Order
O52161,P2105,30,0,65.19,0,No,
O52162,P2049,25,10,52.92,10,No,
O52163,P2063,30,20,149.7,0,No,
O52164,P2165,40,0,88.65,0,No,
O52165,P2215,25,10,110.78999999999999,20,No,
O52166,P2237,25,0,60.61,0,No,
O52167,P2050,30,20,59.98,0,No,
O52168,P2085,35,20,71.35,0,No,
O52169,P2082,40,0,76.07,0,No,
O52170,P2054,40,0,102.32,0,No,
O52171,P2050,25,10,74.43,0,Yes,Late Delivery
O52172,P2236,35,0,86.1,0,Yes,Rude Behavior
O52173,P2121,40,10,110.85,10,No,
O52174,P2074,25,20,51.31,0,No,
O52175,P2062,35,50,114.26,10,No,
O52176,P2072,40,0,93.58,10,No,
O52177,P2043,35,50,135.1,20,No,
O52178,P2051,35,50,71.73,20,Yes,Late Delivery
O52179,P2174,35,20,66.81,0,No,
O52180,P2219,40,0,115.78,0,No,
O52181,P2219,35,0,34.78,10,No,
O52182,P2212,25,0,36.67,0,Yes,Rude Behavior
O52183,P2064,30,0,48.39,0,Yes,
O52184,P2061,30,10,84.15,0,No,
O52185,P2133,35,10,96.38,0,No,
O52186,P2210,30,0,122.24,0,Yes,Late Delivery
O52187,P2009,25,0,90.78,0,No,
O52188,P2111,40,0,29.020000000000003,20,Yes,Wrong Order
O52189,P2244,25,0,73.03,0,No,
O52190,P2042,40,0,78.15,0,No,
O52191,P2282,35,10,103.01,0,No,
O52192,P2060,35,20,51.57,10,No,
O52193,P2103,30,0,75.58,0,Yes,No Show
O52194,P2105,25,20,136.0,0,No,
O52195,P2059,35,0,63.19,0,No,
O52196,P2136,30,10,92.57,0,Yes,Late Delivery
O52197,P2021,30,50,126.68,0,No,
O52198,P2069,25,10,95.46,0,Yes,Wrong Order
O52199,P2098,30,20,64.02,0,No,
O52200,P2237,40,20,113.74,0,No,
O52201,P2298,30,50,138.77,10,Yes,Rude Behavior
O52202,P2169,40,0,93.23,10,No,
O52203,P2191,30,0,55.46,0,No,
O52204,P2033,40,0,54.36,0,No,
O52205,P2163,25,10,38.8,10,Yes,Late Delivery
O52206,P2118,25,20,88.07,10,No,
O52207,P2299,40,0,69.2,10,No,
O52208,P2196,25,20,143.21,0,No,
O52209,P2120,35,10,104.79,0,No,
O52210,P2009,35,20,75.83,20,No,
O52211,P2058,30,20,103.95,0,No,
O52212,P2219,35,10,104.72,10,Yes,Wrong Order
O52213,P2176,30,0,44.98,0,No,
O52214,P2152,25,50,66.62,20,No,
O52215,P2151,30,20,58.79,0,No,
O52216,P2042,35,0,73.74,0,No,
O52217,P2061,40,0,97.95,10,No,
O52218,P2050,25,0,55.05,10,No,
O52219,P2043,30,20,104.28,0,No,
O52220,P2093,35,0,110.68,0,No,
O52221,P2120,30,0,113.52,0,No,
O52222,P2263,40,20,93.73,0,No,
O52223,P2203,25,10,54.75,20,No,
O52224,P2131,25,0,26.6,10,No,
O52225,P2288,40,0,70.79,0,Yes,Wrong Order
O52226,P2076,40,10,97.67,0,No,
O52227,P2019,40,20,110.38,10,No,
O52228,P2013,40,0,55.010000000000005,10,Yes,Wrong Order
O52229,P2217,35,0,55.51,0,Yes,Late Delivery
O52230,P2254,40,0,107.23,0,No,
O52231,P2248,35,50,116.32,20,No,
O52232,P2233,40,20,67.6,0,No,
O52233,P2039,30,50,90.24,0,No,
O52234,P2049,25,10,117.46,0,No,
O52235,P2210,30,10,111.22,0,No,
O52236,P2170,25,10,108.17,0,No,
O52237,P2071,30,10,95.64,0,No,
O52238,P2046,35,20,68.27,0,No,
O52239,P2144,35,10,69.78,0,No,
O52240,P2132,30,0,60.5,0,No,
O52241,P2268,40,50,140.99,0,Yes,Wrong Order
O52242,P2041,35,20,62.37,0,Yes,
O52243,P2119,30,20,143.41,0,No,
O52244,P2228,25,20,97.05,20,No,
O52245,P2142,30,0,63.95,10,No,
O52246,P2266,30,20,96.03,10,No,
O52247,P2237,30,10,48.48,0,No,
O52248,P2075,25,0,85.28,10,No,
O52249,P2155,30,10,79.8,0,No,
O52250,P2177,30,0,89.49,0,No,
O52251,P2168,40,20,97.0,0,No,
O52252,P2235,40,0,51.91,0,No,
O52253,P2281,30,0,64.05,10,No,
O52254,P2157,40,10,58.879999999999995,20,No,
O52255,P2002,40,10,139.78,0,No,
O52256,P2250,40,0,124.25999999999999,20,No,
O52257,P2167,40,20,159.73,0,No,
O52258,P2296,25,0,85.23,0,No,
O52259,P2258,30,10,42.52,10,No,
O52260,P2125,25,0,39.88,20,Yes,Late Delivery
O52261,P2093,25,10,99.51,0,No,
O52262,P2233,40,10,96.33,0,No,
O52263,P2180,35,50,90.97,0,No,
O52264,P2112,30,10,86.11,10,No,
O52265,P2012,40,10,58.209999999999994,10,No,
O52266,P2118,35,10,80.48,10,No,
O52267,P2091,30,0,113.89,0,No,
O52268,P2149,40,10,129.63,0,Yes,Late Delivery
O52269,P2299,25,20,96.4,0,No,
O52270,P2261,30,20,108.71,0,No,
O52271,P2148,30,0,78.33,0,No,
O52272,P2180,40,0,61.75,0,Yes,Late Delivery
O52273,P2087,40,50,140.52,0,No,
O52274,P2103,thirty,50,92.98,0,No,
O52275,P2244,40,10,62.2,0,No,
O52276,P2017,40,10,75.72,20,No,
O52277,P2233,30,10,71.18,0,No,
O52278,P2204,40,0,59.72,0,Yes,Wrong Order
O52279,P2024,40,20,107.31,10,No,
O52280,P2002,40,0,46.72,0,Yes,Rude Behavior
O52281,P2215,30,20,122.66,0,Yes,Late Delivery
O52282,P2187,25,0,65.77,20,Yes,Wrong Order
O52283,P2159,40,20,70.29,10,No,
O52284,P2003,25,10,140.14,0,No,
O52285,P2168,40,0,115.01,0,No,
O52286,P2183,35,10,100.03,0,No,
O52287,P2222,25,0,55.89,20,No,
O52288,P2108,35,10,52.540000000000006,20,Yes,Rude Behavior
O52289,P2068,thirty,20,138.13,0,No,
O52290,P2032,35,0,80.84,0,Yes,Wrong Order
O52291,P2273,30,0,46.31,0,No,
O52292,P2072,30,10,127.33,0,No,
O52293,P2288,35,10,55.41,0,No,
O52294,P2161,25,20,85.95,10,No,
O52295,P2235,35,10,74.3,0,Yes,Wrong Order
O52296,P2064,30,0,82.72,0,No,
O52297,P2152,40,0,62.26,0,No,
O52298,P2095,25,10,81.04,0,No,
O52299,P2072,25,0,85.69,0,Yes,Wrong Order
O52300,P2036,30,0,110.28,0,No,
O52301,P2298,30,10,85.18,0,No,
O52302,P2257,40,50,133.69,0,No,
O52303,P2006,35,0,36.56,20,No,
O52304,P2198,30,10,155.56,10,No,
O52305,P2065,25,20,107.7,0,No,
O52306,P2047,30,0,16.15,20,No,
O52307,P2073,30,20,112.12,0,No,
O52308,P2075,25,10,65.45,0,No,
O52309,P2130,35,20,75.0,0,No,
O52310,P2014,35,20,99.1,10,No,
O52311,P2033,40,10,126.71,0,No,
O52312,P2069,40,10,60.96,0,No,
O52313,P2260,25,0,96.79,0,No,
O52314,P2294,35,10,52.92,0,Yes,Wrong Order
O52315,P2007,30,0,69.09,0,Yes,
O52316,P2045,35,10,110.01,0,No,
O52317,P2208,25,0,79.14,20,Yes,Rude Behavior
O52318,P2009,25,0,34.8,0,No,
O52319,P2214,30,10,129.63,20,No,
O52320,P2023,25,10,47.33,0,Yes,Late Delivery
O52321,P2085,30,20,69.18,10,No,
O52322,P2238,30,10,89.49,0,No,
O52323,P2184,25,50,161.13,0,No,
O52324,P2106,35,50,110.18,0,No,
O52325,P2061,25,0,41.16,20,No,
O52326,P2092,25,0,53.86,0,No,
O52327,P2075,35,10,101.1,20,No,
O52328,P2084,40,20,129.11,0,No,
O52329,P2162,40,0,88.18,0,Yes,Rude Behavior
O52330,P2203,30,20,62.15,0,No,
O52331,P2118,25,50,122.36000000000001,20,No,
O52332,P2221,25,0,102.78,0,No,
O52333,P2123,35,50,104.75,20,No,
O52334,P2117,25,0,86.49,0,Yes,Late Delivery
O52335,P2076,30,20,57.19,0,No,
O52336,P2080,35,10,90.36,0,No,
O52337,P2138,25,10,86.38,10,No,
O52338,P2159,40,10,39.29,20,No,
O52339,P2163,25,10,53.02,10,Yes,No Show
O52340,P2023,25,10,104.21,0,No,
O52341,P2053,35,0,77.43,0,No,
O52342,P2252,25,20,58.34,10,Yes,Late Delivery
O52343,P2199,25,10,120.19999999999999,10,No,
O52344,P2255,30,10,161.0,0,No,
O52345,P2011,30,0,34.43,0,No,
O52346,P2255,40,0,39.85,10,No,
O52347,P2257,30,50,104.1,20,No,
O52348,P2115,thirty,0,52.15,0,No,
O52349,P2009,25,0,,20,No,
O52350,P2129,25,0,38.13,0,No,
O52351,P2034,40,20,91.72,0,No,
O52352,P2281,35,10,115.9,0,No,
O52353,P2026,35,0,82.5,0,No,
O52354,P2000,40,0,107.51,10,Yes,Late Delivery
O52355,P2078,25,10,77.65,10,No,
O52356,P2083,25,10,75.39,20,No,
O52357,P2020,40,0,76.22,0,No,
O52358,P2138,35,50,101.02,0,Yes,Rude Behavior
O52359,P2190,25,0,35.81,0,No,
O52360,P2256,35,0,130.18,0,No,
O52361,P2171,25,10,93.23,10,No,
O52362,P2272,40,10,52.64,20,No,
O52363,P2267,35,20,65.97,10,No,
O52364,P2272,35,50,154.03,0,No,
O52365,P2045,25,10,60.45,0,No,
O52366,P2282,25,10,51.56,0,No,
O52367,P2238,25,0,58.97,20,No,
O52368,P2201,30,0,80.82,0,No,
O52369,P2167,35,10,65.9,0,Yes,Late Delivery
O52370,P2177,30,10,139.13,0,No,
O52371,P2295,35,20,75.62,10,No,
O52372,P2195,40,0,47.31,20,No,
O52373,P2156,40,10,163.92,0,No,
O52374,P2296,30,20,71.99,0,Yes,Wrong Order
O52375,P2125,35,10,91.7,0,No,
O52376,P2174,35,10,81.96,0,No,
O52377,P2260,30,10,107.98,0,No,
O52378,P2247,30,10,41.67,10,Yes,Wrong Order
O52379,P2216,35,20,136.97,0,Yes,No Show
O52380,P2284,30,0,75.02,0,No,
O52381,P2121,40,10,133.4,0,No,
O52382,P2027,30,0,43.03,0,No,
O52383,P2285,40,0,85.83,0,No,
O52384,P2214,40,50,141.85,0,No,
O52385,P2045,35,0,95.45,0,No,
O52386,P2187,25,0,39.55,20,No,
O52387,P2213,30,10,62.77,0,No,
O52388,P2050,30,10,60.87,0,No,
O52389,P2250,40,50,149.53,0,No,
O52390,P2047,30,50,134.48,0,No,
O52391,P2198,25,10,40.17,0,No,
O52392,P2165,40,10,126.95,0,No,
O52393,P2086,25,20,89.57,0,No,
O52394,P2066,40,0,56.480000000000004,20,No,
O52395,P2287,25,10,66.98,10,No,
O52396,P2028,35,0,80.5,0,No,
O52397,P2112,40,20,121.93,0,No,
O52398,P2111,30,10,94.17,0,No,
O52399,P2039,25,0,22.619999999999997,10,No,
O52400,P2184,30,0,104.24,10,No,
O52401,P2176,40,0,69.85,0,No,
O52402,P2170,30,10,61.3,0,No,
O52403,P2158,30,20,47.43,10,Yes,Rude Behavior
O52404,P2084,35,0,56.71,0,No,
O52405,P2279,35,20,108.71,10,No,
O52406,P2184,30,10,57.59,10,No,
O52407,P2048,30,20,45.599999999999994,20,No,
O52408,P2142,25,10,122.24,0,No,
O52409,P2015,35,0,102.27,0,Yes,Rude Behavior
O52410,P2046,25,20,74.86,0,No,
O52411,P2042,30,0,42.31,0,No,
O52412,P2180,35,10,54.65,0,Yes,Rude Behavior
O52413,P2098,25,0,133.77,0,No,
O52414,P2295,30,0,97.66,10,No,
O52415,P2104,35,0,79.8,0,No,
O52416,P2078,35,10,100.7,10,Yes,No Show
O52417,P2102,35,10,84.31,0,Yes,Rude Behavior
O52418,P2099,35,10,78.73,0,No,
O52419,P2128,30,10,144.03,0,No,
O52420,P2142,25,0,49.52,0,No,
O52421,P2209,25,20,51.97,0,No,
O52422,P2092,25,10,92.61,10,No,
O52423,P2057,25,50,150.84,0,No,
O52424,P2269,35,0,83.45,0,No,
O52425,P2060,40,0,136.68,0,No,
O52426,P2002,30,0,101.94,0,No,
O52427,P2004,35,0,49.52,0,Yes,Wrong Order
O52428,P2252,30,0,115.15,0,No,
O52429,P2263,25,10,47.64,0,No,
O52430,P2036,40,0,92.76,0,No,
O52431,P2025,35,20,49.519999999999996,20,No,
O52432,P2113,40,20,124.65,0,No,
O52433,P2233,25,0,71.76,0,Yes,Late Delivery
O52434,P2027,40,10,118.2,0,No,
O52435,P2084,30,10,71.57,20,No,
O52436,P2297,30,0,69.32,10,No,
O52437,P2038,30,0,35.66,10,No,
O52438,P2011,30,0,46.15,0,Yes,Rude Behavior
O52439,P2129,30,10,99.43,20,No,
O52440,P2093,25,50,116.67,10,No,
O52441,P2127,35,20,55.349999999999994,10,Yes,Rude Behavior
O52442,P2001,35,0,131.39,0,Yes,Late Delivery
O52443,P2282,40,0,95.43,0,No,
O52444,P2236,35,10,67.68,0,No,
O52445,P2199,40,10,142.99,0,No,
O52446,P2061,35,20,78.11,10,No,
O52447,P2235,40,0,75.08,0,Yes,Rude Behavior
O52448,P2145,40,0,82.81,0,No,
O52449,P2017,35,0,123.73,0,Yes,Rude Behavior
O52450,P2062,40,10,101.85,0,No,
O52451,P2175,25,0,117.79,10,No,
O52452,P2221,30,20,100.06,0,No,
O52453,P2172,35,10,60.46,0,Yes,Late Delivery
O52454,P2276,35,20,77.46,0,No,
O52455,P2235,40,0,99.32,10,No,
O52456,P2049,40,0,114.3,0,No,
O52457,P2217,30,10,71.32,10,No,
O52458,P2206,35,20,74.44,0,No,
O52459,P2297,25,10,31.810000000000002,20,No,
O52460,P2061,40,0,136.71,0,No,
O52461,P2104,25,0,107.67,0,No,
O52462,P2028,35,0,74.79,20,No,
O52463,P2114,35,10,63.87,0,No,
O52464,P2108,40,20,58.06999999999999,10,No,
O52465,P2122,35,20,113.21,0,No,
O52466,P2048,25,0,77.92,10,No,
O52467,P2156,30,0,70.59,0,Yes,Rude Behavior
O52468,P2157,30,0,44.81,0,Yes,Wrong Order
O52469,P2152,30,10,73.61,0,No,
O52470,P2113,30,10,,0,No,
O52471,P2132,35,10,120.31,0,No,
O52472,P2051,40,0,38.64,20,No,
O52473,P2131,35,50,181.0,0,Yes,
O52474,P2207,25,20,96.7,20,No,
O52475,P2106,40,0,92.55,0,No,
O52476,P2226,35,50,155.57,0,Yes,Wrong Order
O52477,P2096,40,50,151.58,0,No,
O52478,P2077,25,50,105.22,0,Yes,Late Delivery
O52479,P2036,25,10,134.97,10,No,
O52480,P2136,25,10,48.82,0,No,
O52481,P2100,40,0,83.24,0,No,
O52482,P2017,30,0,61.28,0,No,
O52483,P2194,25,0,35.98,0,No,
O52484,P2163,35,0,62.22,0,No,
O52485,P2222,30,10,60.93000000000001,10,No,
O52486,P2096,35,20,68.6,10,No,
O52487,P2229,25,20,95.05,20,No,
O52488,P2035,40,10,139.51,0,Yes,Late Delivery
O52489,P2282,40,0,129.51,10,No,
O52490,P2083,30,50,142.98,0,No,
O52491,P2061,25,0,31.84,0,No,
O52492,P2222,40,10,92.72,20,Yes,Wrong Order
O52493,P2111,40,10,134.62,0,No,
O52494,P2278,35,20,65.06,0,No,
O52495,P2094,40,0,91.57,20,No,
O52496,P2033,30,50,115.93,0,Yes,
O52497,P2133,35,10,111.67,0,No,
O52498,P2013,35,0,109.33,0,Yes,Wrong Order
O52499,P2157,25,0,61.68000000000001,10,No,
O52500,P2076,35,0,92.77,0,Yes,Wrong Order
O52501,P2129,30,0,119.28,0,Yes,Late Delivery
O52502,P2054,30,50,120.33000000000001,10,No,
O52503,P2143,25,10,101.46,10,No,
O52504,P2069,40,20,140.63,0,No,
O52505,P2162,30,50,87.97,20,No,
O52506,P2216,30,10,132.1,0,No,
O52507,P2254,30,10,61.31,10,No,
O52508,P2000,25,50,156.56,0,No,
O52509,P2163,35,0,122.88999999999999,10,No,
O52510,P2271,40,20,76.62,0,No,
O52511,P2183,35,10,112.97,0,No,
O52512,P2012,25,0,34.49,0,No,
O52513,P2124,25,20,103.49,10,No,
O52514,P2008,25,0,25.46,10,No,
O52515,P2168,25,0,96.35,10,No,
O52516,P2257,35,50,126.75,0,No,
O52517,P2203,25,20,105.72,0,No,
O52518,P2098,30,0,125.41,10,No,
O52519,P2113,35,0,58.16,0,Yes,Rude Behavior
O52520,P2043,25,0,85.51,0,No,
O52521,P2212,25,0,127.09,0,No,
O52522,P2084,40,0,114.61,0,No,
O52523,P2055,30,10,120.08,0,No,
O52524,P2151,30,0,36.45,0,No,
O52525,P2094,25,20,120.4,0,Yes,Rude Behavior
O52526,P2089,30,0,102.38,0,No,
O52527,P2192,25,20,48.29,10,No,
O52528,P2269,35,20,107.19,10,Yes,Late Delivery
O52529,P2231,35,0,107.09,10,No,
O52530,P2226,25,0,31.66,0,No,
O52531,P2151,25,10,49.23,10,No,
O52532,P2279,40,0,68.71,0,No,
O52533,P2136,40,0,65.47,10,No,
O52534,P2156,35,0,129.6,0,No,
O52535,P2287,35,50,166.81,0,No,
O52536,P2070,30,0,53.39,0,No,
O52537,P2146,30,50,116.87,0,No,
O52538,P2136,40,10,112.42,0,No,
O52539,P2210,35,0,80.89,10,No,
O52540,P2142,35,0,39.2,10,No,
O52541,P2286,40,50,120.94999999999999,10,No,
O52542,P2260,40,0,87.64,20,No,
O52543,P2246,40,0,123.37,0,No,
O52544,P2123,40,0,121.37,0,No,
O52545,P2151,25,10,104.22,0,No,
O52546,P2014,30,0,31.490000000000002,20,No,
O52547,P2097,35,0,113.38,10,No,
O52548,P2135,40,0,31.82,20,No,
O52549,P2229,35,50,146.26,0,No,
O52550,P2096,25,0,29.549999999999997,10,Yes,Late Delivery
O52551,P2275,40,10,58.67,10,No,
O52552,P2031,40,20,120.49,0,Yes,Late Delivery
O52553,P2194,25,0,33.95,10,No,
O52554,P2276,25,20,56.019999999999996,10,No,
O52555,P2138,30,0,81.62,10,No,
O52556,P2247,25,10,99.87,0,No,
O52557,P2001,25,0,46.89,0,No,
O52558,P2197,30,10,85.55,10,Yes,Late Delivery
O52559,P2268,25,10,31.43,20,No,
O52560,P2076,40,0,124.99,0,No,
O52561,P2211,40,20,85.09,0,No,
O52562,P2295,35,10,107.56,0,No,
O52563,P2136,40,0,109.76,0,Yes,
O52564,P2165,25,10,84.13,0,No,
O52565,P2139,40,50,134.68,0,Yes,Wrong Order
O52566,P2249,25,0,60.989999999999995,20,No,
O52567,P2121,30,0,50.33,20,No,
O52568,P2029,25,0,54.43,0,Yes,Wrong Order
O52569,P2268,35,0,88.1,20,Yes,Late Delivery
O52570,P2118,25,0,46.48,0,Yes,Late Delivery
O52571,P2282,25,10,115.61,0,Yes,Late Delivery
O52572,P2234,25,20,134.37,10,No,
O52573,P2064,35,10,95.6,0,No,
O52574,P2112,30,0,57.15,0,No,
O52575,P2272,40,20,140.59,0,No,
O52576,P2140,40,20,90.59,0,No,
O52577,P2276,30,0,70.52,0,No,
O52578,P2131,35,0,90.35,0,No,
O52579,P2280,40,0,66.41,0,Yes,No Show
O52580,P2003,40,10,62.93,0,No,
O52581,P2272,35,20,122.67,0,Yes,Rude Behavior
O52582,P2281,25,10,66.57,20,No,
O52583,P2270,25,0,69.53,0,No,
O52584,P2207,35,20,91.05,0,No,
O52585,P2269,25,0,27.35,20,No,
O52586,P2062,35,0,74.62,20,No,
O52587,P2278,40,50,135.97,0,No,
O52588,P2282,40,0,82.91,10,No,
O52589,P2100,25,20,41.6,10,No,
O52590,P2144,40,20,103.0,0,No,
O52591,P2193,25,10,89.05,10,No,
O52592,P2160,35,10,58.39,0,No,
O52593,P2031,40,20,113.25,20,No,
O52594,P2039,35,0,67.81,0,No,
O52595,P2108,25,10,55.36,10,No,
O52596,P2045,35,20,110.79,0,No,
O52597,P2213,30,20,124.28,0,No,
O52598,P2171,35,10,95.01,10,Yes,Wrong Order
O52599,P2102,30,0,51.53,20,No,
O52600,P2064,35,10,41.9,20,Yes,No Show
O52601,P2186,30,10,94.75,0,No,
O52602,P2199,35,0,78.87,0,No,
O52603,P2237,40,20,,0,No,
O52604,P2120,35,0,76.29,10,No,
O52605,P2010,25,10,113.66999999999999,20,Yes,Late Delivery
O52606,P2045,30,50,99.29,0,No,
O52607,P2242,25,10,99.87,0,No,
O52608,P2142,30,0,99.99,0,Yes,Late Delivery
O52609,P2032,25,10,90.0,10,No,
O52610,P2284,40,10,84.66,0,No,
O52611,P2144,40,20,126.19999999999999,10,No,
O52612,P2085,35,20,45.519999999999996,20,No,
O52613,P2229,40,10,64.95,0,No,
O52614,P2045,35,20,115.06,0,No,
O52615,P2228,40,20,88.0,0,No,
O52616,P2065,40,10,114.84,0,Yes,Late Delivery
O52617,P2120,35,10,50.3,0,Yes,Wrong Order
O52618,P2214,30,50,164.71,0,No,
O52619,P2000,25,50,116.88,10,No,
O52620,P2039,35,20,58.709999999999994,20,No,
O52621,P2026,30,0,86.24,0,No,
O52622,P2267,35,0,120.87,10,No,
O52623,P2270,40,50,170.26,0,Yes,Rude Behavior
O52624,P2203,30,0,94.82,0,No,
O52625,P2089,25,10,73.59,0,No,
O52626,P2294,40,50,121.65,20,No,
O52627,P2238,25,0,105.9,0,No,
O52628,P2063,25,50,100.39,20,No,
O52629,P2079,25,20,150.52,0,No,
O52630,P2150,35,0,160.27,0,No,
O52631,P2283,40,0,94.2,20,No,
O52632,P2247,40,50,114.7,10,No,
O52633,P2234,35,10,110.66,0,No,
O52634,P2051,30,20,94.99,10,No,
O52635,P2162,40,0,109.1,0,No,
O52636,P2006,25,10,108.54,0,No,
O52637,P2107,35,10,85.56,0,No,
O52638,P2044,30,0,94.67,20,No,
O52639,P2183,30,0,49.05,10,No,
O52640,P2054,35,0,90.75,0,No,
O52641,P2024,35,0,72.27,10,No,
O52642,P2255,40,20,118.9,0,No,
O52643,P2042,30,20,80.46,0,No,
O52644,P2036,30,10,70.78,0,No,
O52645,P2108,40,20,105.37,0,No,
O52646,P2107,40,0,45.52,10,No,
O52647,P2248,30,0,101.58,0,No,
O52648,P2217,30,10,56.71,0,No,
O52649,P2046,25,0,99.46,0,No,
O52650,P2023,35,20,95.49,0,Yes,Late Delivery
O52651,P2059,25,10,61.22,0,Yes,Late Delivery
O52652,P2091,40,0,137.74,0,Yes,Late Delivery
O52653,P2164,40,10,138.1,0,Yes,Late Delivery
O52654,P2250,40,0,86.55,0,No,
O52655,P2229,35,0,62.38,0,No,
O52656,P2243,35,20,64.49,0,No,
O52657,P2148,30,20,91.21,0,No,
O52658,P2078,25,10,54.11,0,No,
O52659,P2078,35,0,79.88,0,No,
O52660,P2293,40,0,96.4,0,No,
O52661,P2163,25,0,61.93000000000001,10,No,
O52662,P2141,40,20,120.27000000000001,10,No,
O52663,P2219,25,0,73.81,0,No,
O52664,P2110,35,50,179.55,0,No,
O52665,P2053,35,50,111.49000000000001,20,No,
O52666,P2103,35,10,73.12,0,Yes,Late Delivery
O52667,P2210,25,0,57.86,0,No,
O52668,P2170,30,20,62.769999999999996,20,No,
O52669,P2040,30,0,48.89,0,No,
O52670,P2130,40,10,112.35,0,No,
O52671,P2108,25,10,74.66,0,No,
O52672,P2250,35,20,55.519999999999996,10,Yes,Late Delivery
O52673,P2171,35,0,76.74,0,Yes,Late Delivery
O52674,P2088,25,0,71.24,0,Yes,Late Delivery
O52675,P2164,35,10,31.5,20,No,
O52676,P2024,30,0,84.21,0,Yes,Late Delivery
O52677,P2137,35,20,57.42,10,No,
O52678,P2293,40,10,124.24,0,No,
O52679,P2107,35,0,46.38,0,No,
O52680,P2162,25,50,92.34,0,No,
O52681,P2244,40,0,106.76,10,No,
O52682,P2252,35,20,81.58,10,No,
O52683,P2091,35,10,94.32,10,No,
O52684,P2074,40,20,141.69,0,Yes,Late Delivery
O52685,P2268,40,50,148.01,0,No,
O52686,P2030,25,0,32.57,10,No,
O52687,P2023,40,0,100.36,20,No,
O52688,P2176,25,0,43.71,0,Yes,Rude Behavior
O52689,P2030,35,0,49.739999999999995,20,No,
O52690,P2100,25,0,81.78,0,No,
O52691,P2121,30,10,79.33,10,No,
O52692,P2023,35,20,105.25,10,No,
O52693,P2209,30,0,121.15,10,No,
O52694,P2274,35,10,108.2,0,No,
O52695,P2234,35,50,102.4,0,No,
O52696,P2289,30,0,87.01,0,Yes,Late Delivery
O52697,P2042,35,0,80.93,0,No,
O52698,P2030,25,20,88.05,10,No,
O52699,P2226,35,20,64.36,0,No,
O52700,P2086,25,0,62.26,0,Yes,Late Delivery
O52701,P2185,25,50,160.18,20,No,
O52702,P2215,30,0,85.67,10,Yes,Rude Behavior
O52703,P2051,35,20,64.12,0,No,
O52704,P2266,35,20,65.38,0,No,
O52705,P2102,35,0,116.53,10,Yes,Late Delivery
O52706,P2296,30,10,112.0,0,No,
O52707,P2013,40,10,85.73,0,No,
O52708,P2082,35,50,169.05,0,No,
O52709,P2175,25,0,93.8,20,No,
O52710,P2075,40,20,72.66,0,No,
O52711,P2115,30,0,91.02,20,Yes,Rude Behavior
O52712,P2021,40,0,45.730000000000004,20,No,
O52713,P2159,35,0,56.53,0,Yes,No Show
O52714,P2010,40,0,51.73,10,No,
O52715,P2096,35,10,68.8,0,No,
O52716,P2072,40,50,207.82,0,No,
O52717,P2008,40,10,88.03,20,No,
O52718,P2238,40,0,72.39,10,Yes,Late Delivery
O52719,P2131,35,50,121.28999999999999,10,No,
O52720,P2276,25,20,89.14,10,Yes,Late Delivery
O52721,P2293,35,10,84.58,0,Yes,Late Delivery
O52722,P2287,25,0,80.27,10,No,
O52723,P2006,35,0,32.55,10,No,
O52724,P2150,30,0,67.39,0,No,
O52725,P2265,25,20,144.56,0,No,
O52726,P2088,40,50,139.84,10,No,
O52727,P2133,40,0,96.29,0,No,
O52728,P2102,30,50,96.74,0,Yes,Late Delivery
O52729,P2178,25,50,126.8,0,Yes,Rude Behavior
O52730,P2130,35,0,60.66,0,No,
O52731,P2196,30,20,92.68,0,No,
O52732,P2022,35,10,61.68,0,Yes,Rude Behavior
O52733,P2193,35,20,131.46,0,No,
O52734,P2266,30,0,37.84,0,No,
O52735,P2252,35,20,104.9,20,No,
O52736,P2271,40,20,106.95,20,Yes,Wrong Order
O52737,P2130,25,10,43.48,0,No,
O52738,P2245,30,10,101.65,0,No,
O52739,P2047,25,20,59.08,0,No,
O52740,P2289,40,20,144.65,0,Yes,Rude Behavior
O52741,P2290,40,20,74.86,10,No,
O52742,P2293,30,10,46.61,0,No,
O52743,P2090,30,0,48.4,0,No,
O52744,P2020,30,0,40.85,0,No,
O52745,P2254,30,0,82.73,10,No,
O52746,P2204,25,20,52.98,0,No,
O52747,P2202,40,0,45.89,0,No,
O52748,P2197,40,50,97.14,0,Yes,
O52749,P2169,40,0,62.31,0,Yes,Rude Behavior
O52750,P2042,40,10,110.02,0,No,
O52751,P2197,25,0,65.32,0,Yes,Late Delivery
O52752,P2258,25,20,31.82,20,No,
O52753,P2027,25,10,94.5,20,No,
O52754,P2051,25,10,45.04,0,Yes,Late Delivery
O52755,P2280,25,10,62.02,0,No,
O52756,P2186,30,20,90.16,0,No,
O52757,P2046,40,20,120.67,0,No,
O52758,P2101,40,50,104.32,0,No,
O52759,P2117,40,20,79.69,0,Yes,Wrong Order
O52760,P2135,25,20,53.9,0,No,
O52761,P2264,25,10,102.27,0,No,
O52762,P2193,35,20,90.43,20,No,
O52763,P2209,25,0,69.8,10,No,
O52764,P2071,25,0,68.95,20,No,
O52765,P2213,30,50,126.23,0,No,
O52766,P2268,30,20,71.75,0,No,
O52767,P2299,40,0,45.24,10,No,
O52768,P2223,35,10,63.74,0,No,
O52769,P2029,25,20,69.41,10,No,
O52770,P2148,40,0,61.56,10,No,
O52771,P2154,35,10,69.87,10,No,
O52772,P2013,40,0,139.06,0,No,
O52773,P2222,30,10,64.83,0,Yes,Wrong Order
O52774,P2224,30,0,34.57,20,Yes,No Show
O52775,P2152,30,0,40.18,0,Yes,Late Delivery
O52776,P2193,35,20,68.13,0,No,
O52777,P2146,30,10,59.23,0,No,
O52778,P2293,40,10,71.6,20,No,
O52779,P2170,30,10,102.24,10,No,
O52780,P2267,30,0,55.3,0,No,
O52781,P2164,40,0,64.1,10,Yes,Rude Behavior
O52782,P2239,25,20,62.64,10,No,
O52783,P2200,25,0,80.83,0,No,
O52784,P2219,35,20,126.64,0,No,
O52785,P2106,35,10,105.91,0,No,
O52786,P2124,40,20,88.9,10,No,
O52787,P2229,40,20,71.11,10,No,
O52788,P2289,25,10,108.37,10,No,
O52789,P2219,40,20,113.38,10,No,
O52790,P2248,25,0,73.77,0,No,
O52791,P2115,35,0,46.88,0,No,
O52792,P2143,30,20,78.29,0,No,
O52793,P2141,25,50,117.68,0,Yes,Wrong Order
O52794,P2070,35,20,110.88,0,No,
O52795,P2215,30,0,46.81,0,No,
O52796,P2022,30,10,66.62,10,No,
O52797,P2280,25,0,58.57,0,No,
O52798,P2002,40,10,61.349999999999994,20,No,
O52799,P2171,40,0,79.66,10,Yes,Late Delivery
O52800,P2072,25,0,39.64,0,No,
O52801,P2205,30,10,55.94,0,No,
O52802,P2199,25,0,78.14,10,No,
O52803,P2228,35,20,81.59,20,No,
O52804,P2297,35,0,60.349999999999994,10,Yes,Wrong Order
O52805,P2081,35,20,77.88,0,Yes,Late Delivery
O52806,P2281,40,20,60.16,20,No,
O52807,P2063,30,20,101.19,0,No,
O52808,P2198,40,0,98.98,10,No,
O52809,P2203,30,50,172.85,0,Yes,Late Delivery
O52810,P2040,35,10,132.09,0,No,
O52811,P2087,35,10,107.24,0,No,
O52812,P2229,40,0,82.0,0,No,
O52813,P2127,35,50,161.04,0,No,
O52814,P2030,30,0,69.36,0,No,
O52815,P2108,40,0,52.73,0,Yes,Rude Behavior
O52816,P2100,25,20,71.34,0,No,
O52817,P2279,30,10,62.09,0,No,
O52818,P2075,40,50,151.86,0,No,
O52819,P2037,40,20,100.78,0,No,
O52820,P2299,35,10,87.17,0,No,
O52821,P2091,30,10,84.99,10,No,
O52822,P2239,30,10,36.61,10,No,
O52823,P2169,40,10,80.48,0,Yes,Wrong Order
O52824,P2045,35,20,98.19,20,No,
O52825,P2022,25,10,24.47,20,No,
O52826,P2221,40,20,102.6,0,No,
O52827,P2269,30,10,129.46,0,No,
O52828,P2045,35,20,100.41,0,No,
O52829,P2110,40,10,76.91,10,No,
O52830,P2265,25,20,92.65,0,No,
O52831,P2172,25,0,66.31,20,No,
O52832,P2082,40,0,69.2,20,No,
O52833,P2295,30,20,44.739999999999995,20,No,
O52834,P2033,40,10,140.18,0,No,
O52835,P2011,40,0,107.79,0,Yes,Wrong Order
O52836,P2271,40,10,83.24,0,No,
O52837,P2047,35,0,98.99,20,No,
O52838,P2064,40,20,179.11,0,No,
O52839,P2269,40,10,105.91,0,No,
O52840,P2260,25,10,57.49,0,No,
O52841,P2024,35,20,122.6,0,No,
O52842,P2073,30,20,109.16,0,Yes,Late Delivery
O52843,P2111,35,10,59.79,0,No,
O52844,P2214,25,0,61.42,0,No,
O52845,P2266,25,10,94.07,0,No,
O52846,P2171,35,10,29.47,20,No,
O52847,P2104,35,10,96.34,0,No,
O52848,P2011,40,0,55.05,0,No,
O52849,P2071,25,50,178.02,0,No,
O52850,P2272,30,0,34.31,10,No,
O52851,P2043,25,0,48.31999999999999,20,No,
O52852,P2187,35,10,50.52,10,No,
O52853,P2039,35,20,66.64,20,No,
O52854,P2193,35,0,87.52,0,No,
O52855,P2236,35,0,75.51,0,No,
O52856,P2081,40,20,74.35,10,No,
O52857,P2185,30,20,81.64,0,No,
O52858,P2264,30,0,55.15,0,No,
O52859,P2211,30,0,69.44,0,Yes,Wrong Order
O52860,P2261,30,10,46.8,0,No,
O52861,P2096,40,50,101.83,0,No,
O52862,P2159,35,0,111.55,10,Yes,Wrong Order
O52863,P2160,30,10,70.33,0,No,
O52864,P2136,35,50,172.83,0,No,
O52865,P2001,30,20,106.89,0,Yes,Rude Behavior
O52866,P2068,25,10,93.26,0,No,
O52867,P2291,25,0,46.73,0,No,
O52868,P2111,35,0,107.35,0,No,
O52869,P2120,30,10,124.4,0,No,
O52870,P2127,30,20,111.51,0,No,
O52871,P2246,25,0,94.91,0,Yes,Late Delivery
O52872,P2287,25,20,57.42,0,No,
O52873,P2068,40,10,160.07,0,No,
O52874,P2096,25,10,72.86,0,No,
O52875,P2266,35,0,86.12,20,No,
O52876,P2141,30,0,105.82,20,Yes,Late Delivery
O52877,P2163,40,0,139.58,0,Yes,Late Delivery
O52878,P2228,40,0,99.5,0,No,
O52879,P2254,30,10,58.81,0,No,
O52880,P2288,25,20,58.31999999999999,10,No,
O52881,P2278,35,0,67.26,20,Yes,Late Delivery
O52882,P2022,40,10,65.11,0,No,
O52883,P2067,40,20,97.56,20,No,
O52884,P2144,40,0,69.63,0,No,
O52885,P2281,25,10,98.43,0,No,
O52886,P2234,30,0,88.32,20,Yes,Wrong Order
O52887,P2188,25,0,35.99,0,No,
O52888,P2213,30,20,97.16,10,No,
O52889,P2286,40,0,27.36,20,No,
O52890,P2144,30,0,40.14,10,No,
O52891,P2065,40,0,116.16,0,No,
O52892,P2146,30,0,34.1,0,No,
O52893,P2009,25,0,59.63,0,No,
O52894,P2103,30,10,122.75,0,No,
O52895,P2221,25,50,89.21,20,No,
O52896,P2149,40,20,97.34,0,Yes,Wrong Order
O52897,P2203,35,20,78.92,0,No,
O52898,P2195,35,0,95.99,0,No,
O52899,P2036,30,20,83.56,10,No,
O52900,P2071,35,0,94.64,10,No,
O52901,P2012,40,20,92.69,0,No,
O52902,P2227,35,20,61.99,0,No,
O52903,P2040,30,0,84.19,0,No,
O52904,P2149,30,20,60.73,0,No,
O52905,P2066,30,10,69.73,0,No,
O52906,P2152,35,50,107.92,10,Yes,
O52907,P2293,25,0,23.4,10,No,
O52908,P2290,35,50,128.18,0,Yes,No Show
O52909,P2173,35,50,117.77,10,No,
O52910,P2236,25,0,64.84,0,No,
O52911,P2200,35,20,115.94,10,No,
O52912,P2237,30,0,38.41,0,No,
O52913,P2039,35,10,87.72,0,No,
O52914,P2255,35,20,74.5,10,No,
O52915,P2069,30,0,50.56,10,No,
O52916,P2183,25,0,97.26,0,No,
O52917,P2174,40,10,92.04,0,No,
O52918,P2007,25,10,65.75,20,No,
O52919,P2103,40,20,65.43,10,Yes,Late Delivery
O52920,P2142,30,20,62.35,0,No,
O52921,P2140,40,0,88.48,0,No,
O52922,P2078,25,10,82.55,10,No,
O52923,P2134,35,0,84.41,0,No,
O52924,P2151,30,10,74.41,20,No,
O52925,P2064,35,10,52.19,20,No,
O52926,P2103,40,0,158.17,0,No,
O52927,P2196,30,0,112.93,0,No,
O52928,P2262,40,20,98.49,0,No,
O52929,P2187,40,0,74.22,0,Yes,Late Delivery
O52930,P2052,40,10,112.05,0,Yes,Rude Behavior
O52931,P2154,40,0,79.9,0,No,
O52932,P2119,40,0,102.94,0,No,
O52933,P2037,40,20,77.02,20,Yes,Late Delivery
O52934,P2259,40,0,36.9,10,No,
O52935,P2236,30,20,63.67,0,No,
O52936,P2053,30,10,122.32,0,Yes,Wrong Order
O52937,P2138,30,50,116.66,0,No,
O52938,P2049,25,50,135.41,0,No,
O52939,P2115,25,20,56.97,0,No,
O52940,P2178,25,0,33.62,10,No,
O52941,P2101,35,0,104.65,0,No,
O52942,P2012,30,0,73.75,0,No,
O52943,P2039,35,10,151.62,0,No,
O52944,P2019,35,0,139.45,0,No,
O52945,P2176,30,20,80.84,0,No,
O52946,P2190,35,50,175.63,0,No,
O52947,P2205,40,0,146.59,0,No,
O52948,P2299,30,0,117.18,0,Yes,Late Delivery
O52949,P2135,35,10,66.21,0,No,
O52950,P2128,25,10,90.54,0,No,
O52951,P2047,25,10,57.75,0,No,
O52952,P2015,40,0,55.89,0,No,
O52953,P2267,25,0,39.33,10,No,
O52954,P2285,30,50,107.89,0,No,
O52955,P2105,40,50,135.89,20,Yes,Late Delivery
O52956,P2061,25,50,150.18,0,No,
O52957,P2244,35,20,105.56,0,No,
O52958,P2215,35,10,57.85,0,Yes,Late Delivery
O52959,P2178,40,50,182.05,0,No,
O52960,P2011,40,0,74.16,0,Yes,Late Delivery
O52961,P2057,35,0,81.03,10,No,
O52962,P2052,30,0,34.78,10,No,
O52963,P2042,35,0,96.03,10,No,
O52964,P2153,35,10,156.45,20,No,
O52965,P2291,25,0,80.99,0,No,
O52966,P2094,25,0,73.39,0,No,
O52967,P2245,40,0,71.85,0,No,
O52968,P2201,25,10,109.45,0,No,
O52969,P2082,40,0,97.6,0,No,
O52970,P2111,40,0,85.05,0,No,
O52971,P2011,25,0,41.53,0,No,
O52972,P2277,25,10,130.93,0,No,
O52973,P2142,40,20,58.45,10,Yes,No Show
O52974,P2035,25,50,133.34,0,No,
O52975,P2182,30,0,44.45,10,No,
O52976,P2156,40,20,93.33,0,No,
O52977,P2013,25,20,82.58,10,No,
O52978,P2127,25,0,86.53,0,No,
O52979,P2194,25,10,81.99,0,No,
O52980,P2229,40,0,62.31,0,No,
O52981,P2106,35,0,115.75,0,No,
O52982,P2032,30,0,80.63,0,No,
O52983,P2017,25,10,83.73,10,Yes,Wrong Order
O52984,P2016,30,0,87.37,0,No,
O52985,P2068,35,0,48.5,0,No,
O52986,P2237,25,0,72.1,0,No,
O52987,P2251,40,10,111.83,0,No,
O52988,P2180,25,20,97.61,10,Yes,Wrong Order
O52989,P2042,30,0,77.4,20,No,
O52990,P2134,25,20,85.54,10,No,
O52991,P2284,25,20,99.18,0,No,
O52992,P2037,35,10,99.94,0,No,
O52993,P2176,30,10,113.1,0,Yes,Late Delivery
O52994,P2229,30,10,54.39,0,No,
O52995,P2141,30,20,94.74,0,No,
O52996,P2034,30,0,119.24,0,No,
O52997,P2252,35,20,97.9,0,No,
O52998,P2152,30,0,67.0,0,No,
O52999,P2093,40,10,86.77,0,No,
O53000,P2255,40,10,98.52,0,Yes,Late Delivery
O53001,P2055,40,50,186.54,0,No,
O53002,P2176,25,50,137.25,0,No,
O53003,P2024,25,10,41.7,0,No,
O53004,P2190,35,10,111.12,0,No,
O53005,P2097,35,20,88.18,0,No,
O53006,P2176,35,0,106.69,0,No,
O53007,P2191,25,10,31.18,10,No,
O53008,P2066,40,50,105.97,10,No,
O53009,P2000,30,10,124.26,0,No,
O53010,P2175,35,10,56.87,0,No,
O53011,P2274,40,10,125.42,0,No,
O53012,P2229,25,0,60.46,0,Yes,Wrong Order
O53013,P2023,35,50,122.49000000000001,20,Yes,Wrong Order
O53014,P2058,35,0,60.87,0,No,
O53015,P2267,35,10,110.54,10,No,
O53016,P2020,30,0,129.04,0,No,
O53017,P2050,30,0,82.86,10,No,
O53018,P2028,40,0,77.24,0,Yes,Late Delivery
O53019,P2139,30,0,87.24,0,Yes,Wrong Order
O53020,P2120,40,10,121.87,0,No,
O53021,P2107,30,0,117.84,10,No,
O53022,P2066,40,20,112.5,0,No,
O53023,P2091,35,10,74.2,10,Yes,Rude Behavior
O53024,P2044,40,0,55.260000000000005,20,Yes,Late Delivery
O53025,P2099,30,20,109.72,10,No,
O53026,P2064,25,10,56.75,0,No,
O53027,P2140,25,0,42.82,0,No,
O53028,P2202,35,0,68.48,0,No,
O53029,P2226,35,0,120.1,0,No,
O53030,P2052,35,0,104.44,10,No,
O53031,P2246,25,0,88.09,0,No,
O53032,P2019,25,0,33.15,0,No,
O53033,P2022,25,0,55.69,0,Yes,Late Delivery
O53034,P2029,30,10,64.53,0,Yes,Rude Behavior
O53035,P2292,40,50,139.54,0,No,
O53036,P2165,35,0,80.8,0,No,
O53037,P2017,30,10,75.9,0,No,
O53038,P2044,30,10,108.02,0,No,
O53039,P2072,40,10,41.38,20,No,
O53040,P2160,35,0,109.63,0,Yes,Rude Behavior
O53041,P2155,40,20,156.23,0,No,
O53042,P2044,30,10,106.59,0,No,
O53043,P2233,35,20,85.4,10,No,
O53044,P2033,35,10,123.41,0,No,
O53045,P2018,25,0,123.27,0,No,
O53046,P2098,40,0,65.95,10,Yes,Late Delivery
O53047,P2229,35,10,70.87,0,Yes,Rude Behavior
O53048,P2050,25,0,29.67,0,No,
O53049,P2079,40,10,59.89,0,No,
O53050,P2044,40,20,136.21,0,No,
O53051,P2148,30,0,37.8,0,Yes,Rude Behavior
O53052,P2164,30,0,96.36,0,No,
O53053,P2081,35,0,47.57,0,No,
O53054,P2022,40,20,79.31,0,No,
O53055,P2081,35,0,73.82,20,No,
O53056,P2163,30,0,59.09,0,No,
O53057,P2017,25,0,35.66,0,No,
O53058,P2251,35,20,104.98,20,No,
O53059,P2010,30,0,111.28999999999999,20,No,
O53060,P2186,25,10,94.5,0,Yes,Late Delivery
O53061,P2015,30,0,54.89,10,No,
O53062,P2124,40,10,61.09,10,No,
O53063,P2297,25,0,60.91,0,No,
O53064,P2170,25,0,54.75,20,No,
O53065,P2060,30,0,113.95,0,No,
O53066,P2163,30,50,116.84,0,Yes,Rude Behavior
O53067,P2149,30,20,61.34,20,No,
O53068,P2129,25,0,103.39,0,Yes,Wrong Order
O53069,P2272,40,20,156.04,0,Yes,Late Delivery
O53070,P2243,35,0,91.64,0,Yes,Rude Behavior
O53071,P2132,30,0,94.52,0,No,
O53072,P2143,40,0,155.57,0,No,
O53073,P2229,25,0,95.65,0,No,
O53074,P2278,25,10,91.68,0,No,
O53075,P2140,25,50,100.18,0,No,
O53076,P2293,25,0,121.1,0,No,
O53077,P2140,25,0,47.23,0,No,
O53078,P2013,30,10,110.08000000000001,20,No,
O53079,P2023,25,10,90.1,0,No,
O53080,P2209,40,20,74.19,10,No,
O53081,P2132,40,20,97.03,0,No,
O53082,P2023,35,0,141.88,0,No,
O53083,P2044,30,10,46.230000000000004,20,No,
O53084,P2165,25,50,121.81,0,No,
O53085,P2296,40,10,150.7,10,No,
O53086,P2239,40,10,92.0,0,No,
O53087,P2010,25,50,108.26,0,Yes,Rude Behavior
O53088,P2200,40,20,162.82,0,No,
O53089,P2089,35,10,59.1,0,No,
O53090,P2007,25,0,99.44,10,No,
O53091,P2294,30,0,70.5,0,No,
O53092,P2119,40,20,129.86,0,No,
O53093,P2025,30,20,108.91999999999999,20,No,
O53094,P2272,25,20,51.96,0,No,
O53095,P2135,30,20,92.8,0,No,
O53096,P2299,40,0,56.290000000000006,10,No,
O53097,P2253,40,0,35.63,20,Yes,No Show
O53098,P2232,40,20,102.93,10,No,
O53099,P2204,40,20,78.61,0,No,
O53100,P2179,25,20,88.97,20,No,
O53101,P2002,25,10,98.95,0,Yes,Rude Behavior
O53102,P2018,30,0,76.28,10,No,
O53103,P2045,30,0,43.55,20,No,
O53104,P2116,35,0,90.48,0,No,
O53105,P2034,25,20,87.74,20,Yes,Late Delivery
O53106,P2291,35,20,102.42,0,No,
O53107,P2201,40,10,136.89,0,Yes,Rude Behavior
O53108,P2293,40,10,129.61,0,No,
O53109,P2163,25,0,132.69,10,No,
O53110,P2183,35,0,53.18,0,No,
O53111,P2060,40,20,82.45,10,No,
O53112,P2054,30,0,91.81,0,No,
O53113,P2014,35,0,67.65,0,No,
O53114,P2224,25,0,37.67,20,No,
O53115,P2296,30,20,105.24,0,Yes,Rude Behavior
O53116,P2106,40,0,103.63,0,No,
O53117,P2255,25,0,50.24,0,No,
O53118,P2292,35,10,110.63,0,No,
O53119,P2131,25,0,87.34,0,No,
O53120,P2213,25,50,110.57,10,No,
O53121,P2019,40,0,49.15,10,No,
O53122,P2078,25,20,155.62,0,No,
O53123,P2064,40,10,102.36,20,Yes,Rude Behavior
O53124,P2149,40,50,152.71,10,No,
O53125,P2220,30,10,39.78,10,Yes,Late Delivery
O53126,P2041,30,10,111.6,10,No,
O53127,P2000,25,10,48.65,10,Yes,Rude Behavior
O53128,P2074,25,10,53.85,0,No,
O53129,P2237,40,20,97.85,20,Yes,Late Delivery
O53130,P2114,35,0,54.61,0,No,
O53131,P2208,35,10,52.57,0,No,
O53132,P2264,25,20,66.24,10,No,
O53133,P2133,40,0,104.28,0,No,
O53134,P2172,40,20,144.37,0,No,
O53135,P2204,30,20,154.27,0,No,
O53136,P2029,35,20,121.13,0,No,
O53137,P2122,40,10,63.0,0,No,
O53138,P2254,30,10,98.61,10,No,
O53139,P2046,30,10,72.28,20,No,
O53140,P2299,25,0,26.07,10,No,
O53141,P2076,35,50,202.23,0,Yes,No Show
O53142,P2133,35,10,88.09,10,No,
O53143,P2196,35,0,45.11,10,Yes,Late Delivery
O53144,P2080,40,0,57.18,0,No,
O53145,P2260,35,10,121.23,0,No,
O53146,P2126,30,10,75.42,10,No,
O53147,P2120,25,10,70.55,0,No,
O53148,P2091,40,0,52.12,0,No,
O53149,P2120,35,10,97.85,0,No,
O53150,P2217,25,0,80.88,10,No,
O53151,P2281,35,10,58.29,0,No,
O53152,P2113,25,20,30.25,20,No,
O53153,P2169,35,20,102.65,20,No,
O53154,P2117,30,10,89.29,0,No,
O53155,P2229,35,0,108.07,10,No,
O53156,P2144,30,0,108.49,10,No,
O53157,P2064,35,50,128.22,0,No,
O53158,P2113,30,0,73.46,20,No,
O53159,P2209,35,0,93.4,0,No,
O53160,P2213,35,10,110.96,0,No,
O53161,P2115,35,0,83.09,0,No,
O53162,P2225,25,0,49.82,0,No,
O53163,P2255,25,0,36.34,0,No,
O53164,P2149,30,10,79.96,0,No,
O53165,P2123,25,20,60.28,10,Yes,Late Delivery
O53166,P2045,40,20,73.2,20,No,
O53167,P2081,25,20,42.43,10,No,
O53168,P2072,40,10,131.0,0,No,
O53169,P2169,40,0,70.94,0,No,
O53170,P2090,35,10,49.38,10,No,
O53171,P2144,40,20,90.48,20,No,
O53172,P2203,30,10,70.14,10,No,
O53173,P2212,30,0,121.15,0,No,
O53174,P2298,25,20,84.66,0,No,
O53175,P2039,35,0,70.64,0,No,
O53176,P2286,35,20,125.25,0,No,
O53177,P2253,40,0,130.96,0,No,
O53178,P2122,35,10,109.25,0,No,
O53179,P2285,30,0,36.99,10,Yes,Late Delivery
O53180,P2180,25,10,41.51,0,No,
O53181,P2220,25,20,70.7,0,Yes,Late Delivery
O53182,P2082,30,0,109.26,0,No,
O53183,P2179,thirty,0,135.67,0,No,
O53184,P2104,35,0,56.47,0,No,
O53185,P2297,40,0,64.9,10,No,
O53186,P2289,25,20,52.0,0,Yes,Late Delivery
O53187,P2267,35,0,44.25,10,No,
O53188,P2073,30,50,184.15,0,No,
O53189,P2196,35,20,77.72,20,No,
O53190,P2119,30,0,131.12,20,Yes,Rude Behavior
O53191,P2057,40,0,93.49,10,Yes,Late Delivery
O53192,P2014,25,20,104.84,0,No,
O53193,P2180,35,0,86.3,10,Yes,Late Delivery
O53194,P2110,40,20,158.79,0,No,
O53195,P2203,35,50,118.69999999999999,20,No,
O53196,P2202,35,0,82.07,0,No,
O53197,P2242,35,20,115.94,0,No,
O53198,P2182,30,50,102.46,0,Yes,Late Delivery
O53199,P2099,25,10,92.57,0,No,
O53200,P2105,thirty,0,48.18,0,No,
O53201,P2217,40,0,97.59,0,No,
O53202,P2100,40,10,115.22,10,No,
O53203,P2298,40,20,96.3,0,No,
O53204,P2048,40,10,38.43,20,No,
O53205,P2288,35,0,95.97,0,Yes,Late Delivery
O53206,P2147,40,0,131.08,0,No,
O53207,P2226,35,20,93.82,0,No,
O53208,P2293,25,0,50.08,0,No,
O53209,P2187,35,50,158.66,0,No,
O53210,P2160,30,0,61.15,0,No,
O53211,P2199,35,0,74.11,10,No,
O53212,P2205,35,10,97.51,10,No,
O53213,P2154,30,0,39.44,0,Yes,Wrong Order
O53214,P2015,25,10,59.14,0,No,
O53215,P2034,25,20,83.8,0,No,
O53216,P2278,35,20,169.08,0,No,
O53217,P2274,35,10,159.34,0,Yes,No Show
O53218,P2264,25,0,133.41,0,No,
O53219,P2260,40,10,62.08,0,No,
O53220,P2072,30,50,88.37,0,No,
O53221,P2168,25,10,104.85,10,No,
O53222,P2071,40,20,78.53,10,Yes,Wrong Order
O53223,P2045,40,20,89.06,20,No,
O53224,P2218,30,10,117.09,10,No,
O53225,P2004,30,10,98.88,10,No,
O53226,P2090,40,10,116.94,0,No,
O53227,P2171,35,0,64.11,10,Yes,Late Delivery
O53228,P2193,35,20,124.62,20,No,
O53229,P2022,35,50,94.12,0,Yes,Rude Behavior
O53230,P2242,35,50,129.49,0,No,
O53231,P2167,25,0,56.13,0,No,
O53232,P2242,35,0,30.04,20,No,
O53233,P2237,25,10,61.730000000000004,10,Yes,Rude Behavior
O53234,P2027,25,0,43.19,10,No,
O53235,P2292,30,0,107.19,0,No,
O53236,P2245,30,0,98.69,0,Yes,No Show
O53237,P2103,35,0,68.19,0,No,
O53238,P2074,35,0,125.91,10,Yes,Rude Behavior
O53239,P2061,40,10,70.33,0,No,
O53240,P2139,30,10,94.06,0,No,
O53241,P2298,30,0,55.06999999999999,20,Yes,Late Delivery
O53242,P2168,35,10,77.44,10,Yes,Late Delivery
O53243,P2268,40,50,178.81,0,No,
O53244,P2095,25,10,133.96,0,Yes,Rude Behavior
O53245,P2275,35,0,118.51,0,No,
O53246,P2179,25,50,88.16,10,No,
O53247,P2182,35,20,137.47,10,No,
O53248,P2202,35,20,112.55,0,No,
O53249,P2240,25,0,84.35,20,No,
O53250,P2114,40,0,53.47,20,No,
O53251,P2054,40,10,56.370000000000005,20,No,
O53252,P2141,30,20,99.11,20,No,
O53253,P2011,30,10,60.22,10,No,
O53254,P2138,30,0,97.73,0,No,
O53255,P2095,35,20,121.02,0,No,
O53256,P2029,40,0,68.16,10,No,
O53257,P2259,35,20,72.74,0,Yes,Wrong Order
O53258,P2258,30,50,122.94,0,No,
O53259,P2232,35,20,78.9,0,No,
O53260,P2244,40,10,99.63,0,No,
O53261,P2242,30,0,72.01,0,Yes,
O53262,P2156,40,0,88.62,0,Yes,Late Delivery
O53263,P2096,35,10,78.31,0,No,
O53264,P2245,25,20,84.28,0,No,
O53265,P2168,30,0,68.32,0,No,
O53266,P2154,25,10,105.12,0,No,
O53267,P2245,30,20,107.04,0,Yes,No Show
O53268,P2037,25,10,63.26,0,No,
O53269,P2143,30,10,48.67,0,No,
O53270,P2048,25,0,69.29,0,No,
O53271,P2037,40,0,85.51,0,No,
O53272,P2049,30,0,91.17,0,No,
O53273,P2295,30,0,65.43,20,Yes,Wrong Order
O53274,P2160,35,0,124.37,0,No,
O53275,P2162,25,0,55.03,0,No,
O53276,P2127,30,50,122.25,0,No,
O53277,P2177,25,10,81.27,0,Yes,No Show
O53278,P2048,35,10,125.68,10,Yes,
O53279,P2185,40,10,94.67,10,No,
O53280,P2240,25,10,42.25,0,Yes,Rude Behavior
O53281,P2036,40,20,113.52,0,Yes,Rude Behavior
O53282,P2102,25,50,123.32,0,No,
O53283,P2069,35,0,105.07,0,No,
O53284,P2129,30,50,98.45,0,No,
O53285,P2077,40,20,103.54,10,No,
O53286,P2042,30,20,74.59,0,Yes,Rude Behavior
O53287,P2297,40,10,59.78,0,No,
O53288,P2221,40,10,95.22,0,No,
O53289,P2138,40,0,124.91,10,No,
O53290,P2073,40,0,68.01,0,No,
O53291,P2258,25,0,100.41,0,No,
O53292,P2220,30,10,96.05,0,No,
O53293,P2177,25,20,54.68,0,No,
O53294,P2011,25,10,43.94,0,Yes,Rude Behavior
O53295,P2218,30,0,40.85,10,No,
O53296,P2129,25,10,55.11,10,No,
O53297,P2068,30,10,130.69,0,No,
O53298,P2057,40,0,89.01,0,Yes,Late Delivery
O53299,P2139,40,0,57.52,0,No,
O53300,P2253,25,0,85.58,10,No,
O53301,P2163,30,50,192.94,0,No,
O53302,P2109,35,0,53.7,0,No,
O53303,P2189,35,0,98.92,0,No,
O53304,P2161,25,10,76.77,0,Yes,Wrong Order
O53305,P2274,35,50,100.02,0,No,
O53306,P2139,40,20,70.27,10,Yes,No Show
O53307,P2163,40,10,92.44,0,No,
O53308,P2189,40,10,75.08,0,No,
O53309,P2271,25,10,73.86,0,No,
O53310,P2109,40,10,44.480000000000004,20,No,
O53311,P2136,30,0,62.0,0,No,
O53312,P2095,35,20,64.13,20,No,
O53313,P2186,35,20,144.03,0,No,
O53314,P2127,35,50,164.52,0,No,
O53315,P2018,25,20,102.15,10,No,
O53316,P2121,30,0,37.71,10,No,
O53317,P2230,40,50,120.28999999999999,10,No,
O53318,P2202,40,0,58.92,20,No,
O53319,P2117,25,20,92.71,10,No,
O53320,P2287,25,50,94.38,10,No,
O53321,P2216,35,10,97.0,0,No,
O53322,P2062,35,0,119.25,0,No,
O53323,P2163,40,0,140.32,0,No,
O53324,P2272,40,20,96.74,10,No,
O53325,P2132,35,50,106.7,0,No,
O53326,P2067,30,0,61.81999999999999,10,Yes,Rude Behavior
O53327,P2038,25,0,68.11,20,No,
O53328,P2102,30,20,57.31999999999999,10,No,
O53329,P2152,40,10,76.48,0,No,
O53330,P2151,35,0,97.88,10,Yes,Wrong Order
O53331,P2115,30,0,87.7,0,No,
O53332,P2208,30,10,95.86,10,No,
O53333,P2139,35,0,75.86,0,Yes,Wrong Order
O53334,P2236,40,0,45.38,0,No,
O53335,P2264,30,0,44.56,0,No,
O53336,P2235,40,10,55.37,0,No,
O53337,P2073,40,0,102.35,0,No,
O53338,P2188,40,20,106.79,0,No,
O53339,P2037,35,50,90.0,0,No,
O53340,P2211,25,0,34.97,0,No,
O53341,P2235,25,50,113.28,20,No,
O53342,P2115,40,0,60.349999999999994,10,No,
O53343,P2231,25,50,111.64,0,Yes,Late Delivery
O53344,P2243,30,10,26.509999999999998,20,No,
O53345,P2073,40,20,100.55,0,No,
O53346,P2270,25,10,66.96,0,No,
O53347,P2297,30,0,112.76,0,No,
O53348,P2147,35,10,125.26,0,No,
O53349,P2053,40,20,94.72,10,No,
O53350,P2130,30,10,26.659999999999997,20,No,
O53351,P2223,30,10,52.64,0,No,
O53352,P2244,35,50,145.51,0,No,
O53353,P2076,25,0,53.620000000000005,20,No,
O53354,P2134,35,0,62.55,0,No,
O53355,P2112,25,10,118.95,0,No,
O53356,P2289,25,0,74.05,10,No,
O53357,P2276,25,0,96.82,20,No,
O53358,P2237,40,0,98.72,0,No,
O53359,P2242,25,0,39.99,0,No,
O53360,P2154,35,20,55.03,20,No,
O53361,P2024,35,50,124.9,20,No,
O53362,P2293,40,50,162.31,0,No,
O53363,P2200,40,20,81.34,0,No,
O53364,P2108,40,0,91.57,10,No,
O53365,P2284,25,0,20.939999999999998,20,No,
O53366,P2053,25,0,103.5,0,No,
O53367,P2236,25,50,96.28,0,No,
O53368,P2150,25,20,90.93,0,No,
O53369,P2097,35,0,65.42,0,Yes,Late Delivery
O53370,P2203,40,10,76.82,10,No,
O53371,P2268,30,0,57.81,20,Yes,Wrong Order
O53372,P2019,40,0,94.36,0,No,
O53373,P2235,40,0,73.81,20,Yes,Rude Behavior
O53374,P2014,40,20,163.0,0,No,
O53375,P2288,40,10,143.85,0,No,
O53376,P2285,35,10,67.16,10,No,
O53377,P2265,40,0,95.34,0,No,
O53378,P2199,25,0,85.27,0,No,
O53379,P2236,40,0,121.55,0,No,
O53380,P2073,35,10,115.61,0,Yes,Rude Behavior
O53381,P2050,35,10,111.5,0,No,
O53382,P2278,25,0,92.81,10,No,
O53383,P2147,40,20,119.75,10,No,
O53384,P2150,35,0,73.63,0,No,
O53385,P2189,35,0,51.64,0,No,
O53386,P2264,25,20,74.21,10,No,
O53387,P2245,30,10,72.14,0,No,
O53388,P2093,30,20,68.91,0,Yes,Late Delivery
O53389,P2154,30,20,58.19,0,Yes,Late Delivery
O53390,P2217,35,10,145.43,0,No,
O53391,P2140,30,20,59.879999999999995,10,No,
O53392,P2026,25,10,64.8,0,No,
O53393,P2280,30,20,97.99,10,No,
O53394,P2108,40,20,67.53,10,No,
O53395,P2259,40,50,101.88,0,No,
O53396,P2061,30,20,147.12,0,No,
O53397,P2261,40,10,97.81,20,No,
O53398,P2110,40,0,88.82,0,No,
O53399,P2017,25,10,37.51,10,No,
O53400,P2256,30,0,73.54,10,No,
O53401,P2093,25,20,144.73,0,Yes,Rude Behavior
O53402,P2124,40,20,120.99000000000001,20,No,
O53403,P2246,40,0,150.2,0,No,
O53404,P2103,35,0,34.62,20,No,
O53405,P2290,35,10,112.71,0,No,
O53406,P2221,25,50,131.91,0,No,
O53407,P2225,30,20,81.69,10,No,
O53408,P2073,25,0,39.7,0,No,
O53409,P2148,40,10,40.45,20,No,
O53410,P2102,30,20,64.9,0,No,
O53411,P2238,35,50,86.4,20,No,
O53412,P2036,40,50,121.09,0,No,
O53413,P2141,25,10,79.89,0,No,
O53414,P2223,40,50,111.02,0,No,
O53415,P2292,25,20,57.16,0,No,
O53416,P2190,25,0,58.27,0,No,
O53417,P2274,40,50,136.11,0,No,
O53418,P2007,40,10,81.37,10,No,
O53419,P2157,25,0,107.82,0,No,
O53420,P2012,25,0,82.62,0,No,
O53421,P2199,30,0,36.57,20,Yes,Wrong Order
O53422,P2106,35,0,68.88,10,No,
O53423,P2009,25,20,121.63,0,No,
O53424,P2106,35,0,76.63,20,Yes,Rude Behavior
O53425,P2161,25,0,50.05,0,No,
O53426,P2205,35,0,39.96,20,No,
O53427,P2015,30,50,86.83,10,No,
O53428,P2022,30,10,152.05,0,No,
O53429,P2087,35,10,132.75,0,No,
O53430,P2038,30,10,60.91,20,No,
O53431,P2169,25,10,58.63,0,No,
O53432,P2022,40,0,86.65,0,No,
O53433,P2252,25,10,67.92,10,No,
O53434,P2024,25,10,120.36,0,No,
O53435,P2113,25,0,43.49,0,No,
O53436,P2221,25,0,60.26,0,No,
O53437,P2007,40,0,104.0,0,No,
O53438,P2182,25,20,36.91,20,No,
O53439,P2273,25,10,90.82,10,No,
O53440,P2285,25,0,84.81,0,No,
O53441,P2024,25,50,95.02,10,No,
O53442,P2158,40,50,127.99000000000001,20,No,
O53443,P2120,25,20,66.28,20,No,
O53444,P2263,40,0,120.98,0,No,
O53445,P2190,25,10,61.150000000000006,10,No,
O53446,P2073,25,0,93.01,0,No,
O53447,P2209,30,0,49.7,0,No,
O53448,P2260,35,20,115.61,10,No,
O53449,P2189,40,10,101.34,20,No,
O53450,P2047,25,0,65.12,20,No,
O53451,P2278,30,0,17.83,20,No,
O53452,P2263,35,10,64.91,0,No,
O53453,P2299,35,10,132.43,0,No,
O53454,P2143,40,10,60.5,0,No,
O53455,P2280,40,10,139.16,0,No,
O53456,P2064,40,10,107.82,0,No,
O53457,P2169,25,10,48.09,0,No,
O53458,P2276,30,0,121.55,0,No,
O53459,P2059,30,50,107.54,0,No,
O53460,P2213,35,20,92.25,0,No,
O53461,P2176,40,0,77.31,20,No,
O53462,P2157,40,0,58.81,0,No,
O53463,P2227,40,0,101.02,0,Yes,Late Delivery
O53464,P2118,30,50,148.88,10,No,
O53465,P2057,30,0,112.2,0,No,
O53466,P2274,40,0,38.13,10,No,
O53467,P2124,40,10,158.98,0,No,
O53468,P2127,40,0,108.03,0,Yes,Rude Behavior
O53469,P2002,30,0,49.16,0,Yes,Wrong Order
O53470,P2181,25,20,81.7,0,No,
O53471,P2087,35,0,56.84,0,No,
O53472,P2120,25,50,91.43,0,No,
O53473,P2237,35,10,92.75,0,No,
O53474,P2104,35,0,47.74,10,No,
O53475,P2222,25,20,120.82,10,No,
O53476,P2086,40,20,83.96,0,No,
O53477,P2095,25,0,71.44,0,No,
O53478,P2230,25,0,57.5,20,No,
O53479,P2278,25,20,114.78,0,No,
O53480,P2102,30,0,84.48,0,No,
O53481,P2153,25,0,37.72,0,No,
O53482,P2272,35,0,123.83,0,Yes,Rude Behavior
O53483,P2096,35,10,83.19,0,No,
O53484,P2096,40,20,81.86,10,No,
O53485,P2291,35,20,93.77,10,No,
O53486,P2007,35,0,51.35,0,No,
O53487,P2156,30,50,146.44,0,No,
O53488,P2196,35,10,92.59,0,No,
O53489,P2205,35,10,78.67,0,Yes,Rude Behavior
O53490,P2134,25,0,106.44,0,No,
O53491,P2131,40,10,136.5,0,No,
O53492,P2007,35,10,89.71,0,No,
O53493,P2222,30,10,47.3,0,No,
O53494,P2140,35,10,54.61,0,No,
O53495,P2100,35,10,92.83,10,Yes,Wrong Order
O53496,P2152,35,0,48.52,0,No,
O53497,P2118,30,10,167.17,0,No,
O53498,P2082,35,0,97.93,0,No,
O53499,P2269,35,20,135.71,0,No,
O53500,P2126,40,50,118.65,0,No,
O53501,P2139,40,10,103.08,0,No,
O53502,P2232,35,50,104.89,0,Yes,Late Delivery
O53503,P2103,25,0,91.44,0,No,
O53504,P2256,35,20,76.45,10,No,
O53505,P2222,30,20,126.91,0,Yes,Late Delivery
O53506,P2260,25,0,85.44,0,No,
O53507,P2055,30,0,40.47,0,No,
O53508,P2143,30,0,61.769999999999996,10,No,
O53509,P2245,35,10,71.27,0,No,
O53510,P2298,40,50,102.33,10,No,
O53511,P2222,30,20,88.74,10,No,
O53512,P2013,40,20,74.75,10,No,
O53513,P2211,25,50,134.24,0,No,
O53514,P2036,35,10,111.0,0,No,
O53515,P2216,25,0,60.3,0,No,
O53516,P2121,35,0,47.63,0,Yes,Rude Behavior
O53517,P2271,40,0,92.87,10,No,
O53518,P2066,40,0,137.02,0,Yes,Wrong Order
O53519,P2184,35,10,70.99,20,No,
O53520,P2290,35,10,52.95,10,No,
O53521,P2117,25,10,82.15,10,No,
O53522,P2185,40,10,93.32,20,No,
O53523,P2284,30,20,71.64,0,No,
O53524,P2201,40,0,101.27,20,No,
O53525,P2121,35,0,99.39,20,No,
O53526,P2251,30,0,29.700000000000003,10,No,
O53527,P2158,40,20,62.260000000000005,20,No,
O53528,P2086,30,10,71.53,20,No,
O53529,P2068,35,0,60.75,10,No,
O53530,P2290,25,50,82.94,0,No,
O53531,P2044,35,10,136.25,10,No,
O53532,P2206,40,10,62.29,0,No,
O53533,P2080,30,50,124.0,20,Yes,Rude Behavior
O53534,P2135,30,50,156.4,0,No,
O53535,P2238,40,0,113.76,0,No,
O53536,P2037,30,10,117.87,0,No,
O53537,P2017,35,10,103.26,0,No,
O53538,P2080,40,20,116.42,0,No,
O53539,P2243,35,20,104.85,0,No,
O53540,P2048,35,10,133.98,0,No,
O53541,P2146,25,10,89.37,20,No,
O53542,P2100,40,20,167.54,0,No,
O53543,P2146,40,0,36.89,10,No,
O53544,P2083,25,0,68.41,0,Yes,Wrong Order
O53545,P2202,40,10,116.89,0,Yes,Wrong Order
O53546,P2060,25,0,42.09,10,No,
O53547,P2285,25,0,61.769999999999996,10,No,
O53548,P2145,35,20,64.53,20,No,
O53549,P2128,40,20,57.09,20,No,
O53550,P2209,30,0,40.74,10,No,
O53551,P2237,35,0,115.13,0,Yes,Wrong Order
O53552,P2004,40,50,109.08,0,No,
O53553,P2143,30,0,69.97,0,Yes,Rude Behavior
O53554,P2226,25,0,33.54,0,No,
O53555,P2065,40,10,89.66,0,No,
O53556,P2060,25,0,37.68,0,No,
O53557,P2053,30,0,72.87,10,No,
O53558,P2270,25,10,79.52,10,No,
O53559,P2282,30,20,72.83,20,No,
O53560,P2204,35,10,69.43,0,No,
O53561,P2024,30,20,145.43,0,Yes,Wrong Order
O53562,P2164,40,0,56.42,0,Yes,Wrong Order
O53563,P2005,40,10,141.25,0,No,
O53564,P2059,35,0,60.48,0,No,
O53565,P2168,30,10,60.870000000000005,20,No,
O53566,P2041,35,0,58.05,20,No,
O53567,P2265,25,0,66.28,0,No,
O53568,P2102,25,50,118.18,10,No,
O53569,P2155,30,50,116.93,0,No,
O53570,P2086,35,10,99.79,0,No,
O53571,P2271,25,0,39.6,20,No,
O53572,P2179,25,50,138.52,0,Yes,Wrong Order
O53573,P2199,25,20,127.28,0,Yes,Late Delivery
O53574,P2180,25,10,51.16,0,No,
O53575,P2221,30,20,110.89,0,Yes,Rude Behavior
O53576,P2116,30,10,89.54,0,Yes,Rude Behavior
O53577,P2279,25,10,62.09,0,No,
O53578,P2119,25,20,78.36,10,Yes,Late Delivery
O53579,P2206,30,0,76.93,0,No,
O53580,P2154,30,0,96.71,0,No,
O53581,P2239,40,0,91.56,10,No,
O53582,P2113,25,10,44.67,0,No,
O53583,P2153,40,10,100.46,10,No,
O53584,P2058,30,0,98.35,10,No,
O53585,P2266,35,0,88.71,0,No,
O53586,P2188,40,10,127.23,0,No,
O53587,P2113,35,20,66.39,10,Yes,Late Delivery
O53588,P2275,25,10,83.4,20,No,
O53589,P2089,35,50,171.65,10,Yes,Late Delivery
O53590,P2205,30,0,74.9,0,No,
O53591,P2098,40,10,60.16,0,Yes,Late Delivery
O53592,P2278,30,10,93.66,0,No,
O53593,P2049,25,0,28.509999999999998,10,No,
O53594,P2174,25,10,39.69,0,Yes,Wrong Order
O53595,P2066,35,10,76.66,10,No,
O53596,P2055,25,10,65.01,0,No,
O53597,P2277,30,0,77.41,0,No,
O53598,P2189,25,0,106.79,0,No,
O53599,P2009,30,20,110.49,10,No,
O53600,P2047,30,0,36.41,10,No,
O53601,P2211,40,50,150.7,0,No,
O53602,P2102,35,20,99.32,0,Yes,Wrong Order
O53603,P2056,30,10,114.38,0,No,
O53604,P2086,35,10,48.98,10,No,
O53605,P2015,30,10,123.47,10,Yes,Late Delivery
O53606,P2143,25,50,114.92,10,No,
O53607,P2044,25,50,108.54,0,No,
O53608,P2112,35,20,150.02,0,No,
O53609,P2143,35,10,112.79,10,No,
O53610,P2188,40,0,89.51,10,Yes,Wrong Order
O53611,P2152,40,20,105.0,20,No,
O53612,P2140,40,0,111.37,0,No,
O53613,P2173,25,50,115.86,0,No,
O53614,P2286,25,20,100.21,0,No,
O53615,P2161,30,20,132.57,10,No,
O53616,P2101,40,20,69.82,0,Yes,Wrong Order
O53617,P2134,25,0,55.900000000000006,10,No,
O53618,P2158,30,0,117.47,0,Yes,Rude Behavior
O53619,P2101,40,0,78.6,0,Yes,Rude Behavior
O53620,P2242,40,10,138.39,0,No,
O53621,P2280,30,0,39.41,10,Yes,
O53622,P2129,25,20,77.81,0,Yes,Rude Behavior
O53623,P2227,25,0,,0,No,
O53624,P2068,35,0,58.53,20,Yes,Late Delivery
O53625,P2227,35,0,66.67,0,No,
O53626,P2079,40,20,72.74,10,No,
O53627,P2223,40,20,135.18,0,No,
O53628,P2270,30,0,69.25,0,No,
O53629,P2114,25,0,41.94,0,No,
O53630,P2214,30,10,119.89,0,No,
O53631,P2268,25,10,55.08,0,Yes,No Show
O53632,P2152,30,0,81.98,10,No,
O53633,P2225,25,20,101.25,20,No,
O53634,P2087,30,0,91.64,0,No,
O53635,P2287,25,50,127.93,10,No,
O53636,P2216,25,10,79.9,0,No,
O53637,P2084,40,50,116.99,0,No,
O53638,P2214,35,0,91.63,0,Yes,Late Delivery
O53639,P2241,40,0,52.6,0,Yes,Wrong Order
O53640,P2248,40,10,146.2,0,No,
O53641,P2115,35,10,53.17,0,Yes,Rude Behavior
O53642,P2227,40,0,47.06,10,No,
O53643,P2225,35,0,82.01,0,No,
O53644,P2000,30,0,47.46,10,No,
O53645,P2154,30,20,59.8,20,Yes,Late Delivery
O53646,P2051,35,20,108.33,0,No,
O53647,P2007,35,50,144.56,10,No,
O53648,P2204,35,0,48.85,0,No,
O53649,P2042,35,50,122.38,0,No,
O53650,P2244,25,50,105.99,10,No,
O53651,P2047,40,0,62.86,10,No,
O53652,P2025,25,0,85.68,0,No,
O53653,P2174,30,0,80.88,0,No,
O53654,P2138,40,20,120.09,0,No,
O53655,P2223,30,10,58.93,0,No,
O53656,P2286,30,20,82.77,0,No,
O53657,P2188,40,10,68.45,20,No,
O53658,P2140,30,10,115.56,0,Yes,Wrong Order
O53659,P2135,40,10,99.8,20,No,
O53660,P2268,25,0,89.01,0,No,
O53661,P2256,40,20,123.16,0,Yes,Late Delivery
O53662,P2069,40,0,99.46,0,No,
O53663,P2136,25,20,73.05,0,No,
O53664,P2045,25,0,91.98,0,Yes,Wrong Order
O53665,P2066,25,10,79.03,10,Yes,Wrong Order
O53666,P2010,25,10,145.55,0,No,
O53667,P2188,40,10,107.54,10,No,
O53668,P2211,25,20,111.97,0,No,
O53669,P2080,40,10,140.87,0,No,
O53670,P2272,30,50,126.64,0,No,
O53671,P2237,25,10,120.8,0,No,
O53672,P2219,25,50,117.25,0,Yes,Rude Behavior
O53673,P2029,35,10,87.36,10,Yes,
O53674,P2199,35,0,46.67,0,No,
O53675,P2298,40,0,140.18,0,No,
O53676,P2003,40,0,116.72,0,No,
O53677,P2065,25,10,98.35,0,Yes,Late Delivery
O53678,P2059,40,10,58.41,0,No,
O53679,P2281,40,20,134.03,0,No,
O53680,P2083,35,10,59.83,10,No,
O53681,P2174,30,10,51.15,0,No,
O53682,P2233,35,0,86.53,0,No,
O53683,P2260,35,0,52.31,10,Yes,Rude Behavior
O53684,P2103,35,0,101.48,0,No,
O53685,P2004,40,10,65.76,0,Yes,Late Delivery
O53686,P2013,25,0,64.57,0,No,
O53687,P2044,35,10,73.71,0,Yes,Late Delivery
O53688,P2163,35,0,65.27,0,No,
O53689,P2210,25,0,78.05,0,No,
O53690,P2255,25,10,92.1,0,Yes,No Show
O53691,P2259,30,0,39.85,10,No,
O53692,P2175,40,10,131.44,0,Yes,Rude Behavior
O53693,P2279,40,10,113.23,10,No,
O53694,P2052,35,20,85.74,0,Yes,Late Delivery
O53695,P2105,30,20,122.66,0,No,
O53696,P2006,35,10,148.94,0,No,
O53697,P2028,30,0,58.3,0,No,
O53698,P2057,30,10,43.39,10,No,
O53699,P2200,40,0,106.64,0,No,
O53700,P2213,35,10,77.97,0,No,
O53701,P2035,35,0,141.21,0,No,
O53702,P2143,30,50,138.48,0,No,
O53703,P2265,30,10,50.65,0,No,
O53704,P2218,35,20,89.05,0,No,
O53705,P2286,40,0,49.68,0,Yes,Wrong Order
O53706,P2261,25,20,56.4,0,No,
O53707,P2245,40,0,86.88,10,No,
O53708,P2153,40,10,63.36,0,No,
O53709,P2007,25,20,61.53,20,Yes,Late Delivery
O53710,P2294,25,20,126.31,0,Yes,Late Delivery
O53711,P2282,30,0,36.06,0,No,
O53712,P2151,35,0,99.72,0,No,
O53713,P2131,40,0,45.56,10,No,
O53714,P2114,40,20,85.16,0,Yes,Rude Behavior
O53715,P2238,30,10,78.03,0,No,
O53716,P2205,30,50,156.28,0,Yes,Rude Behavior
O53717,P2030,30,0,90.44,0,No,
O53718,P2024,30,0,103.37,0,No,
O53719,P2001,30,10,49.58,0,No,
O53720,P2241,35,10,55.48,0,No,
O53721,P2268,35,0,85.74,0,No,
O53722,P2161,40,10,62.17,0,No,
O53723,P2168,40,0,59.85,0,Yes,No Show
O53724,P2196,40,10,94.19,0,Yes,Late Delivery
O53725,P2168,40,0,56.0,0,Yes,Wrong Order
O53726,P2022,40,0,114.35,0,No,
O53727,P2240,30,10,81.37,0,No,
O53728,P2195,35,20,106.74,10,No,
O53729,P2098,40,0,109.74,0,No,
O53730,P2214,35,0,68.48,0,No,
O53731,P2170,25,20,51.59,20,No,
O53732,P2083,30,10,123.08,0,No,
O53733,P2125,40,0,59.11,0,No,
O53734,P2037,40,20,129.05,0,Yes,Rude Behavior
O53735,P2064,35,0,58.32,0,No,
O53736,P2238,40,10,74.43,0,No,
O53737,P2107,30,0,46.73,0,No,
O53738,P2239,35,10,135.28,20,No,
O53739,P2156,25,10,87.62,0,Yes,Late Delivery
O53740,P2002,35,0,69.87,0,No,
O53741,P2021,35,0,130.21,0,No,
O53742,P2250,25,20,99.88,20,No,
O53743,P2028,40,20,163.47,0,No,
O53744,P2143,35,10,40.51,20,No,
O53745,P2006,40,0,127.51,0,No,
O53746,P2068,35,10,64.26,20,No,
O53747,P2042,30,0,17.560000000000002,20,No,
O53748,P2085,35,10,107.87,0,No,
O53749,P2235,40,20,101.4,0,No,
O53750,P2127,30,0,107.95,10,No,
O53751,P2185,40,10,130.94,0,No,
O53752,P2057,25,10,101.47,0,No,
O53753,P2118,40,10,57.68,0,No,
O53754,P2187,40,0,44.62,10,No,
O53755,P2293,30,10,103.63,0,Yes,Late Delivery
O53756,P2183,30,20,76.38,10,No,
O53757,P2296,30,20,117.45,10,Yes,Rude Behavior
O53758,P2288,25,0,74.95,0,No,
O53759,P2017,25,10,66.49,10,No,
O53760,P2236,40,0,130.34,0,No,
O53761,P2103,35,0,97.37,0,No,
O53762,P2250,25,50,126.02,0,No,
O53763,P2284,25,20,103.86,0,No,
O53764,P2248,25,50,92.93,10,No,
O53765,P2077,30,10,57.06999999999999,10,Yes,Late Delivery
O53766,P2136,30,50,111.23,0,No,
O53767,P2204,30,20,88.23,0,No,
O53768,P2148,30,20,70.29,0,No,
O53769,P2016,35,0,82.08,0,No,
O53770,P2299,25,0,115.04,0,No,
O53771,P2067,35,20,78.27,10,No,
O53772,P2128,35,50,127.07,10,No,
O53773,P2030,25,50,141.86,0,No,
O53774,P2224,25,0,85.06,0,No,
O53775,P2026,25,50,123.37,0,No,
O53776,P2133,30,20,62.74,0,No,
O53777,P2273,40,20,90.82,0,No,
O53778,P2103,25,0,76.53,10,No,
O53779,P2105,30,0,47.66,0,No,
O53780,P2009,35,0,141.0,0,No,
O53781,P2283,25,0,64.23,20,Yes,Rude Behavior
O53782,P2241,35,0,71.83,0,No,
O53783,P2151,40,10,75.8,0,Yes,Wrong Order
O53784,P2163,40,0,58.63,0,No,
O53785,P2074,25,10,74.34,0,No,
O53786,P2184,30,0,39.93,0,Yes,Late Delivery
O53787,P2039,40,10,68.25,0,No,
O53788,P2181,30,0,106.65,10,No,
O53789,P2217,35,0,54.04,0,No,
O53790,P2228,40,0,142.26,0,No,
O53791,P2084,25,20,61.96,0,No,
O53792,P2090,30,0,118.92,0,No,
O53793,P2168,25,20,57.76,0,No,
O53794,P2227,30,0,53.45,0,No,
O53795,P2291,25,10,130.09,0,No,
O53796,P2057,40,0,109.98,0,No,
O53797,P2119,25,10,66.96,10,No,
O53798,P2159,25,0,72.78,20,Yes,No Show
O53799,P2082,40,20,97.7,0,No,
O53800,P2129,30,10,97.81,0,No,
O53801,P2037,25,20,99.49,0,No,
O53802,P2131,40,0,109.74,0,No,
O53803,P2109,40,10,88.04,0,No,
O53804,P2272,40,0,103.02,0,No,
O53805,P2053,25,20,99.73,0,No,
O53806,P2057,30,0,80.47,0,No,
O53807,P2105,40,0,140.34,0,No,
O53808,P2202,35,20,92.62,10,No,
O53809,P2029,35,10,42.28,20,Yes,Late Delivery
O53810,P2294,30,10,94.34,20,No,
O53811,P2217,35,0,21.53,20,No,
O53812,P2236,40,0,71.68,20,No,
O53813,P2205,30,10,116.29,0,Yes,Late Delivery
O53814,P2123,35,0,124.9,0,Yes,Rude Behavior
O53815,P2094,25,20,83.29,20,No,
O53816,P2131,35,10,59.95,10,Yes,Late Delivery
O53817,P2291,25,0,62.89,0,No,
O53818,P2289,25,20,61.489999999999995,20,No,
O53819,P2181,35,0,84.08,0,No,
O53820,P2029,35,20,96.55,0,No,
O53821,P2261,40,10,84.19,20,No,
O53822,P2298,35,0,52.5,0,No,
O53823,P2092,30,20,140.72,10,No,
O53824,P2077,30,10,51.8,10,No,
O53825,P2030,40,50,157.31,20,No,
O53826,P2081,35,50,97.04,0,No,
O53827,P2203,30,0,82.79,0,No,
O53828,P2143,30,10,43.53,20,No,
O53829,P2109,25,10,122.55,0,No,
O53830,P2283,40,0,29.9,20,No,
O53831,P2158,40,20,116.93,10,Yes,
O53832,P2024,25,10,99.46,10,No,
O53833,P2084,30,50,116.15,0,No,
O53834,P2106,30,0,57.89,10,Yes,Late Delivery
O53835,P2092,35,10,64.07,0,No,
O53836,P2206,30,20,124.94,0,Yes,Late Delivery
O53837,P2281,25,50,135.91,0,Yes,Late Delivery
O53838,P2119,40,20,138.04,0,Yes,Rude Behavior
O53839,P2103,40,10,69.97,0,No,
O53840,P2130,25,0,43.89,10,No,
O53841,P2197,25,10,71.84,20,No,
O53842,P2037,30,10,109.3,0,No,
O53843,P2072,40,10,112.35,0,No,
O53844,P2287,25,0,106.06,0,Yes,Rude Behavior
O53845,P2127,25,10,80.03,0,No,
O53846,P2040,25,20,63.03,0,Yes,Late Delivery
O53847,P2074,25,10,95.02,10,No,
O53848,P2231,40,10,62.26,0,No,
O53849,P2014,30,0,130.41,0,No,
O53850,P2172,25,0,94.99,0,No,
O53851,P2162,35,0,73.25,0,No,
O53852,P2214,25,10,57.93,0,No,
O53853,P2237,40,0,64.69,0,No,
O53854,P2055,30,10,73.78,10,No,
O53855,P2255,30,10,94.59,20,No,
O53856,P2292,35,10,32.95,20,No,
O53857,P2162,35,0,81.94,0,No,
O53858,P2292,25,0,57.7,20,No,
O53859,P2296,25,10,119.04,0,Yes,No Show
O53860,P2016,30,10,55.08,20,No,
O53861,P2172,40,20,85.88,0,No,
O53862,P2246,30,10,62.3,0,No,
O53863,P2025,25,0,33.87,0,No,
O53864,P2264,25,10,92.37,10,Yes,Wrong Order
O53865,P2167,35,50,178.23,0,No,
O53866,P2042,25,20,103.17,0,No,
O53867,P2018,40,10,70.29,10,No,
O53868,P2267,25,0,76.02,0,No,
O53869,P2245,30,10,105.18,10,No,
O53870,P2139,25,10,107.53,0,No,
O53871,P2142,35,0,91.32,10,No,
O53872,P2262,40,20,90.84,10,No,
O53873,P2278,35,0,105.47,0,Yes,Late Delivery
O53874,P2135,35,10,137.78,0,Yes,Late Delivery
O53875,P2009,25,0,93.66,0,No,
O53876,P2108,30,50,146.46,0,No,
O53877,P2186,25,0,70.15,20,No,
O53878,P2025,25,20,31.869999999999997,20,No,
O53879,P2104,25,50,107.78,0,No,
O53880,P2230,40,20,120.84,0,No,
O53881,P2006,25,0,46.66,0,No,
O53882,P2149,25,20,112.66,0,Yes,Rude Behavior
O53883,P2113,35,0,71.35,0,No,
O53884,P2288,35,20,101.03,0,No,
O53885,P2148,25,0,93.64,20,No,
O53886,P2166,30,0,79.64,0,No,
O53887,P2288,30,0,74.55,20,No,
O53888,P2133,25,10,118.19,10,No,
O53889,P2113,30,10,84.41,0,No,
O53890,P2257,30,20,124.25,0,Yes,Late Delivery
O53891,P2236,30,0,44.32,0,Yes,Late Delivery
O53892,P2298,30,10,69.72,0,No,
O53893,P2285,25,0,73.22,0,No,
O53894,P2017,30,0,54.0,10,No,
O53895,P2069,40,10,89.79,0,No,
O53896,P2048,25,20,,0,No,
O53897,P2206,40,10,74.38,0,No,
O53898,P2141,35,50,135.59,0,No,
O53899,P2281,30,10,58.51,0,No,
O53900,P2245,40,0,62.1,0,No,
O53901,P2235,35,20,86.36,20,No,
O53902,P2012,25,20,71.92,0,No,
O53903,P2216,35,20,,10,No,
O53904,P2039,40,10,122.06,0,No,
O53905,P2273,25,0,71.11,0,Yes,Late Delivery
O53906,P2034,25,50,123.47,0,No,
O53907,P2295,35,10,66.08,0,No,
O53908,P2082,40,20,76.71,20,No,
O53909,P2094,25,10,62.67,0,No,
O53910,P2070,35,20,83.28,0,Yes,Rude Behavior
O53911,P2099,30,50,142.6,0,No,
O53912,P2220,40,0,38.81,20,No,
O53913,P2247,35,10,80.64,0,Yes,Late Delivery
O53914,P2228,35,10,81.96,0,No,
O53915,P2039,25,0,48.63,0,Yes,Rude Behavior
O53916,P2033,40,10,74.25,20,No,
O53917,P2052,35,10,74.23,20,No,
O53918,P2073,40,20,114.81,20,Yes,Wrong Order
O53919,P2172,30,0,86.13,0,No,
O53920,P2110,35,0,59.61,0,No,
O53921,P2055,30,0,44.31,0,No,
O53922,P2274,30,0,70.81,0,Yes,Wrong Order
O53923,P2182,35,20,132.83,0,No,
O53924,P2042,30,20,112.59,0,No,
O53925,P2057,30,0,95.43,0,No,
O53926,P2136,25,20,79.23,0,No,
O53927,P2050,30,0,79.98,0,No,
O53928,P2287,40,50,118.00999999999999,20,Yes,Rude Behavior
O53929,P2063,30,10,71.43,0,No,
O53930,P2137,25,10,26.810000000000002,20,No,
O53931,P2218,25,0,54.94,10,No,
O53932,P2117,40,10,84.04,10,No,
O53933,P2147,35,10,51.03,10,No,
O53934,P2107,35,10,100.95,0,Yes,Wrong Order
O53935,P2070,25,10,47.790000000000006,20,No,
O53936,P2242,35,20,116.48,10,No,
O53937,P2072,40,20,100.56,10,Yes,Wrong Order
O53938,P2005,40,0,91.85,10,No,
O53939,P2253,25,20,58.8,0,No,
O53940,P2220,30,20,108.94999999999999,20,No,
O53941,P2275,25,0,111.89,0,No,
O53942,P2087,25,0,91.41,10,No,
O53943,P2132,40,0,72.69,10,No,
O53944,P2155,35,0,63.55,0,No,
O53945,P2124,30,10,91.39,0,No,
O53946,P2085,30,0,124.6,10,No,
O53947,P2222,35,20,151.71,0,No,
O53948,P2284,40,20,51.8,20,Yes,Late Delivery
O53949,P2180,40,0,135.47,0,No,
O53950,P2258,30,10,58.37,0,No,
O53951,P2234,40,10,91.04,0,Yes,Rude Behavior
O53952,P2085,30,0,104.14,10,No,
O53953,P2190,30,20,145.79,0,No,
O53954,P2063,25,20,137.07,0,No,
O53955,P2182,40,0,64.72,10,No,
O53956,P2170,35,50,93.03,0,No,
O53957,P2029,25,10,68.22,10,No,
O53958,P2091,40,10,76.02,0,No,
O53959,P2153,35,0,53.65,0,No,
O53960,P2247,35,0,91.64,10,Yes,Rude Behavior
O53961,P2079,35,0,102.95,0,No,
O53962,P2194,25,0,110.21,0,No,
O53963,P2012,25,0,56.05,20,No,
O53964,P2257,40,10,158.39,0,No,
O53965,P2023,35,0,97.65,0,No,
O53966,P2139,30,0,65.19,0,No,
O53967,P2274,30,0,61.9,0,Yes,Late Delivery
O53968,P2053,35,0,105.05,20,No,
O53969,P2270,30,10,85.59,0,No,
O53970,P2040,30,10,97.08,10,No,
O53971,P2084,30,10,102.62,10,No,
O53972,P2115,40,10,52.400000000000006,20,No,
O53973,P2199,30,20,53.53,20,No,
O53974,P2035,40,10,129.27,0,No,
O53975,P2025,25,0,61.16,20,No,
O53976,P2173,40,10,81.26,0,No,
O53977,P2109,35,10,58.42,10,No,
O53978,P2077,40,0,49.76,0,Yes,Late Delivery
O53979,P2204,35,10,160.04,0,Yes,Wrong Order
O53980,P2078,40,20,74.37,20,No,
O53981,P2149,25,0,113.2,0,No,
O53982,P2213,35,0,134.95,0,Yes,Rude Behavior
O53983,P2026,25,20,72.24,0,No,
O53984,P2231,40,0,54.43000000000001,20,No,
O53985,P2138,30,10,118.83000000000001,10,Yes,Late Delivery
O53986,P2178,30,10,71.61,0,Yes,Late Delivery
O53987,P2125,35,0,92.72,10,No,
O53988,P2277,30,50,102.95,0,Yes,Late Delivery
O53989,P2027,30,50,129.88,20,No,
O53990,P2060,25,20,99.9,0,No,
O53991,P2181,40,0,81.96,0,Yes,Late Delivery
O53992,P2194,30,20,83.28,0,No,
O53993,P2131,25,0,95.61,20,No,
O53994,P2262,35,20,167.6,0,No,
O53995,P2040,35,20,124.22,0,No,
O53996,P2024,30,0,52.17,20,No,
O53997,P2063,30,0,113.2,10,No,
O53998,P2275,35,10,111.21,0,No,
O53999,P2286,25,0,112.99,10,No,
O54000,P2055,30,10,108.04,0,Yes,Wrong Order
O54001,P2210,40,0,48.26,0,No,
O54002,P2118,30,0,67.33,0,No,
O54003,P2021,30,10,119.97999999999999,10,No,
O54004,P2100,40,50,134.44,10,No,
O54005,P2212,25,0,67.27,0,No,
O54006,P2014,25,20,130.9,0,No,
O54007,P2122,40,20,95.28,10,No,
O54008,P2257,40,0,69.87,10,Yes,Rude Behavior
O54009,P2289,25,0,73.29,0,No,
O54010,P2056,40,0,98.01,0,No,
O54011,P2252,40,0,95.27,0,No,
O54012,P2225,40,50,129.42,10,Yes,Late Delivery
O54013,P2071,30,20,97.11,0,No,
O54014,P2084,25,10,95.98,0,No,
O54015,P2123,25,0,57.760000000000005,20,No,
O54016,P2061,25,10,63.82,0,No,
O54017,P2254,30,10,112.69,0,No,
O54018,P2018,25,20,90.78,0,No,
O54019,P2159,40,0,106.67,0,No,
O54020,P2266,40,0,75.55,0,Yes,Wrong Order
O54021,P2064,25,20,96.91,10,Yes,Rude Behavior
O54022,P2291,25,10,66.15,0,No,
O54023,P2280,35,0,75.36,10,No,
O54024,P2137,25,10,121.43,10,No,
O54025,P2272,40,50,180.2,10,No,
O54026,P2071,25,10,27.0,20,Yes,Late Delivery
O54027,P2106,40,20,83.82,10,No,
O54028,P2145,35,20,87.02,0,No,
O54029,P2125,30,20,65.27,0,No,
O54030,P2280,40,0,117.82,0,No,
O54031,P2245,40,0,68.08,0,No,
O54032,P2103,40,0,57.2,10,No,
O54033,P2041,25,20,44.91,10,No,
O54034,P2066,25,0,48.0,10,No,
O54035,P2244,35,10,47.22,20,No,
O54036,P2252,35,50,114.07,20,Yes,Late Delivery
O54037,P2019,35,10,86.73,0,No,
O54038,P2129,40,20,130.39,20,No,
O54039,P2108,30,0,49.56,0,No,
O54040,P2026,25,0,96.44,20,No,
O54041,P2085,35,10,72.18,10,No,
O54042,P2189,35,20,83.3,10,No,
O54043,P2091,40,10,125.19,10,No,
O54044,P2141,30,0,114.44,10,No,
O54045,P2236,40,10,52.260000000000005,20,No,
O54046,P2099,25,20,136.4,20,No,
O54047,P2066,25,0,74.13,0,No,
O54048,P2187,40,20,128.81,0,Yes,Rude Behavior
O54049,P2169,30,20,120.99000000000001,10,No,
O54050,P2193,25,10,65.84,20,Yes,No Show
O54051,P2295,30,0,95.17,0,No,
O54052,P2246,35,0,48.71,0,Yes,Wrong Order
O54053,P2219,25,10,75.5,0,Yes,Late Delivery
O54054,P2072,25,0,79.37,0,No,
O54055,P2272,35,10,109.05,0,No,
O54056,P2195,30,10,60.49,0,No,
O54057,P2193,30,0,49.94,0,No,
O54058,P2167,35,10,56.27,0,No,
O54059,P2122,35,10,135.01,0,No,
O54060,P2057,35,0,117.82,0,No,
O54061,P2221,25,0,77.64,0,Yes,No Show
O54062,P2160,35,0,41.37,0,No,
O54063,P2150,40,0,79.53,10,No,
O54064,P2193,25,10,98.61,0,Yes,Rude Behavior
O54065,P2094,30,0,96.56,10,Yes,Late Delivery
O54066,P2090,40,20,131.72,0,No,
O54067,P2128,30,20,78.64,0,No,
O54068,P2199,30,20,121.21,0,No,
O54069,P2128,35,0,43.0,0,Yes,Late Delivery
O54070,P2074,35,20,68.62,0,No,
O54071,P2121,35,20,162.91,0,No,
O54072,P2234,30,0,107.01,10,No,
O54073,P2232,25,0,80.65,0,No,
O54074,P2168,35,0,91.48,0,No,
O54075,P2069,40,0,82.59,0,No,
O54076,P2033,30,0,67.46,0,No,
O54077,P2257,40,20,73.96,0,No,
O54078,P2219,40,0,71.09,0,Yes,Late Delivery
O54079,P2194,40,10,108.1,0,No,
O54080,P2030,40,10,62.36,10,No,
O54081,P2214,40,0,115.37,0,No,
O54082,P2289,25,0,80.9,20,Yes,Rude Behavior
O54083,P2206,30,0,117.1,0,Yes,Rude Behavior
O54084,P2238,35,20,132.41,10,No,
O54085,P2278,35,10,76.71,0,No,
O54086,P2142,35,10,68.23,10,No,
O54087,P2005,25,20,72.05,0,No,
O54088,P2213,30,10,88.24,0,No,
O54089,P2292,35,10,97.19,20,Yes,Rude Behavior
O54090,P2209,35,0,98.68,0,No,
O54091,P2043,40,0,72.6,0,No,
O54092,P2148,25,10,48.68,0,No,
O54093,P2031,30,0,85.99,20,No,
O54094,P2194,40,50,120.9,0,No,
O54095,P2158,30,10,103.74,0,No,
O54096,P2016,30,0,104.97,0,No,
O54097,P2222,30,20,142.16,0,Yes,Late Delivery
O54098,P2253,30,10,111.75,0,No,
O54099,P2227,25,10,84.67,10,No,
O54100,P2226,25,20,116.76,0,Yes,Rude Behavior
O54101,P2154,40,10,81.35,0,No,
O54102,P2059,25,10,143.19,20,No,
O54103,P2026,40,0,83.7,0,No,
O54104,P2242,30,20,148.96,0,No,
O54105,P2255,25,10,45.5,0,Yes,Late Delivery
O54106,P2228,25,10,123.71,0,No,
O54107,P2185,25,10,74.12,20,No,
O54108,P2250,40,10,99.98,10,No,
O54109,P2056,35,20,104.98,0,No,
O54110,P2016,35,20,83.15,20,No,
O54111,P2228,25,10,99.59,0,Yes,No Show
O54112,P2281,35,20,97.33,0,Yes,Wrong Order
O54113,P2117,40,10,94.37,0,No,
O54114,P2263,25,20,130.08,10,No,
O54115,P2257,35,50,173.65,0,No,
O54116,P2239,30,10,79.99,0,No,
O54117,P2224,35,0,92.15,0,No,
O54118,P2240,35,10,74.61,0,No,
O54119,P2067,40,20,98.12,0,No,
O54120,P2061,35,10,60.269999999999996,10,Yes,
O54121,P2133,25,0,25.770000000000003,10,No,
O54122,P2120,35,10,124.7,0,No,
O54123,P2097,30,0,15.920000000000002,20,Yes,Late Delivery
O54124,P2256,30,0,62.47,0,No,
O54125,P2213,40,0,89.07,10,No,
O54126,P2102,30,20,70.45,10,No,
O54127,P2215,35,10,99.71,0,No,
O54128,P2298,30,10,81.68,0,No,
O54129,P2167,25,0,59.8,10,No,
O54130,P2036,35,50,125.26,0,No,
O54131,P2063,25,20,118.38,0,No,
O54132,P2091,30,20,71.03,0,No,
O54133,P2044,35,20,83.03,0,No,
O54134,P2156,25,0,105.84,0,No,
O54135,P2142,30,50,118.55,0,No,
O54136,P2149,30,10,60.44,20,No,
O54137,P2208,25,50,82.3,0,No,
O54138,P2180,25,10,40.39,0,No,
O54139,P2264,35,10,59.47,0,Yes,Late Delivery
O54140,P2033,40,10,70.28,0,Yes,Rude Behavior
O54141,P2098,35,0,48.88,0,No,
O54142,P2082,25,20,121.91,0,No,
O54143,P2159,30,50,121.91,10,No,
O54144,P2188,40,0,139.48,0,No,
O54145,P2067,40,0,62.650000000000006,20,No,
O54146,P2246,40,0,69.94,0,No,
O54147,P2074,30,0,40.37,0,No,
O54148,P2129,30,50,128.58,0,No,
O54149,P2206,25,0,23.189999999999998,10,No,
O54150,P2092,40,10,90.23,0,No,
O54151,P2017,40,10,114.19,0,Yes,Rude Behavior
O54152,P2033,25,0,101.26,0,No,
O54153,P2029,40,50,170.62,0,No,
O54154,P2243,40,50,116.32,20,Yes,Late Delivery
O54155,P2098,25,20,54.82,0,Yes,Late Delivery
O54156,P2002,40,0,55.11,20,No,
O54157,P2010,35,20,101.78,20,No,
O54158,P2006,25,0,79.3,0,No,
O54159,P2273,25,10,88.54,0,No,
O54160,P2169,40,10,57.04,0,No,
O54161,P2017,40,20,93.64,10,No,
O54162,P2123,40,0,94.17,0,No,
O54163,P2267,40,0,120.99,0,No,
O54164,P2239,40,20,95.98,0,No,
O54165,P2112,25,0,102.34,0,Yes,Rude Behavior
O54166,P2114,30,0,94.27,10,No,
O54167,P2155,25,10,44.82,0,No,
O54168,P2265,40,0,135.91,0,No,
O54169,P2226,40,0,88.81,0,No,
O54170,P2144,35,10,140.75,0,Yes,Rude Behavior
O54171,P2244,25,10,76.28,0,No,
O54172,P2257,40,50,99.62,0,No,
O54173,P2003,40,0,91.95,0,Yes,Late Delivery
O54174,P2102,30,50,98.85,0,No,
O54175,P2023,40,50,105.87,0,No,
O54176,P2227,25,10,131.61,0,No,
O54177,P2266,35,20,81.39,10,No,
O54178,P2088,35,20,96.83,10,No,
O54179,P2069,25,20,57.93,0,No,
O54180,P2086,30,10,25.369999999999997,20,No,
O54181,P2170,35,20,99.01,0,No,
O54182,P2250,35,0,70.13,0,No,
O54183,P2218,25,0,49.63,0,No,
O54184,P2123,40,10,112.51,0,Yes,Wrong Order
O54185,P2272,25,10,43.12,20,No,
O54186,P2117,35,50,109.12,10,No,
O54187,P2023,30,0,28.54,10,Yes,Late Delivery
O54188,P2103,40,0,94.13,0,No,
O54189,P2230,40,10,122.83,0,No,
O54190,P2080,25,10,102.13,0,No,
O54191,P2260,40,0,52.82,10,No,
O54192,P2129,30,10,59.25,10,No,
O54193,P2211,30,20,77.39,10,No,
O54194,P2048,40,0,61.5,10,No,
O54195,P2299,35,0,32.97,10,No,
O54196,P2046,40,0,82.54,10,No,
O54197,P2158,40,10,66.16,10,No,
O54198,P2296,30,0,32.77,10,Yes,No Show
O54199,P2292,25,0,39.51,0,No,
O54200,P2154,30,10,112.91,10,No,
O54201,P2213,40,0,98.73,0,No,
O54202,P2256,40,0,110.52,0,No,
O54203,P2125,40,20,134.19,20,No,
O54204,P2245,25,50,113.00999999999999,20,Yes,Wrong Order
O54205,P2054,40,20,107.32,0,No,
O54206,P2280,40,0,93.28,10,No,
O54207,P2095,25,50,139.06,10,Yes,Rude Behavior
O54208,P2096,25,50,142.53,10,No,
O54209,P2244,40,50,99.49,0,No,
O54210,P2191,25,0,34.09,10,No,
O54211,P2024,30,0,60.75,0,No,
O54212,P2113,35,10,86.63,0,No,
O54213,P2067,40,0,97.72,10,No,
O54214,P2246,25,10,135.11,10,No,
O54215,P2139,35,0,47.61,0,Yes,Late Delivery
O54216,P2259,25,10,66.56,10,No,
O54217,P2070,25,20,145.48,0,No,
O54218,P2232,30,0,44.49,0,No,
O54219,P2007,40,50,109.17,0,No,
O54220,P2029,30,50,133.62,0,Yes,Rude Behavior
O54221,P2140,30,0,34.57,10,Yes,Late Delivery
O54222,P2019,30,0,84.91,20,No,
O54223,P2120,25,20,95.66,10,Yes,Wrong Order
O54224,P2229,40,10,145.9,0,Yes,Rude Behavior
O54225,P2274,30,0,114.9,0,No,
O54226,P2168,30,20,132.2,10,No,
O54227,P2160,40,10,82.55,0,No,
O54228,P2173,30,0,118.49,0,No,
O54229,P2019,25,50,134.61,0,Yes,Rude Behavior
O54230,P2188,35,20,100.7,0,No,
O54231,P2093,30,0,67.76,0,No,
O54232,P2179,35,10,58.89,10,No,
O54233,P2107,35,0,47.14,0,Yes,Late Delivery
O54234,P2159,30,50,159.93,0,No,
O54235,P2035,25,0,68.18,0,No,
O54236,P2087,40,20,132.9,0,No,
O54237,P2046,25,20,84.99,0,No,
O54238,P2235,35,0,49.06,0,No,
O54239,P2076,25,20,82.21,0,No,
O54240,P2028,25,20,82.6,10,No,
O54241,P2187,25,0,87.54,20,No,
O54242,P2039,35,10,91.48,10,No,
O54243,P2188,30,20,75.57,0,No,
O54244,P2242,35,10,123.48,0,No,
O54245,P2187,35,10,109.03,0,Yes,No Show
O54246,P2134,40,0,95.03,0,No,
O54247,P2233,35,0,95.16,0,No,
O54248,P2085,25,0,84.99,0,No,
O54249,P2111,40,20,69.98,0,No,
O54250,P2171,35,10,99.45,0,No,
O54251,P2205,35,0,70.72,0,No,
O54252,P2106,40,0,74.64,0,No,
O54253,P2243,30,20,109.54,0,No,
O54254,P2194,30,0,51.77,0,Yes,Late Delivery
O54255,P2098,30,20,74.05,0,No,
O54256,P2033,40,50,114.71,10,Yes,Late Delivery
O54257,P2077,30,0,108.45,0,No,
O54258,P2204,40,0,98.31,0,No,
O54259,P2210,35,50,87.19,20,No,
O54260,P2199,25,10,44.68,0,No,
O54261,P2248,35,0,102.7,20,No,
O54262,P2262,30,10,109.98,10,Yes,Rude Behavior
O54263,P2037,30,0,58.31,0,No,
O54264,P2041,35,10,58.37,0,No,
O54265,P2033,35,10,122.69,10,Yes,Wrong Order
O54266,P2135,25,0,50.35,10,No,
O54267,P2069,35,0,114.23,0,No,
O54268,P2017,30,10,90.02,0,No,
O54269,P2075,25,0,109.41,0,No,
O54270,P2069,30,10,51.58,0,No,
O54271,P2161,25,10,85.31,0,No,
O54272,P2179,40,10,132.78,0,Yes,No Show
O54273,P2068,40,20,109.21,0,No,
O54274,P2089,25,10,66.15,0,No,
O54275,P2240,30,20,78.34,0,Yes,Rude Behavior
O54276,P2042,25,20,86.0,0,No,
O54277,P2237,25,10,58.34,0,Yes,Late Delivery
O54278,P2153,30,0,41.43,0,No,
O54279,P2267,25,10,121.74,0,Yes,Rude Behavior
O54280,P2206,30,10,38.52,10,No,
O54281,P2139,25,50,81.55,10,No,
O54282,P2075,25,10,64.14,20,Yes,
O54283,P2086,35,10,121.42,0,No,
O54284,P2055,25,20,136.85,0,No,
O54285,P2009,40,0,27.22,20,No,
O54286,P2045,40,0,53.68,0,Yes,Late Delivery
O54287,P2220,25,10,,0,No,
O54288,P2277,25,0,78.24,0,Yes,Wrong Order
O54289,P2070,40,10,102.0,0,No,
O54290,P2194,25,20,84.54,20,No,
O54291,P2116,30,0,73.32,20,No,
O54292,P2202,25,20,54.44,0,No,
O54293,P2132,40,10,90.97,20,No,
O54294,P2100,40,0,76.78,0,No,
O54295,P2120,35,20,142.14,0,No,
O54296,P2251,30,0,38.73,0,No,
O54297,P2206,40,50,133.88,0,No,
O54298,P2090,40,0,85.15,0,No,
O54299,P2107,35,10,76.45,0,No,
O54300,P2103,30,0,127.99,0,No,
O54301,P2044,35,20,73.03,0,No,
O54302,P2150,30,10,70.9,0,Yes,Rude Behavior
O54303,P2093,35,0,72.87,0,No,
O54304,P2136,35,50,147.73,0,No,
O54305,P2206,25,10,87.82,0,No,
O54306,P2010,30,20,130.27,20,No,
O54307,P2110,30,20,119.88,0,No,
O54308,P2254,25,10,79.15,0,No,
O54309,P2020,30,10,93.89,0,No,
O54310,P2143,40,10,133.03,0,No,
O54311,P2284,30,0,44.92,0,Yes,Rude Behavior
O54312,P2158,30,20,84.84,0,No,
O54313,P2221,25,20,121.72,0,No,
O54314,P2087,25,0,54.74,0,Yes,Rude Behavior
O54315,P2097,30,50,132.96,0,No,
O54316,P2044,35,10,88.86,0,No,
O54317,P2042,25,0,88.44,0,No,
O54318,P2195,35,20,63.14,0,No,
O54319,P2082,40,20,116.04,0,Yes,Late Delivery
O54320,P2110,40,10,117.49,0,No,
O54321,P2235,30,10,81.25,0,No,
O54322,P2236,30,0,76.62,0,Yes,Rude Behavior
O54323,P2241,40,50,94.36,10,No,
O54324,P2245,35,10,93.57,0,No,
O54325,P2112,35,10,113.43,0,No,
O54326,P2104,30,10,98.09,0,No,
O54327,P2252,30,0,51.4,0,No,
O54328,P2207,30,10,86.21,0,No,
O54329,P2267,30,10,69.72,0,No,
O54330,P2298,35,0,66.48,0,No,
O54331,P2031,35,0,101.87,0,No,
O54332,P2262,40,0,116.49,0,No,
O54333,P2029,40,10,73.32,0,No,
O54334,P2060,thirty,0,62.34,0,No,
O54335,P2206,30,0,70.6,10,No,
O54336,P2279,25,20,96.04,10,No,
O54337,P2280,35,0,33.04,10,Yes,Late Delivery
O54338,P2058,40,0,81.97,0,No,
O54339,P2130,25,0,124.14,0,No,
O54340,P2206,35,0,25.240000000000002,20,No,
O54341,P2217,25,10,71.79,0,No,
O54342,P2105,30,0,100.85,10,No,
O54343,P2296,30,10,37.17,10,No,
O54344,P2097,25,10,82.37,0,No,
O54345,P2187,30,0,57.86,0,No,
O54346,P2075,40,0,104.32,0,No,
O54347,P2229,40,0,46.82,0,No,
O54348,P2014,40,10,46.31999999999999,20,No,
O54349,P2183,25,10,63.769999999999996,10,No,
O54350,P2239,25,50,118.99,0,No,
O54351,P2233,40,20,139.83,0,No,
O54352,P2252,25,0,51.07,10,No,
O54353,P2174,35,0,42.67,0,No,
O54354,P2246,35,0,82.94,0,Yes,No Show
O54355,P2058,35,0,44.04,10,No,
O54356,P2211,35,0,25.08,20,No,
O54357,P2208,30,0,46.64,0,No,
O54358,P2243,25,0,37.39,10,Yes,Rude Behavior
O54359,P2253,40,0,128.86,0,No,
O54360,P2271,35,0,95.03,0,No,
O54361,P2159,40,10,140.64,0,No,
O54362,P2287,30,10,99.21,0,Yes,Late Delivery
O54363,P2257,35,0,75.03,10,No,
O54364,P2042,25,20,88.16,0,No,
O54365,P2275,30,50,112.13,0,No,
O54366,P2066,35,10,93.53,0,No,
O54367,P2278,30,0,75.37,0,Yes,Late Delivery
O54368,P2044,35,0,66.06,0,No,
O54369,P2167,30,20,115.3,0,No,
O54370,P2135,40,50,127.16,0,No,
O54371,P2268,30,0,87.83,20,No,
O54372,P2176,25,0,18.009999999999998,20,No,
O54373,P2168,40,0,47.19,0,No,
O54374,P2277,40,10,46.98,10,No,
O54375,P2128,25,0,75.31,20,No,
O54376,P2010,35,0,55.85,0,No,
O54377,P2209,25,10,113.11000000000001,20,No,
O54378,P2178,30,0,90.16,0,No,
O54379,P2179,35,20,112.49,10,No,
O54380,P2137,40,20,92.86,0,No,
O54381,P2059,40,20,130.24,0,No,
O54382,P2014,25,10,85.46,0,No,
O54383,P2210,40,10,100.34,20,Yes,Wrong Order
O54384,P2183,30,0,36.76,0,No,
O54385,P2275,35,0,53.66,0,No,
O54386,P2159,35,0,49.61,0,No,
O54387,P2252,25,10,102.78,0,No,
O54388,P2057,25,10,91.34,0,No,
O54389,P2086,35,0,50.01,0,No,
O54390,P2057,35,20,100.62,0,No,
O54391,P2045,35,20,104.39,0,No,
O54392,P2082,30,0,93.01,0,No,
O54393,P2289,35,10,57.79,0,No,
O54394,P2039,30,10,42.91,10,Yes,Late Delivery
O54395,P2271,25,0,50.01,0,No,
O54396,P2160,25,0,31.78,10,No,
O54397,P2161,30,10,78.32,0,No,
O54398,P2077,40,10,131.63,0,Yes,Late Delivery
O54399,P2053,25,10,81.66,0,No,
O54400,P2016,30,20,131.73,10,No,
O54401,P2037,25,20,70.51,0,No,
O54402,P2028,25,0,84.69,10,No,
O54403,P2004,25,0,112.01,10,No,
O54404,P2242,25,0,133.9,0,Yes,Late Delivery
O54405,P2191,40,10,109.95,0,No,
O54406,P2042,40,0,44.54,10,Yes,Rude Behavior
O54407,P2086,35,10,93.88,0,No,
O54408,P2039,30,0,46.709999999999994,20,No,
O54409,P2265,30,20,87.66,0,Yes,No Show
O54410,P2178,25,10,66.44,0,No,
O54411,P2038,35,20,75.93,0,No,
O54412,P2214,40,0,66.98,20,Yes,Late Delivery
O54413,P2129,35,50,112.66,0,No,
O54414,P2054,40,0,71.81,10,No,
O54415,P2144,30,0,115.06,0,No,
O54416,P2248,25,10,90.52,0,No,
O54417,P2099,40,50,155.58,10,No,
O54418,P2229,35,10,60.97,0,No,
O54419,P2281,25,20,54.53,0,No,
O54420,P2019,35,20,43.55,20,No,
O54421,P2127,40,10,63.19,0,No,
O54422,P2266,35,0,110.68,0,No,
O54423,P2200,40,0,93.03,0,No,
O54424,P2106,25,10,57.33,20,No,
O54425,P2158,40,0,118.55000000000001,10,No,
O54426,P2257,40,0,84.53,20,No,
O54427,P2006,40,0,119.44,10,No,
O54428,P2223,35,0,120.8,0,Yes,Late Delivery
O54429,P2165,35,10,65.65,0,No,
O54430,P2004,25,0,48.17,20,No,
O54431,P2119,35,0,93.28,0,No,
O54432,P2058,25,0,57.54,0,No,
O54433,P2222,40,0,50.8,20,No,
O54434,P2085,35,20,100.17,20,No,
O54435,P2263,40,20,85.28,0,No,
O54436,P2277,40,10,52.97,10,No,
O54437,P2055,35,10,126.45,0,No,
O54438,P2050,40,0,75.7,0,Yes,Late Delivery
O54439,P2160,40,20,104.9,0,Yes,Rude Behavior
O54440,P2168,30,20,88.35,0,No,
O54441,P2292,35,0,27.090000000000003,20,No,
O54442,P2273,35,10,108.85,0,No,
O54443,P2032,25,10,103.59,0,No,
O54444,P2150,25,0,45.459999999999994,20,No,
O54445,P2082,35,10,56.31,10,Yes,Late Delivery
O54446,P2195,25,10,90.52,0,No,
O54447,P2026,35,0,70.22,0,Yes,Rude Behavior
O54448,P2077,40,10,88.9,0,No,
O54449,P2095,30,10,55.05,0,No,
O54450,P2267,25,50,88.85,0,No,
O54451,P2061,25,0,50.6,0,No,
O54452,P2169,40,10,38.26,20,No,
O54453,P2173,25,10,149.16,0,No,
O54454,P2267,40,0,47.56,0,No,
O54455,P2227,40,20,126.12,0,No,
O54456,P2223,30,0,45.89,20,No,
O54457,P2049,35,0,122.03,10,No,
O54458,P2212,40,50,110.24,0,No,
O54459,P2033,30,20,63.93,0,No,
O54460,P2174,25,20,116.69,0,No,
O54461,P2261,40,20,138.07,0,No,
O54462,P2290,25,10,113.15,0,No,
O54463,P2202,25,0,41.42,0,No,
O54464,P2247,35,0,84.17,20,No,
O54465,P2224,25,10,58.59,0,No,
O54466,P2081,35,0,32.74,20,Yes,Late Delivery
O54467,P2077,35,50,90.75,0,No,
O54468,P2185,25,10,79.69,0,No,
O54469,P2012,35,50,123.6,0,No,
O54470,P2273,25,20,92.62,0,No,
O54471,P2178,40,0,116.13,0,No,
O54472,P2114,25,0,93.75,0,Yes,Late Delivery
O54473,P2204,40,0,52.78,10,Yes,No Show
O54474,P2254,40,20,104.24,10,Yes,Rude Behavior
O54475,P2199,40,20,93.38,20,No,
O54476,P2197,40,10,87.89,0,No,
O54477,P2066,40,10,94.02,0,No,
O54478,P2253,30,10,24.89,20,Yes,Late Delivery
O54479,P2224,30,0,77.2,0,No,
O54480,P2148,30,20,122.67,0,No,
O54481,P2286,30,20,99.28,0,No,
O54482,P2294,25,0,67.96,0,Yes,Late Delivery
O54483,P2285,30,10,27.03,20,No,
O54484,P2176,25,10,140.73,0,Yes,Late Delivery
O54485,P2160,30,10,39.36,10,No,
O54486,P2106,30,0,129.02,0,No,
O54487,P2285,25,10,91.74,0,Yes,Rude Behavior
O54488,P2192,35,10,65.24,0,Yes,No Show
O54489,P2037,25,0,46.88,0,No,
O54490,P2076,40,20,130.62,10,Yes,Late Delivery
O54491,P2110,25,0,33.92,0,No,
O54492,P2229,25,0,59.459999999999994,10,No,
O54493,P2133,25,10,49.58,0,No,
O54494,P2102,40,0,72.73,0,No,
O54495,P2292,35,0,48.06,0,No,
O54496,P2161,40,0,69.63,0,No,
O54497,P2137,30,20,58.26,0,Yes,Late Delivery
O54498,P2155,35,10,70.52,0,Yes,Late Delivery
O54499,P2240,25,0,15.5,20,No,
O54500,P2121,40,0,123.56,0,No,
O54501,P2185,35,10,,0,No,
O54502,P2074,40,0,87.15,0,No,
O54503,P2177,30,20,88.94,20,No,
O54504,P2156,40,0,59.38,0,No,
O54505,P2223,35,10,85.47,0,No,
O54506,P2063,35,0,43.19,0,No,
O54507,P2241,35,20,71.0,0,No,
O54508,P2265,30,0,66.17,10,No,
O54509,P2255,25,50,137.5,0,No,
O54510,P2191,40,10,92.21,0,Yes,Rude Behavior
O54511,P2253,30,0,44.400000000000006,20,No,
O54512,P2056,25,10,85.02,20,No,
O54513,P2175,30,0,80.46,0,No,
O54514,P2297,25,0,55.129999999999995,20,No,
O54515,P2298,30,0,72.55,0,No,
O54516,P2037,25,50,100.69,0,No,
O54517,P2238,35,50,179.54,0,No,
O54518,P2207,25,20,39.33,10,No,
O54519,P2221,40,20,74.0,0,No,
O54520,P2115,30,0,38.34,10,No,
O54521,P2003,25,0,24.14,20,No,
O54522,P2107,40,0,113.46,0,No,
O54523,P2195,35,0,82.35,20,No,
O54524,P2286,30,10,83.55,0,No,
O54525,P2069,25,0,16.61,20,Yes,Late Delivery
O54526,P2293,25,50,89.07,20,No,
O54527,P2214,30,10,30.990000000000002,20,Yes,Late Delivery
O54528,P2034,40,0,112.48,10,Yes,Late Delivery
O54529,P2267,35,50,137.91,0,No,
O54530,P2058,35,10,111.25,10,No,
O54531,P2245,30,20,64.93,20,No,
O54532,P2208,35,10,67.0,0,No,
O54533,P2120,30,0,46.42,0,No,
O54534,P2195,30,10,97.49,0,No,
O54535,P2039,30,20,66.74,0,Yes,
O54536,P2100,40,20,79.34,0,No,
O54537,P2014,30,50,116.36,0,No,
O54538,P2282,40,0,130.8,0,No,
O54539,P2192,25,20,119.7,0,No,
O54540,P2088,25,0,97.11,10,No,
O54541,P2280,40,0,49.62,10,No,
O54542,P2064,35,50,105.23,0,No,
O54543,P2024,25,20,44.0,20,No,
O54544,P2134,25,0,96.78,0,No,
O54545,P2099,40,10,134.75,10,No,
O54546,P2055,40,0,101.38,10,No,
O54547,P2219,30,0,68.73,0,No,
O54548,P2076,30,0,62.25,20,Yes,Rude Behavior
O54549,P2061,30,20,91.32,0,No,
O54550,P2235,30,50,164.3,0,No,
O54551,P2098,40,20,73.95,0,No,
O54552,P2270,40,20,165.56,10,No,
O54553,P2155,40,10,120.56,10,Yes,Late Delivery
O54554,P2175,25,0,34.66,20,No,
O54555,P2255,30,20,88.36,0,No,
O54556,P2155,40,50,143.98,0,No,
O54557,P2229,30,20,134.73,10,No,
O54558,P2287,40,50,158.29,0,No,
O54559,P2267,30,0,64.54,0,No,
O54560,P2179,40,0,72.15,0,No,
O54561,P2125,40,0,47.08,10,No,
O54562,P2055,35,20,160.19,0,No,
O54563,P2289,35,20,118.45,0,Yes,Wrong Order
O54564,P2045,30,0,51.47,10,No,
O54565,P2124,40,0,59.2,20,No,
O54566,P2178,40,0,51.3,10,No,
O54567,P2231,30,20,89.3,0,No,
O54568,P2181,40,20,111.77,0,Yes,No Show
O54569,P2013,35,20,88.81,0,No,
O54570,P2158,30,10,72.54,0,Yes,Late Delivery
O54571,P2184,40,10,64.4,0,No,
O54572,P2234,30,10,51.55,20,No,
O54573,P2226,30,0,20.68,20,No,
O54574,P2220,35,0,117.96,0,No,
O54575,P2061,40,0,88.38,0,No,
O54576,P2037,30,10,35.3,10,No,
O54577,P2108,30,20,62.39,10,No,
O54578,P2070,25,10,78.86,10,No,
O54579,P2016,35,10,61.08,0,No,
O54580,P2287,35,0,54.09,0,No,
O54581,P2074,25,0,45.18,0,No,
O54582,P2000,40,0,39.36,10,No,
O54583,P2066,40,0,62.989999999999995,10,No,
O54584,P2207,30,0,22.869999999999997,20,No,
O54585,P2053,40,0,72.79,0,Yes,Wrong Order
O54586,P2290,30,10,104.4,0,No,
O54587,P2121,25,0,84.04,0,Yes,Wrong Order
O54588,P2098,30,50,166.46,0,No,
O54589,P2252,40,50,143.61,10,Yes,Late Delivery
O54590,P2286,35,20,84.99,0,No,
O54591,P2183,30,0,130.8,0,No,
O54592,P2165,40,20,87.68,0,Yes,Wrong Order
O54593,P2149,25,0,64.83,0,No,
O54594,P2074,35,0,113.51,0,No,
O54595,P2161,25,10,95.79,10,No,
O54596,P2278,35,0,122.52,0,Yes,Wrong Order
O54597,P2133,30,50,93.18,0,No,
O54598,P2131,25,0,44.19,0,No,
O54599,P2068,40,10,108.77,10,No,
O54600,P2005,40,20,118.44,0,No,
O54601,P2222,30,20,48.28,10,No,
O54602,P2011,35,0,61.84,0,Yes,Rude Behavior
O54603,P2017,35,0,38.69,20,Yes,Late Delivery
O54604,P2091,40,0,74.01,0,No,
O54605,P2218,25,50,104.43,0,Yes,No Show
O54606,P2287,30,10,90.79,0,No,
O54607,P2188,25,50,130.62,0,No,
O54608,P2141,25,0,97.26,0,No,
O54609,P2282,30,0,43.04,0,No,
O54610,P2091,25,0,96.38,0,No,
O54611,P2144,35,20,141.86,0,No,
O54612,P2077,40,50,104.76,10,No,
O54613,P2034,30,10,100.05,0,No,
O54614,P2197,35,0,111.59,20,No,
O54615,P2155,40,0,97.7,0,No,
O54616,P2282,35,50,89.34,10,No,
O54617,P2148,25,10,101.62,0,No,
O54618,P2114,40,20,91.81,0,Yes,Late Delivery
O54619,P2105,40,20,153.32,10,No,
O54620,P2204,35,0,35.31,10,No,
O54621,P2268,30,20,43.0,20,Yes,Late Delivery
O54622,P2275,35,10,75.6,0,No,
O54623,P2085,40,10,57.739999999999995,20,No,
O54624,P2142,40,0,71.11,20,No,
O54625,P2044,30,0,73.62,0,Yes,Late Delivery
O54626,P2137,40,10,65.31,0,Yes,Rude Behavior
O54627,P2084,30,20,37.93,20,No,
O54628,P2141,25,20,76.77,10,No,
O54629,P2284,25,0,63.86,0,No,
O54630,P2073,40,10,118.31,0,No,
O54631,P2006,35,0,100.95,0,Yes,Wrong Order
O54632,P2283,25,10,120.48,0,No,
O54633,P2276,30,50,106.06,10,No,
O54634,P2077,25,20,,20,No,
O54635,P2293,35,0,64.31,20,Yes,No Show
O54636,P2263,thirty,20,66.13,10,No,
O54637,P2294,35,50,101.11,20,No,
O54638,P2006,35,10,59.19,10,Yes,Late Delivery
O54639,P2185,30,10,92.73,0,No,
O54640,P2126,30,0,57.269999999999996,10,No,
O54641,P2193,25,0,44.87,0,No,
O54642,P2236,35,10,57.3,10,Yes,Rude Behavior
O54643,P2132,30,0,73.66,20,No,
O54644,P2205,25,20,93.01,0,No,
O54645,P2072,40,10,110.08000000000001,20,No,
O54646,P2184,25,0,111.19,10,No,
O54647,P2252,35,50,137.73,0,No,
O54648,P2103,30,0,132.07,10,Yes,Rude Behavior
O54649,P2235,35,20,154.97,0,No,
O54650,P2130,35,0,57.93,0,Yes,Rude Behavior
O54651,P2299,30,10,125.19,0,No,
O54652,P2277,35,10,39.67,10,No,
O54653,P2208,35,50,111.76,10,No,
O54654,P2231,40,0,121.04,0,No,
O54655,P2055,35,10,63.61,0,No,
O54656,P2022,35,10,83.52,0,No,
O54657,P2151,40,20,100.96,0,No,
O54658,P2278,35,10,111.8,0,No,
O54659,P2017,25,0,97.45,20,No,
O54660,P2235,40,0,73.5,0,No,
O54661,P2131,25,10,77.93,20,No,
O54662,P2008,40,0,57.6,0,Yes,Rude Behavior
O54663,P2090,40,10,80.08,20,No,
O54664,P2100,25,20,59.43,0,No,
O54665,P2127,30,50,116.58,0,No,
O54666,P2063,thirty,10,81.64,0,No,
O54667,P2156,35,10,69.01,0,No,
O54668,P2172,30,0,39.31,0,No,
O54669,P2050,35,10,78.94,20,No,
O54670,P2137,25,50,74.18,10,No,
O54671,P2268,40,20,104.34,0,No,
O54672,P2173,35,0,102.83,0,No,
O54673,P2095,40,20,101.26,0,No,
O54674,P2263,30,20,67.14,0,Yes,Rude Behavior
O54675,P2058,25,0,76.04,10,No,
O54676,P2121,30,10,55.269999999999996,10,No,
O54677,P2134,25,0,78.7,0,No,
O54678,P2257,35,0,31.619999999999997,10,No,
O54679,P2172,35,20,52.54,10,Yes,Late Delivery
O54680,P2089,35,20,107.48,0,No,
O54681,P2244,25,0,107.42,10,No,
O54682,P2033,35,0,45.55,10,No,
O54683,P2121,30,0,94.06,0,No,
O54684,P2086,35,50,182.28,0,No,
O54685,P2142,25,20,115.8,0,No,
O54686,P2068,40,20,79.97,20,Yes,Late Delivery
O54687,P2273,35,0,68.29,10,No,
O54688,P2114,40,0,68.77,0,No,
O54689,P2028,35,20,98.7,0,No,
O54690,P2112,40,0,70.31,0,No,
O54691,P2170,25,0,140.11,0,No,
O54692,P2153,30,0,69.09,0,No,
O54693,P2189,35,10,99.75,0,No,
O54694,P2264,40,20,117.78,20,No,
O54695,P2042,30,10,93.79,0,No,
O54696,P2286,25,10,108.82,0,No,
O54697,P2224,35,20,106.0,0,No,
O54698,P2228,25,10,71.69,0,No,
O54699,P2199,40,20,80.02,0,No,
O54700,P2215,25,50,163.45,0,No,
O54701,P2274,25,0,95.91,0,No,
O54702,P2263,25,0,72.31,0,No,
O54703,P2101,35,10,70.7,0,Yes,
O54704,P2218,25,20,53.28,0,No,
O54705,P2282,35,50,115.9,0,Yes,Wrong Order
O54706,P2198,40,0,93.46,0,Yes,Rude Behavior
O54707,P2147,40,0,51.87,0,No,
O54708,P2216,30,0,84.54,0,No,
O54709,P2044,30,0,74.58,10,No,
O54710,P2011,30,50,137.82,10,No,
O54711,P2132,35,0,75.8,0,No,
O54712,P2165,35,10,73.74,0,No,
O54713,P2127,35,20,95.14,0,No,
O54714,P2207,25,0,81.83,0,No,
O54715,P2228,40,0,76.57,0,No,
O54716,P2014,40,20,91.15,0,No,
O54717,P2104,30,20,106.09,0,No,
O54718,P2119,25,10,63.19,0,No,
O54719,P2060,30,20,94.52,10,Yes,Rude Behavior
O54720,P2011,30,20,110.66,0,No,
O54721,P2038,35,20,71.91,0,Yes,Late Delivery
O54722,P2232,35,20,155.57,0,No,
O54723,P2240,40,50,110.45,10,No,
O54724,P2030,35,10,52.48,0,No,
O54725,P2088,25,20,73.7,0,No,
O54726,P2080,25,0,75.47,0,No,
O54727,P2054,30,10,96.4,0,No,
O54728,P2277,40,10,111.8,0,No,
O54729,P2050,30,0,69.98,20,No,
O54730,P2290,40,20,124.58,0,No,
O54731,P2064,40,0,86.58,0,No,
O54732,P2209,30,10,47.13,10,No,
O54733,P2144,40,0,104.39,0,Yes,No Show
O54734,P2034,25,20,68.87,0,No,
O54735,P2117,40,0,104.52,0,No,
O54736,P2120,35,50,130.63,0,Yes,Late Delivery
O54737,P2267,35,0,114.94999999999999,20,No,
O54738,P2233,30,20,103.38,0,No,
O54739,P2035,thirty,10,89.7,0,Yes,Wrong Order
O54740,P2028,35,0,139.94,0,No,
O54741,P2146,35,10,57.92,0,Yes,No Show
O54742,P2246,35,0,60.45,10,No,
O54743,P2207,30,0,78.22,10,No,
O54744,P2140,35,0,54.22,0,No,
O54745,P2179,35,20,73.94,0,No,
O54746,P2173,30,0,64.99,20,Yes,Late Delivery
O54747,P2136,30,10,60.69,0,Yes,Wrong Order
O54748,P2002,35,0,57.7,0,No,
O54749,P2052,35,20,58.18000000000001,20,No,
O54750,P2199,35,0,81.36,0,Yes,Late Delivery
O54751,P2236,35,20,96.11,0,No,
O54752,P2241,40,10,70.35,10,No,
O54753,P2011,40,0,97.69,0,No,
O54754,P2263,40,20,136.08,0,Yes,Wrong Order
O54755,P2179,35,0,91.33,0,No,
O54756,P2030,35,0,131.33,0,Yes,Wrong Order
O54757,P2142,35,0,71.5,0,No,
O54758,P2168,35,0,62.24,0,No,
O54759,P2151,35,20,79.98,10,No,
O54760,P2122,35,20,92.57,0,No,
O54761,P2047,35,0,74.2,10,No,
O54762,P2208,40,10,74.79,0,No,
O54763,P2197,25,10,87.74,0,No,
O54764,P2110,35,0,130.77,0,No,
O54765,P2165,30,20,58.94,0,No,
O54766,P2036,30,0,27.439999999999998,20,No,
O54767,P2220,35,10,72.33,0,No,
O54768,P2168,30,0,135.46,0,No,
O54769,P2190,40,0,111.26,0,No,
O54770,P2104,25,10,77.18,0,No,
O54771,P2043,35,0,49.43,0,No,
O54772,P2207,30,0,44.99,0,No,
O54773,P2277,25,0,54.08,10,Yes,Late Delivery
O54774,P2015,25,20,121.43,20,No,
O54775,P2145,40,0,53.69,0,No,
O54776,P2104,35,10,70.4,10,No,
O54777,P2211,25,0,73.96,0,No,
O54778,P2213,25,50,118.64,0,No,
O54779,P2150,25,20,59.97,20,Yes,Rude Behavior
O54780,P2039,30,0,43.66,0,No,
O54781,P2279,25,0,55.81999999999999,10,No,
O54782,P2256,30,0,120.09,0,No,
O54783,P2018,25,20,128.98,0,No,
O54784,P2190,25,0,61.67,0,No,
O54785,P2274,30,20,85.13,10,No,
O54786,P2071,25,10,120.73,0,No,
O54787,P2047,35,0,32.05,20,No,
O54788,P2249,25,10,85.81,0,No,
O54789,P2194,40,0,61.43,0,Yes,Late Delivery
O54790,P2072,30,0,59.47,20,Yes,Wrong Order
O54791,P2129,35,0,49.02,10,Yes,Late Delivery
O54792,P2215,40,0,123.66,10,No,
O54793,P2023,40,10,117.94,10,No,
O54794,P2173,35,0,127.86,0,No,
O54795,P2165,35,10,82.37,0,No,
O54796,P2051,25,20,110.26,0,No,
O54797,P2286,25,20,76.57,0,No,
O54798,P2270,25,0,38.91,0,No,
O54799,P2013,35,0,41.87,20,No,
O54800,P2236,30,50,153.78,0,No,
O54801,P2192,40,0,73.65,10,No,
O54802,P2274,35,0,103.26,0,Yes,Late Delivery
O54803,P2036,35,20,77.37,10,No,
O54804,P2099,30,0,86.76,0,Yes,Rude Behavior
O54805,P2235,25,10,74.66,10,No,
O54806,P2296,40,0,130.31,0,No,
O54807,P2290,35,20,119.52,0,No,
O54808,P2212,35,10,123.18,0,No,
O54809,P2092,25,50,176.44,0,No,
O54810,P2087,25,0,58.62,0,No,
O54811,P2111,30,50,146.71,0,No,
O54812,P2032,35,50,130.16,0,No,
O54813,P2028,35,20,132.79,0,No,
O54814,P2216,35,10,111.42,10,Yes,Rude Behavior
O54815,P2243,35,10,138.78,0,Yes,Late Delivery
O54816,P2012,40,50,90.88,20,No,
O54817,P2075,30,20,119.58,0,Yes,Rude Behavior
O54818,P2132,35,0,69.69,0,No,
O54819,P2254,30,50,136.67,10,No,
O54820,P2164,40,10,77.57,10,Yes,Late Delivery
O54821,P2068,25,0,102.57,0,No,
O54822,P2094,40,0,86.98,20,No,
O54823,P2077,25,10,96.19,0,No,
O54824,P2148,25,10,64.12,10,No,
O54825,P2131,30,10,51.54,0,No,
O54826,P2015,35,0,126.65,10,No,
O54827,P2129,30,0,77.06,0,Yes,Late Delivery
O54828,P2111,25,50,81.96,20,No,
O54829,P2159,25,0,13.240000000000002,20,Yes,Wrong Order
O54830,P2083,25,20,46.76,10,No,
O54831,P2184,25,50,105.4,0,No,
O54832,P2122,25,20,84.17,10,No,
O54833,P2018,35,10,75.77,10,Yes,Late Delivery
O54834,P2128,35,0,59.849999999999994,10,No,
O54835,P2041,35,10,60.09,0,No,
O54836,P2025,40,50,159.95,0,No,
O54837,P2098,30,20,125.13,0,Yes,
O54838,P2258,25,0,70.01,20,No,
O54839,P2044,30,10,127.69,0,Yes,Late Delivery
O54840,P2167,30,0,78.72,10,Yes,No Show
O54841,P2079,30,10,46.43,0,No,
O54842,P2235,35,20,97.8,0,No,
O54843,P2242,25,0,109.55,10,No,
O54844,P2170,35,10,94.46,0,No,
O54845,P2151,30,50,144.28,0,No,
O54846,P2199,25,0,109.75,0,No,
O54847,P2291,30,0,97.94,0,Yes,Late Delivery
O54848,P2042,35,0,35.08,10,No,
O54849,P2299,35,0,92.45,0,No,
O54850,P2060,35,0,29.189999999999998,20,Yes,Rude Behavior
O54851,P2255,25,0,74.62,0,No,
O54852,P2079,40,0,109.58,10,No,
O54853,P2251,25,50,72.49,10,No,
O54854,P2206,35,0,63.22,20,No,
O54855,P2044,40,0,74.01,0,No,
O54856,P2196,35,0,127.46,0,Yes,Rude Behavior
O54857,P2117,30,10,54.9,0,No,
O54858,P2207,35,0,44.129999999999995,20,No,
O54859,P2114,35,0,54.9,0,No,
O54860,P2036,35,0,92.45,0,Yes,Wrong Order
O54861,P2079,25,0,71.75,0,No,
O54862,P2110,25,20,58.11,10,No,
O54863,P2205,40,0,75.02,10,Yes,Wrong Order
O54864,P2166,40,10,65.35,0,No,
O54865,P2233,40,0,148.17,0,No,
O54866,P2278,40,0,38.88,20,Yes,Rude Behavior
O54867,P2025,40,20,57.370000000000005,20,No,
O54868,P2233,35,0,123.21,0,No,
O54869,P2251,25,50,155.73,0,Yes,Late Delivery
O54870,P2102,40,50,138.06,0,No,
O54871,P2261,30,0,111.47,0,No,
O54872,P2231,40,0,69.4,0,No,
O54873,P2083,30,10,85.39,10,No,
O54874,P2255,30,0,81.54,0,No,
O54875,P2179,25,0,63.25,0,Yes,No Show
O54876,P2175,25,10,58.01,0,No,
O54877,P2123,35,0,43.93,0,Yes,Rude Behavior
O54878,P2120,35,10,61.45,0,No,
O54879,P2100,25,0,46.4,0,No,
O54880,P2025,35,10,93.55,0,No,
O54881,P2077,30,0,65.96,10,Yes,Late Delivery
O54882,P2242,25,0,84.99,0,No,
O54883,P2133,35,0,59.98,0,No,
O54884,P2174,25,0,70.56,10,No,
O54885,P2176,30,50,127.66,0,No,
O54886,P2084,30,10,47.43,0,No,
O54887,P2049,25,10,105.32,20,No,
O54888,P2292,40,10,158.7,0,No,
O54889,P2138,30,20,122.17,0,No,
O54890,P2005,35,10,115.34,0,Yes,Rude Behavior
O54891,P2226,35,20,93.02,0,No,
O54892,P2281,30,10,93.06,0,Yes,
O54893,P2111,35,20,118.81,0,No,
O54894,P2226,25,20,52.25,0,No,
O54895,P2142,30,10,75.93,0,No,
O54896,P2002,25,0,65.31,0,No,
O54897,P2278,40,10,143.03,0,No,
O54898,P2204,35,10,131.52,0,No,
O54899,P2054,35,10,56.629999999999995,10,No,
O54900,P2239,30,0,105.97,20,No,
O54901,P2153,40,0,102.89,0,No,
O54902,P2270,25,0,88.66,0,No,
O54903,P2104,30,10,48.65,10,No,
O54904,P2292,40,0,88.1,20,No,
O54905,P2084,35,50,103.85,0,No,
O54906,P2074,30,10,125.88,0,No,
O54907,P2098,30,0,96.56,0,No,
O54908,P2005,30,0,106.95,0,No,
O54909,P2075,30,0,54.13,0,No,
O54910,P2084,35,0,99.06,0,Yes,No Show
O54911,P2141,40,20,93.94,10,No,
O54912,P2092,25,10,59.07,0,No,
O54913,P2044,40,20,68.76,0,Yes,Wrong Order
O54914,P2225,35,10,90.78,0,No,
O54915,P2033,40,10,91.51,20,No,
O54916,P2285,25,10,71.73,0,No,
O54917,P2051,25,0,40.15,20,No,
O54918,P2217,25,10,86.33,0,No,
O54919,P2263,25,10,40.24,0,No,
O54920,P2210,25,0,89.95,0,No,
O54921,P2226,25,10,45.65,0,No,
O54922,P2007,30,20,111.32,0,No,
O54923,P2280,35,10,111.56,0,No,
O54924,P2238,25,50,115.17,0,No,
O54925,P2123,30,50,112.7,10,No,
O54926,P2113,30,0,131.11,0,No,
O54927,P2170,25,10,110.67,10,Yes,Late Delivery
O54928,P2114,40,0,49.37,10,No,
O54929,P2240,35,10,79.3,0,No,
O54930,P2124,35,10,164.03,0,No,
O54931,P2104,25,20,142.71,0,No,
O54932,P2277,30,50,160.33,0,No,
O54933,P2284,30,20,57.09,0,No,
O54934,P2036,30,10,109.64,0,No,
O54935,P2122,25,0,101.29,0,No,
O54936,P2244,40,10,112.2,0,No,
O54937,P2103,35,0,77.09,0,Yes,Wrong Order
O54938,P2113,25,50,89.6,0,No,
O54939,P2263,25,10,84.45,0,No,
O54940,P2051,40,50,125.78,0,No,
O54941,P2298,30,10,51.260000000000005,20,No,
O54942,P2061,40,50,85.79,10,No,
O54943,P2005,40,0,55.480000000000004,10,Yes,Late Delivery
O54944,P2074,40,20,91.1,10,No,
O54945,P2176,40,20,118.0,20,No,
O54946,P2138,40,10,105.63,10,No,
O54947,P2232,30,0,109.27000000000001,20,No,
O54948,P2223,35,50,150.7,0,No,
O54949,P2288,35,0,52.57,10,No,
O54950,P2288,30,20,93.71,0,No,
O54951,P2078,30,10,95.89,0,No,
O54952,P2274,35,0,51.93,0,No,
O54953,P2134,30,20,38.91,20,No,
O54954,P2064,40,0,45.68,0,No,
O54955,P2237,25,0,13.090000000000003,20,No,
O54956,P2073,30,0,92.94,0,No,
O54957,P2042,25,0,113.33,0,No,
O54958,P2262,40,10,133.2,20,No,
O54959,P2188,40,20,66.63,0,Yes,Wrong Order
O54960,P2074,40,20,98.21,0,No,
O54961,P2034,25,10,45.540000000000006,20,No,
O54962,P2081,35,20,80.21,0,No,
O54963,P2226,30,10,50.79,0,No,
O54964,P2249,35,0,72.32,0,No,
O54965,P2023,35,50,94.01,0,Yes,Late Delivery
O54966,P2175,40,0,68.09,0,No,
O54967,P2256,40,0,44.09,20,No,
O54968,P2031,40,0,114.64,10,No,
O54969,P2110,40,50,146.74,20,Yes,Rude Behavior
O54970,P2155,40,10,109.96,0,No,
O54971,P2222,35,10,89.45,20,Yes,Rude Behavior
O54972,P2290,30,50,165.15,0,No,
O54973,P2189,35,10,81.1,0,No,
O54974,P2285,35,0,68.79,0,No,
O54975,P2034,30,20,60.8,20,Yes,Wrong Order
O54976,P2298,35,10,42.8,10,No,
O54977,P2076,40,10,94.25,0,No,
O54978,P2087,35,10,127.99,0,No,
O54979,P2164,35,50,158.37,0,No,
O54980,P2184,40,0,70.81,0,No,
O54981,P2124,30,0,100.18,0,No,
O54982,P2248,40,20,157.13,0,No,
O54983,P2189,35,0,128.06,0,No,
O54984,P2129,30,0,37.9,10,No,
O54985,P2199,25,0,39.52,20,No,
O54986,P2002,40,10,138.35,0,No,
O54987,P2225,30,10,47.07,0,No,
O54988,P2191,30,10,99.81,0,No,
O54989,P2092,40,0,151.09,0,No,
O54990,P2192,25,0,41.58,0,No,
O54991,P2048,35,10,100.24,20,No,
O54992,P2184,25,10,51.02,0,Yes,Late Delivery
O54993,P2232,40,0,56.99,0,No,
O54994,P2131,30,0,39.78,0,No,
O54995,P2046,30,50,135.74,0,No,
O54996,P2002,35,0,37.38,10,No,
O54997,P2256,35,20,63.78,20,Yes,Late Delivery
O54998,P2205,25,10,21.82,20,No,
O54999,P2288,25,20,75.92,0,No,
